9c91f8093 a32: Import from Samsung's A325FXXSADXG1 kernel
7668d6297 Rename defconfig temporarily for applying commits
8f9d4e17f a32: Turn on MODULES_FORCE_LOAD and MODULES_FORCE_UNLOAD
63ec796f5 ARM64: configs: lineage_a32_defconfig: Disable Knox/Security related features
b2f1d798c a32: Remove defex_lsm
fc42879da a32: Fix net compilation without CONFIG_KNOX_NCM
622bb1020 drivers: mediatek/connectivity: Import modules from Xiaomi mt6768 kernel
e6d8a3f19 zram: Set default compressor to lz4
9de80b39f a32: Nuke kperfmon
8b1b28629 a32: Nuke CONFIG_SECURITY_DSMS
d5222d7e7 a32: Implement toggable selinux in kernel config
f687fa737 Revert "Rename defconfig temporarily for applying commits"
1904dcbdb Force Selinux Permissive
bbf46aeec revert build_kernel.sh changes due to wifi commit
f80f8143f Add kernelsu
677da72f3 Correct toolchain's path for my machine
e84fd1ddd scsi: scsi_devinfo: handle non-terminated strings
70f46b834 net: be more gentle about silly gso requests coming from user
312bb52a4 block/bio-integrity: don't free 'buf' if bio_integrity_add_page() failed
986140806 net: sched: export __netdev_watchdog_up()
cacd47a87 fix a braino in "sparc32: fix register window handling in genregs32_[gs]et()"
9f78fb14a apparmor: don't try to replace stale label in ptraceme check
87ff19493 ibmveth: Fix max MTU limit
aa2a4439e mld: fix memory leak in ipv6_mc_destroy_dev()
ea8eb1c93 net: bridge: enfore alignment for ethernet address
7f9838bd4 net: fix memleak in register_netdevice()
354cfca54 net: usb: ax88179_178a: fix packet alignment padding
1b7e28595 rocker: fix incorrect error handling in dma_rings_init
15620d6a9 rxrpc: Fix notification call on completion of discarded calls
bf072ec4a sctp: Don't advertise IPv4 addresses if ipv6only is set on the socket
77e1828bf tcp: grow window for OOO packets only for SACK flows
ecc87dffa tg3: driver sleeps indefinitely when EEH errors exceed eeh_max_freezes
eb4711c7a ip_tunnel: fix use-after-free in ip_tunnel_lookup()
a9cea34bb tcp_cubic: fix spurious HYSTART_DELAY exit upon drop in min RTT
30b20a422 ip6_gre: fix use-after-free in ip6gre_tunnel_lookup()
aa0b898db net: Fix the arp error in some cases
297cae093 net: Do not clear the sock TX queue in sk_set_socket()
8ce4887f9 net: core: reduce recursion limit value
5c0b990de USB: ohci-sm501: Add missed iounmap() in remove
b5a87dece usb: dwc2: Postponed gadget registration to the udc class driver
f95be2a09 usb: add USB_QUIRK_DELAY_INIT for Logitech C922
33a9d1b59 USB: ehci: reopen solution for Synopsys HC bug
0e25445fb usb: host: xhci-mtk: avoid runtime suspend when removing hcd
b57b6e0db usb: host: ehci-exynos: Fix error check in exynos_ehci_probe()
9daccd551 ALSA: usb-audio: add quirk for Denon DCD-1500RE
2cd7731d4 xhci: Fix incorrect EP_STATE_MASK
5509c3830 xhci: Fix enumeration issue when setting max packet size for FS devices.
456430d7d cdc-acm: Add DISABLE_ECHO quirk for Microchip/SMSC chip
90245b298 loop: replace kill_bdev with invalidate_bdev
6fa8daaa0 ALSA: usb-audio: uac1: Invalidate ctl on interrupt
e88dc1725 ALSA: usb-audio: Clean up mixer element list traverse
1d14c7dc9 ALSA: usb-audio: Fix OOB access of mixer element list
d306b97f9 xhci: Poll for U0 after disabling USB2 LPM
4b6d1fbd5 cifs/smb3: Fix data inconsistent when punch hole
99e39ec4b cifs/smb3: Fix data inconsistent when zero file range
5ecbd3855 efi/esrt: Fix reference count leak in esre_create_sysfs_entry.
53cffc402 ARM: dts: NSP: Correct FA2 mailbox node
97a0ab51a rxrpc: Fix handling of rwind from an ACK packet
4fb9e418d RDMA/cma: Protect bind_list and listen_list while finding matching cm id
a828590ea ASoC: rockchip: Fix a reference count leak.
b99a7dd6e RDMA/mad: Fix possible memory leak in ib_mad_post_receive_mads()
130e348a1 net: qed: fix left elements count calculation
b61a64d9b net: qed: fix NVMe login fails over VFs
320c1728f net: qed: fix excessive QM ILT lines consumption
680b7a45a ARM: imx5: add missing put_device() call in imx_suspend_alloc_ocram()
54b2f36c4 usb: gadget: udc: Potential Oops in error handling code
3432a9ad9 netfilter: ipset: fix unaligned atomic access
70d18dfa7 net: bcmgenet: use hardware padding of runt frames
23e96b950 sched/core: Fix PI boosting between RT and DEADLINE tasks
888e94ff5 ata/libata: Fix usage of page address by page_address in ata_scsi_mode_select_xlat function
243d45ed0 net: alx: fix race condition in alx_remove
7a41c0c5e s390/ptrace: fix setting syscall number
facf2b234 kbuild: improve cc-option to clean up all temporary files
d472c4a50 blktrace: break out of blktrace setup on concurrent calls
8e7671217 ALSA: hda: Add NVIDIA codec IDs 9a & 9d through a0 to patch table
06915e6af ACPI: sysfs: Fix pm_profile_attr type
c978c07b0 KVM: X86: Fix MSR range of APIC registers in X2APIC mode
46eb8d85a KVM: nVMX: Plumb L2 GPA through to PML emulation
c0b3ce658 btrfs: fix failure of RWF_NOWAIT write into prealloc extent beyond eof
08219d0a6 mm/slab: use memzero_explicit() in kzfree()
9c6b2408e ocfs2: load global_inode_alloc
9768ee200 ocfs2: fix value of OCFS2_INVALID_SLOT
a6291049e ocfs2: fix panic on nfs server over ocfs2
9793dd09e arm64: perf: Report the PC value in REGS_ABI_32 mode
a8a7c705d tracing: Fix event trigger to accept redundant spaces
69a6fe8ea drm/radeon: fix fb_div check in ni_init_smc_spll_table()
e9be14540 Staging: rtl8723bs: prevent buffer overflow in update_sta_support_rate()
232e01efb sunrpc: fixed rollback in rpc_gssd_dummy_populate()
4646d4bc3 SUNRPC: Properly set the @subbuf parameter of xdr_buf_subsegment()
88d487a3d pNFS/flexfiles: Fix list corruption if the mirror count changes
d6f74fd91 NFSv4 fix CLOSE not waiting for direct IO compeletion
ab8884659 xfs: add agf freeblocks verify in xfs_agf_verify
db83c3c10 Revert "tty: hvc: Fix data abort due to race in hvc_open"
478edda0f Linux 4.14.187
5b98be022 btrfs: fix a block group ref counter leak after failure to remove block group
2fe7db381 btrfs: cow_file_range() num_bytes and disk_num_bytes are same
321186105 btrfs: fix data block group relocation failure due to concurrent scrub
fae07db0f mm: fix swap cache node allocation mask
c4af9d657 EDAC/amd64: Read back the scrub rate PCI register on F15h
450601ca5 usbnet: smsc95xx: Fix use-after-free after removal
dd8e9c333 mm/slub.c: fix corrupted freechain in deactivate_slab()
201247591 mm/slub: fix stack overruns with SLUB_STATS
67027a136 usb: usbtest: fix missing kfree(dev->buf) in usbtest_disconnect
1f16fbb87 kgdb: Avoid suspicious RCU usage warning
a3458280a crypto: af_alg - fix use-after-free in af_alg_accept() due to bh_lock_sock()
ea4dba06b cxgb4: use unaligned conversion for fetching timestamp
b61b6c2e4 cxgb4: parse TC-U32 key values and masks natively
84aa4fb8b hwmon: (max6697) Make sure the OVERT mask is set correctly
14b69698d hwmon: (acpi_power_meter) Fix potential memory leak in acpi_power_meter_add()
ee0a6799e drm: sun4i: hdmi: Remove extra HPD polling
03c0bf8d3 virtio-blk: free vblk-vqs in error path of virtblk_probe()
1db1040d2 i2c: algo-pca: Add 0x78 as SCL stuck low status for PCA9665
588ffcb8f nfsd: apply umask on fs without ACL support
51a619cf5 Revert "ALSA: usb-audio: Improve frames size computation"
09e5e12ad SMB3: Honor 'seal' flag for multiuser mounts
8fac47b04 SMB3: Honor persistent/resilient handle flags for multiuser mounts
a34c6cb4e cifs: Fix the target file was deleted when rename failed.
77768ee1b MIPS: Add missing EHB in mtc0 -> mfc0 sequence for DSPen
bc454012d irqchip/gic: Atomically update affinity
7d61076d8 dm zoned: assign max_io_len correctly
88af85b70 efi: Make it possible to disable efivar_ssdt entirely
36030f6b8 Linux 4.14.188
b21848344 KVM: s390: reduce number of IO pins to 1
5f2f0cdc6 spi: spi-fsl-dspi: Adding shutdown hook
7fce5ff96 spi: spi-fsl-dspi: Fix lockup if device is removed during SPI transfer
df1979613 spi: spi-fsl-dspi: use IRQF_SHARED mode to request IRQ
dfb831b63 spi: spi-fsl-dspi: Fix external abort on interrupt in resume or exit paths
9fc497121 ARM: dts: omap4-droid4: Fix spi configuration and increase rate
71c403254 gpu: host1x: Detach driver on unregister
7b538f758 spi: spidev: fix a race between spidev_release and spidev_remove
0f2e12e98 spi: spidev: fix a potential use-after-free in spidev_release()
0b507b7fc ixgbe: protect ring accesses with READ- and WRITE_ONCE
2226cc525 s390/kasan: fix early pgm check handler execution
eadbfeb41 cifs: update ctime and mtime during truncate
d5f6fb5ad ARM: imx6: add missing put_device() call in imx6q_suspend_init()
bc42d16c1 scsi: mptscsih: Fix read sense data size
412f27de9 nvme-rdma: assign completion vector correctly
8284d2bc3 x86/entry: Increase entry_stack size to a full page
070982ba4 net: cxgb4: fix return error value in t4_prep_fw
6bdc61787 smsc95xx: check return value of smsc95xx_reset
04aa840a6 smsc95xx: avoid memory leak in smsc95xx_bind
d232772a0 ALSA: compress: fix partial_drain completion state
423e0bb6a arm64: kgdb: Fix single-step exception handling oops
efcaf687b nbd: Fix memory leak in nbd_add_socket
ced63a632 bnxt_en: fix NULL dereference in case SR-IOV configuration fails
e6a052ffd net: macb: mark device wake capable when "magic-packet" property present
54fef1596 mlxsw: spectrum_router: Remove inappropriate usage of WARN_ON()
17d73b7de ALSA: opl3: fix infoleak in opl3
8940814e2 ALSA: hda - let hs_mic be picked ahead of hp_mic
04d0a603b ALSA: usb-audio: add quirk for MacroSilicon MS2109
cf3bd2176 KVM: arm64: Fix definition of PAGE_HYP_DEVICE
7d6e970db KVM: arm64: Stop clobbering x0 for HVC_SOFT_RESTART
f1e257c6d KVM: x86: bit 8 of non-leaf PDPEs is not reserved
bc9a4c7ae KVM: x86: Inject #GP if guest attempts to toggle CR4.LA57 in 64-bit mode
77a5609f3 KVM: x86: Mark CR4.TSD as being possibly owned by the guest
c1c2133e6 Revert "ath9k: Fix general protection fault in ath9k_hif_usb_rx_cb"
b30a0586c btrfs: fix fatal extent_buffer readahead vs releasepage race
39bfcc70f drm/radeon: fix double free
85f22635a dm: use noio when sending kobject event
305bff65e ARC: entry: fix potential EFA clobber when TIF_SYSCALL_TRACE
bfb8220cd ARC: elf: use right ELF_ARCH
452ebc4ce s390/mm: fix huge pte soft dirty copying
09cbd28a6 genetlink: remove genl_bind
bd9651d54 ipv4: fill fl4_icmp_{type,code} in ping_v4_sendmsg
63cb2ee4c l2tp: remove skb_dst_set() from l2tp_xmit_skb()
edaceb9ce llc: make sure applications use ARPHRD_ETHER
9c15f6061 net: Added pointer check for dst->ops->neigh_lookup in dst_neigh_lookup_skb
6ce3c9a4f net: usb: qmi_wwan: add support for Quectel EG95 LTE modem
64a339b72 tcp: md5: add missing memory barriers in tcp_md5_do_add()/tcp_md5_hash_key()
0149fe4b3 tcp: md5: refine tcp_md5_do_add()/tcp_md5_hash_key() barriers
59711b057 tcp: md5: allow changing MD5 keys in all socket states
4a602f485 net_sched: fix a memory leak in atm_tc_init()
e155b983c tcp: make sure listeners don't initialize congestion-control state
c41a02b01 tcp: md5: do not send silly options in SYNCOOKIES
5970e2a14 cgroup: fix cgroup_sk_alloc() for sk_clone_lock()
b68bbc008 cgroup: Fix sock_cgroup_data on big-endian.
fc401beff drm/exynos: fix ref count leak in mic_pre_enable
26701de81 arm64/alternatives: use subsections for replacement sequences
286f53e7e tpm_tis: extra chip->ops check on error path in tpm_tis_core_init
812ca5b0c gfs2: read-only mounts should grab the sd_freeze_gl glock
62e96a64c i2c: eg20t: Load module automatically if ID matches
de4ccef33 arm64: alternative: Use true and false for boolean values
87693be0c arm64/alternatives: don't patch up internal branches
95c1cc6d1 iio:magnetometer:ak8974: Fix alignment and data leak issues
e5242503a iio:humidity:hdc100x Fix alignment and data leak issues
b3c16eae3 iio: magnetometer: ak8974: Fix runtime PM imbalance on error
2c3640cf5 iio: mma8452: Add missed iio_device_unregister() call in mma8452_probe()
740940876 iio: pressure: zpa2326: handle pm_runtime_get_sync failure
fbdb6a6d4 iio:pressure:ms5611 Fix buffer element alignment
96697e4ad iio:health:afe4403 Fix timestamp alignment and prevent data leak.
85f7d9442 spi: spi-fsl-dspi: Fix lockup if device is shutdown during SPI transfer
299343ef5 spi: fix initial SPI_SR value in spi-fsl-dspi
49219bfe4 net: dsa: bcm_sf2: Fix node reference count
0b0b014a1 of: of_mdio: Correct loop scanning logic
432aafca7 Revert "usb/ohci-platform: Fix a warning when hibernating"
374c534cb Revert "usb/ehci-platform: Set PM runtime as active on resume"
33e951448 Revert "usb/xhci-plat: Set PM runtime as active on resume"
3b3ec2904 doc: dt: bindings: usb: dwc3: Update entries for disabling SS instances in park mode
ca76c34c3 mmc: sdhci: do not enable card detect interrupt for gpio cd type
6c09302fb ACPI: video: Use native backlight on Acer Aspire 5783z
0180f0946 ACPI: video: Use native backlight on Acer TravelMate 5735Z
406dddb6c iio:health:afe4404 Fix timestamp alignment and prevent data leak.
1849c9d28 phy: sun4i-usb: fix dereference of pointer phy0 before it is null checked
0b191e445 arm64: dts: meson: add missing gxl rng clock
9f7f5bdcd spi: spi-sun6i: sun6i_spi_transfer_one(): fix setting of clock rate
1fd1f48a6 usb: gadget: udc: atmel: fix uninitialized read in debug printk
4c2de3fb9 staging: comedi: verify array index is correct before using it
0313e79e3 Revert "thermal: mediatek: fix register index error"
031484384 ARM: dts: socfpga: Align L2 cache-controller nodename with dtschema
dcc9f3f6c copy_xstate_to_kernel: Fix typo which caused GDB regression
7dd94fefc perf stat: Zero all the 'ena' and 'run' array slot stats for interval mode
996349c36 mtd: rawnand: brcmnand: fix CS0 layout
be659de2c mtd: rawnand: oxnas: Keep track of registered devices
3170cc409 mtd: rawnand: oxnas: Unregister all devices on error
34cbf43f0 mtd: rawnand: oxnas: Release all devices in the _remove() path
da3da7e00 HID: magicmouse: do not set up autorepeat
39967f135 ALSA: line6: Perform sanity check for each URB creation
97f158b44 ALSA: usb-audio: Fix race against the error recovery URB submission
c6214405a USB: c67x00: fix use after free in c67x00_giveback_urb
984b50d54 usb: dwc2: Fix shutdown callback in platform
3800b0378 usb: chipidea: core: add wakeup support for extcon
6e6db1543 usb: gadget: function: fix missing spinlock in f_uac1_legacy
bdc4af67b USB: serial: iuu_phoenix: fix memory corruption
9ee98d13d USB: serial: cypress_m8: enable Simply Automated UPB PIM
39db69321 USB: serial: ch341: add new Product ID for CH340
ce0980cce USB: serial: option: add GosunCn GM500 series
a030ddcc4 USB: serial: option: add Quectel EG95 LTE modem
bbd6bd6de virtio: virtio_console: add missing MODULE_DEVICE_TABLE() for rproc serial
88a1e524d fuse: Fix parameter for FS_IOC_{GET,SET}FLAGS
ff9708994 Revert "zram: convert remaining CLASS_ATTR() to CLASS_ATTR_RO()"
ffbbc6c69 mei: bus: don't clean driver pointer
2e0b908e7 Input: i8042 - add Lenovo XiaoXin Air 12 to i8042 nomux list
f691c54f0 uio_pdrv_genirq: fix use without device tree and no interrupt
a2d9fd454 timer: Fix wheel index calculation on last level
c4590ee04 MIPS: Fix build for LTS kernel caused by backporting lpj adjustment
ce5c0c754 hwmon: (emc2103) fix unable to change fan pwm1_enable attribute
ecd08ba72 intel_th: pci: Add Jasper Lake CPU support
f665e97b4 intel_th: pci: Add Tiger Lake PCH-H support
fd68fa477 intel_th: pci: Add Emmitsburg PCH support
54a508c01 dmaengine: fsl-edma: Fix NULL pointer exception in fsl_edma_tx_handler
46a45441d misc: atmel-ssc: lock with mutex instead of spinlock
3276e7d7b thermal/drivers/cpufreq_cooling: Fix wrong frequency converted from power
7eb9259ba arm64: ptrace: Override SPSR.SS when single-stepping is enabled
7fa99ed8e sched/fair: handle case of task_h_load() returning 0
5a05ad7fb x86/cpu: Move x86_cache_bits settings
7f38e4773 libceph: don't omit recovery_deletes in target_copy()
fa40d0087 rxrpc: Fix trace string
e6c80e88b Linux 4.14.189
90c70ee2c gpio: arizona: handle pm_runtime_get_sync failure case
91c1cec30 gpio: arizona: put pm_runtime in case of failure
6dde00a0f pinctrl: amd: fix npins for uart0 in kerncz_groups
1e209e34a mac80211: allow rx of mesh eapol frames with default rx key
b2175a7f5 scsi: scsi_transport_spi: Fix function pointer check
a18c364f7 xtensa: fix __sync_fetch_and_{and,or}_4 declarations
ffaac7019 xtensa: update *pos in cpuinfo_op.next
b9cdc5d9d drivers/net/wan/lapbether: Fixed the value of hard_header_len
19753c090 net: sky2: initialize return of gm_phy_read
ae93b4bbe drm/nouveau/i2c/g94-: increase NV_PMGR_DP_AUXCTL_TRANSACTREQ timeout
ccd7cbc3c irqdomain/treewide: Keep firmware node unconditionally allocated
eade575e1 SUNRPC reverting d03727b248d0 ("NFSv4 fix CLOSE not waiting for direct IO compeletion")
c6e6ba9df spi: spi-fsl-dspi: Exit the ISR with IRQ_NONE when it's not ours
548b3b61d IB/umem: fix reference count leak in ib_umem_odp_get()
f85fe919e uprobes: Change handle_swbp() to send SIGTRAP with si_code=SI_KERNEL, to fix GDB regression
481188da2 ALSA: info: Drop WARN_ON() from buffer NULL sanity check
b1af6bd20 ASoC: rt5670: Correct RT5670_LDO_SEL_MASK
e53ab3bf1 btrfs: fix double free on ulist after backref resolution failure
6bc833cb5 btrfs: fix mount failure caused by race with umount
93fbcfd76 btrfs: fix page leaks after failure to lock page for delalloc
8ae3414a6 bnxt_en: Fix race when modifying pause settings.
b9b4fed72 hippi: Fix a size used in a 'pci_free_consistent()' in an error handling path
5e57622fd ax88172a: fix ax88172a_unbind() failures
015355acd net: dp83640: fix SIOCSHWTSTAMP to update the struct with actual configuration
a9ed93143 drm: sun4i: hdmi: Fix inverted HPD result
a7f48e92a net: smc91x: Fix possible memory leak in smc_drv_probe()
c3ce2afcb bonding: check error value of register_netdevice() immediately
b25efc09b mlxsw: destroy workqueue when trap_register in mlxsw_emad_init
b595c8ac8 ipvs: fix the connection sync failed in some cases
9432df044 i2c: rcar: always clear ICSAR to avoid side effects
86389cbcb bonding: check return value of register_netdevice() in bond_newlink()
99c2af2c5 serial: exar: Fix GPIO configuration for Sealevel cards based on XR17V35X
f2ca492c7 scripts/decode_stacktrace: strip basepath from all paths
4b4156fae HID: i2c-hid: add Mediacom FlexBook edge13 to descriptor override
55e13eb8f HID: apple: Disable Fn-key key-re-mapping on clone keyboards
cdb66512c dmaengine: tegra210-adma: Fix runtime PM imbalance on error
4f39bd254 Input: add `SW_MACHINE_COVER`
e2277f8f5 spi: mediatek: use correct SPI_CFG2_REG MACRO
811405b41 regmap: dev_get_regmap_match(): fix string comparison
52a315687 hwmon: (aspeed-pwm-tacho) Avoid possible buffer overflow
273ef7f6c dmaengine: ioat setting ioat timeout as module parameter
965a1f1d1 Input: synaptics - enable InterTouch for ThinkPad X1E 1st gen
c96189415 usb: gadget: udc: gr_udc: fix memleak on error handling path in gr_ep_init()
8bdb22352 arm64: Use test_tsk_thread_flag() for checking TIF_SINGLESTEP
83a6bc45e x86: math-emu: Fix up 'cmp' insn for clang ias
3b050bf92 binder: Don't use mmput() from shrinker function.
8c75481e5 usb: xhci-mtk: fix the failure of bandwidth allocation
2c399ae20 usb: xhci: Fix ASM2142/ASM3142 DMA addressing
213c60200 Revert "cifs: Fix the target file was deleted when rename failed."
d27e8b79b staging: wlan-ng: properly check endpoint types
305b5a804 staging: comedi: addi_apci_1032: check INSN_CONFIG_DIGITAL_TRIG shift
398db7d3a staging: comedi: ni_6527: fix INSN_CONFIG_DIGITAL_TRIG support
35692eea5 staging: comedi: addi_apci_1500: check INSN_CONFIG_DIGITAL_TRIG shift
0f4fa6abd staging: comedi: addi_apci_1564: check INSN_CONFIG_DIGITAL_TRIG shift
3855eed3f serial: 8250: fix null-ptr-deref in serial8250_start_tx()
a115d7c6c serial: 8250_mtk: Fix high-speed baud rates clamping
000f80102 fbdev: Detect integer underflow at "struct fbcon_ops"->clear_margins.
983ca7f2f vt: Reject zero-sized screen buffer size.
f62d22042 Makefile: Fix GCC_TOOLCHAIN_DIR prefix for Clang cross compilation
2b0a74cc1 mm/memcg: fix refcount error while moving and swapping
78efddc40 io-mapping: indicate mapping failure
0d74a1b45 parisc: Add atomic64_set_release() define to avoid CPU soft lockups
c627a8e1b ath9k: Fix general protection fault in ath9k_hif_usb_rx_cb
4348ac5fc ath9k: Fix regression with Atheros 9271
b604960ec Linux 4.14.190
39d46bc66 Fix errors caused by a conflict left unresolved
42f1112c5 AX.25: Fix out-of-bounds read in ax25_connect()
130d1d195 AX.25: Prevent out-of-bounds read in ax25_sendmsg()
380848722 dev: Defer free of skbs in flush_backlog
b003ef38d drivers/net/wan/x25_asy: Fix to make it work
92820b98b net-sysfs: add a newline when printing 'tx_timeout' by sysfs
6188d96c7 net: udp: Fix wrong clean up for IS_UDPLITE macro
a0e678c37 rxrpc: Fix sendmsg() returning EPIPE due to recvmsg() returning ENODATA
0c187deb1 AX.25: Prevent integer overflows in connect and sendmsg
7997c77c8 ip6_gre: fix null-ptr-deref in ip6gre_init_net()
e3250a292 rtnetlink: Fix memory(net_device) leak when ->newlink fails
96c018d56 tcp: allow at most one TLP probe per flight
105dcc7f9 mm/page_owner.c: remove drain_all_pages from init_early_allocated_pages
0606ef526 regmap: debugfs: check count when read regmap file
9587afc89 xfs: set format back to extents if xfs_bmap_extents_to_btree
0896d4eac Linux 4.14.191
4215001d5 scsi: libsas: direct call probe and destruct
c1ec6771e net: phy: mdio-bcm-unimac: fix potential NULL dereference in unimac_mdio_probe()
76c2dcc64 crypto: ccp - Release all allocated memory if sha type is invalid
253f24849 media: rc: prevent memory leak in cx23888_ir_probe
5805144e3 iio: imu: adis16400: fix memory leak
3918b054c ath9k_htc: release allocated buffer if timed out
6fec363b3 ath9k: release allocated buffer if timed out
2790a0eca x86/kvm: Be careful not to clear KVM_VCPU_FLUSH_TLB bit
eaa24c176 PCI/ASPM: Disable ASPM on ASMedia ASM1083/1085 PCIe-to-PCI bridge
a1d5415e0 wireless: Use offsetof instead of custom macro.
1db94b78e ARM: 8986/1: hw_breakpoint: Don't invoke overflow handler on uaccess watchpoints
77cccdb7f drm/amdgpu: Prevent kernel-infoleak in amdgpu_info_ioctl()
5c9391a19 drm: hold gem reference until object is no longer accessed
0a0dfbc84 f2fs: check memory boundary by insane namelen
50a101a13 f2fs: check if file namelen exceeds max value
aafc2ce3c 9p/trans_fd: abort p9_read_work if req status changed
b193ffe46 9p/trans_fd: Fix concurrency del of req_list in p9_fd_cancelled/p9_read_work
6c20f6c17 x86/build/lto: Fix truncated .bss with -fdata-sections
790980072 x86, vmlinux.lds: Page-align end of ..page_aligned sections
0ed698125 rds: Prevent kernel-infoleak in rds_notify_queue_get()
cbc917a73 xfs: fix missed wakeup on l_flush_wait
3b1a4b7d0 net/x25: Fix x25_neigh refcnt leak when x25 disconnect
e79f4c74f net/x25: Fix null-ptr-deref in x25_disconnect
589825d91 selftests/net: rxtimestamp: fix clang issues for target arch PowerPC
b86cf8c1c sh: Fix validation of system call number
e95d93a00 net: lan78xx: add missing endpoint sanity check
3d6275a8b net: lan78xx: fix transfer-buffer memory leak
ea8d6e6ef mlx4: disable device on shutdown
76e18567f mlxsw: core: Increase scope of RCU read-side critical section
bcb1df644 mlxsw: core: Free EMAD transactions using kfree_rcu()
7fb3f1df4 ibmvnic: Fix IRQ mapping disposal in error path
f464f6feb bpf: Fix map leak in HASH_OF_MAPS map
ae1177528 mac80211: mesh: Free ie data when leaving mesh
41d75a1e3 mac80211: mesh: Free pending skb when destroying a mpath
e04a7b6a9 arm64/alternatives: move length validation inside the subsection
fde2766eb arm64: csum: Fix handling of bad packets
25a100227 usb: hso: Fix debug compile warning on sparc32
0814414c3 qed: Disable "MFW indication via attention" SPAM every 5 minutes
c2d0f6200 nfc: s3fwrn5: add missing release on skb in s3fwrn5_recv_frame
4b566464e parisc: add support for cmpxchg on u8 pointers
4afb41979 net: ethernet: ravb: exit if re-initialization fails in tx timeout
8e66a2048 Revert "i2c: cadence: Fix the hold bit setting"
81f2bb793 x86/unwind/orc: Fix ORC for newly forked tasks
8d2aa890b cxgb4: add missing release on skb in uld_send()
f13e5b37b xen-netfront: fix potential deadlock in xennet_remove()
5d33840e5 KVM: LAPIC: Prevent setting the tscdeadline timer if the lapic is hw disabled
84966a97b x86/i8259: Use printk_deferred() to prevent deadlock
d98e320a5 Linux 4.14.192
dde30ae8b Revert "f2fs_encrypted_inode" to "IS_ENCRYPTED" from c10efaec35901c820834a924f6100531c17aea02 to fix building errors.
681a19400 Revert "scsi: libsas: direct call probe and destruct"
2ea1ac083 random32: update the net random state on interrupt and activity
db4237edd ARM: percpu.h: fix build error
bad2513f8 random: fix circular include dependency on arm64 after addition of percpu.h
ce0791a6e random32: remove net_rand_state from the latent entropy gcc plugin
be6b147d1 random32: move the pseudo-random 32-bit definitions to prandom.h
db5851909 ext4: fix direct I/O read error
cab48a1f0 ARM: 8702/1: head-common.S: Clear lr before jumping to start_kernel()
20528a38f Linux 4.14.193
b43e7a79a USB: serial: qcserial: add EM7305 QDL product ID
fad952c86 net/mlx5e: Don't support phys switch id if not in switchdev mode
eaaa712c2 USB: iowarrior: fix up report size handling for some devices
fa266dbc7 usb: xhci: define IDs for various ASMedia host controllers
fdfabd7bf usb: xhci: Fix ASMedia ASM1142 DMA addressing
da98c4434 ALSA: seq: oss: Serialize ioctls
59fe6925b staging: android: ashmem: Fix lockdep warning for write operation
6a28bd66d Bluetooth: Fix slab-out-of-bounds read in hci_extended_inquiry_result_evt()
c443267aa Bluetooth: Prevent out-of-bounds read in hci_inquiry_result_evt()
afcdfedcc Bluetooth: Prevent out-of-bounds read in hci_inquiry_result_with_rssi_evt()
8c6fb0f19 omapfb: dss: Fix max fclk divider for omap36xx
35a6dec84 binder: Prevent context manager from incrementing ref 0
ca0336cae vgacon: Fix for missing check in scrollback handling
81451dbbd mtd: properly check all write ioctls for permissions
820fbe335 leds: wm831x-status: fix use-after-free on unbind
b63fd287a leds: da903x: fix use-after-free on unbind
05f87cb22 leds: lm3533: fix use-after-free on unbind
57f9e719b leds: 88pm860x: fix use-after-free on unbind
72e464e5c net/9p: validate fds in p9_fd_open
6eba4d2d2 drm/nouveau/fbcon: fix module unload when fbcon init has failed for some reason
01d83e30f drm/nouveau/fbcon: zero-initialise the mode_cmd2 structure
9914874b9 i2c: slave: improve sanity check when registering
40092154a i2c: slave: add sanity check when unregistering
d21ebb0a0 cfg80211: check vendor command doit pointer before use
0bd05bc80 igb: reinit_locked() should be called with rtnl_lock
872eef7e3 atm: fix atm_dev refcnt leaks in atmtcp_remove_persistent
9268b0670 tools lib traceevent: Fix memory leak in process_dynamic_array_len
4fe8ce7f6 Drivers: hv: vmbus: Ignore CHANNELMSG_TL_CONNECT_RESULT(23)
3314039b0 xattr: break delegations in {set,remove}xattr
a48b1483c ipv4: Silence suspicious RCU usage warning
56ecf3ac2 ipv6: fix memory leaks on IPV6_ADDRFORM path
3ff437757 net: ethernet: mtk_eth_soc: fix MTU warnings
6041d7173 vxlan: Ensure FDB dump is performed under RCU
a8ec13c7e net: lan78xx: replace bogus endpoint lookup
2ba7f9643 hv_netvsc: do not use VF device if link is down
4332d75ce net: gre: recompute gre csum for sctp over gre tunnels
90c8036dc openvswitch: Prevent kernel-infoleak in ovs_ct_put_key()
80a9f4b85 Revert "vxlan: fix tos value before xmit"
c2a9d18c3 selftests/net: relax cpu affinity requirement in msg_zerocopy test
6a6414490 usb: hso: check for return value in hso_serial_common_create()
68c951bf0 rxrpc: Fix race between recvmsg and sendmsg on immediate call failure
78cb73e0a Smack: fix use-after-free in smk_write_relabel_self()
24f4a01d7 tracepoint: Mark __tracepoint_string's __used
2309b45f0 HID: input: Fix devices that return multiple bytes in battery report
3e00b8b30 cgroup: add missing skcd->no_refcnt check in cgroup_sk_clone()
9c157a7ef x86/mce/inject: Fix a wrong assignment of i_mce.status
e70ae6c36 sched: correct SD_flags returned by tl->sd_flags()
23913e863 arm64: dts: rockchip: fix rk3399-puma vcc5v0-host gpio
e24f15c24 arm64: dts: rockchip: fix rk3399-puma gmac reset gpio
bc42d4b9b EDAC: Fix reference count leaks
601ec88a3 arm64: dts: qcom: msm8916: Replace invalid bias-pull-none property
cc11af04c arm64: dts: exynos: Fix silent hang after boot on Espresso
4a86fd608 m68k: mac: Don't send IOP message until channel is idle
ad8de9c52 m68k: mac: Fix IOP status/control register writes
3e7863e5f platform/x86: intel-hid: Fix return value check in check_acpi_dev()
ab255582a platform/x86: intel-vbtn: Fix return value check in check_acpi_dev()
0bf473845 ARM: at91: pm: add missing put_device() call in at91_pm_sram_init()
fe3b2b8f5 spi: lantiq: fix: Rx overflow error in full duplex mode
400477c9c ARM: socfpga: PM: add missing put_device() call in socfpga_setup_ocram_self_refresh()
5d7cbd608 drm/tilcdc: fix leak & null ref in panel_connector_get_modes
d53abcc78 Bluetooth: add a mutex lock to avoid UAF in do_enale_set
1a9639efd fs/btrfs: Add cond_resched() for try_release_extent_mapping() stalls
4eb3305e7 drm/radeon: Fix reference count leaks caused by pm_runtime_get_sync
445cd336d video: fbdev: neofb: fix memory leak in neo_scan_monitor()
766111bf7 md-cluster: fix wild pointer of unlock_all_bitmaps()
e057d5c34 arm64: dts: hisilicon: hikey: fixes to comply with adi, adv7533 DT binding
6bf5d3bd8 drm/nouveau: fix multiple instances of reference count leaks
8b9044d23 drm/debugfs: fix plain echo to connector "force" attribute
8e265b73c irqchip/irq-mtk-sysirq: Replace spinlock with raw_spinlock
125af00f7 mm/mmap.c: Add cond_resched() for exit_mmap() CPU stalls
6f8dea8f9 brcmfmac: To fix Bss Info flag definition Bug
3562366ae brcmfmac: set state of hanger slot to FREE when flushing PSQ
649f70f84 iwlegacy: Check the return value of pcie_capability_read_*()
cd0a3fc14 gpu: host1x: debug: Fix multiple channels emitting messages simultaneously
e9fcbb4d0 usb: gadget: net2280: fix memory leak on probe error handling paths
577196609 bdc: Fix bug causing crash after multiple disconnects
3af7da523 usb: bdc: Halt controller on suspend
208440710 dyndbg: fix a BUG_ON in ddebug_describe_flags
a9f44d661 bcache: fix super block seq numbers comparision in register_cache_set()
df2fda507 ACPICA: Do not increment operation_region reference counts for field units
18dd2a8ac agp/intel: Fix a memory leak on module initialisation failure
8fbb7c877 video: fbdev: sm712fb: fix an issue about iounmap for a wrong address
9e83dacb4 console: newport_con: fix an issue about leak related system resources
a8c259446 video: pxafb: Fix the function used to balance a 'dma_alloc_coherent()' call
39ac237fb iio: improve IIO_CONCENTRATION channel type description
c73fec37d drm/arm: fix unintentional integer overflow on left shift
1e5ef86b0 leds: lm355x: avoid enum conversion warning
3335c9c20 media: omap3isp: Add missed v4l2_ctrl_handler_free() for preview_init_entities()
b50577160 ASoC: Intel: bxt_rt298: add missing .owner field
5f8ae46f9 scsi: cumana_2: Fix different dev_id between request_irq() and free_irq()
f35e34054 drm/mipi: use dcs write for mipi_dsi_dcs_set_tear_scanline
a8cc1ad92 cxl: Fix kobject memleak
d38fdf95b drm/radeon: fix array out-of-bounds read and write issues
d15f1b1e1 scsi: powertec: Fix different dev_id between request_irq() and free_irq()
623151585 scsi: eesox: Fix different dev_id between request_irq() and free_irq()
eca025053 ipvs: allow connection reuse for unconfirmed conntrack
d38df2b3d media: firewire: Using uninitialized values in node_probe()
80d49d36f media: exynos4-is: Add missed check for pinctrl_lookup_state()
eff60d913 xfs: fix reflink quota reservation accounting error
b0b4da0df PCI: Fix pci_cfg_wait queue locking problem
446c71003 leds: core: Flush scheduled work for system suspend
0c3a84c9c drm: panel: simple: Fix bpc for LG LB070WV8 panel
4487edc01 drm/bridge: sil_sii8620: initialize return of sii8620_readb
f0202fd5c scsi: scsi_debug: Add check for sdebug_max_queue during module init
4274240e9 mwifiex: Prevent memory corruption handling keys
4087dd901 powerpc/vdso: Fix vdso cpu truncation
349506cb3 staging: rtl8192u: fix a dubious looking mask before a shift
6c161c213 PCI/ASPM: Add missing newline in sysfs 'policy'
7268a8751 drm/imx: tve: fix regulator_disable error path
b07bf2eb0 USB: serial: iuu_phoenix: fix led-activity helpers
48e14d2c9 thermal: ti-soc-thermal: Fix reversed condition in ti_thermal_expose_sensor()
1007229a0 coresight: tmc: Fix TMC mode read in tmc_read_unprepare_etb()
d936bfa16 MIPS: OCTEON: add missing put_device() call in dwc3_octeon_device_init()
1bc6ab428 usb: dwc2: Fix error path in gadget registration
f69533533 scsi: mesh: Fix panic after host or bus reset
ed4983d31 net: dsa: mv88e6xxx: MV88E6097 does not support jumbo configuration
1daa17a38 Smack: fix another vsscanf out of bounds
26b5b6cfb Smack: prevent underflow in smk_set_cipso()
8a3a90996 power: supply: check if calc_soc succeeded in pm860x_init_battery
1da028b2b Bluetooth: hci_serdev: Only unregister device if it was registered
b70a030a3 selftests/powerpc: Fix CPU affinity for child process
95306ae7a PCI: Release IVRS table in AMD ACS quirk
104a7187d selftests/powerpc: Fix online CPU selection
987716628 s390/qeth: don't process empty bridge port events
231120204 wl1251: fix always return 0 error
d69828cb7 tools, build: Propagate build failures from tools/build/Makefile.build
0b272e767 net: ethernet: aquantia: Fix wrong return value
ea069013a liquidio: Fix wrong return value in cn23xx_get_pf_num()
a8c558bd3 net: spider_net: Fix the size used in a 'dma_free_coherent()' call
15002ee78 fsl/fman: use 32-bit unsigned integer
4d9eac180 fsl/fman: fix dereference null return value
6e23491af fsl/fman: fix unreachable code
fec50c84e fsl/fman: check dereferencing null pointer
2fc24bb8d fsl/fman: fix eth hash table allocation
0f57886a5 dlm: Fix kobject memleak
19cfe61fc pinctrl-single: fix pcs_parse_pinconf() return value
bf94242aa x86/fsgsbase/64: Fix NULL deref in 86_fsgsbase_read_task
4f23804ad crypto: aesni - add compatibility with IAS
2486df456 af_packet: TPACKET_V3: fix fill status rwlock imbalance
b2e6cb796 drivers/net/wan/lapbether: Added needed_headroom and a skb->len check
299bdbb66 net/nfc/rawsock.c: add CAP_NET_RAW check.
2fd533581 net: refactor bind_bucket fastreuse into helper
45aa71ff4 net: Set fput_needed iff FDPUT_FPUT is set
c32c8fb64 USB: serial: cp210x: re-enable auto-RTS on open
294c5feda USB: serial: cp210x: enable usb generic throttle/unthrottle
f615cce49 ALSA: usb-audio: Creative USB X-Fi Pro SB1095 volume knob support
cb6ba27c9 ALSA: usb-audio: fix overeager device match for MacroSilicon MS2109
abc823336 ALSA: usb-audio: add quirk for Pioneer DDJ-RB
087e1f433 crypto: qat - fix double free in qat_uclo_create_batch_init_list
d2fa99c6a crypto: ccp - Fix use of merged scatterlists
0e7774e0d crypto: cpt - don't sleep of CRYPTO_TFM_REQ_MAY_SLEEP was not specified
4c2d647bd bitfield.h: don't compile-time validate _val in FIELD_FIT
211e7eb3c fs/minix: check return value of sb_getblk()
dcc95971e fs/minix: don't allow getting deleted inodes
f5e9b6aa3 fs/minix: reject too-large maximum file size
51889e4a9 ALSA: usb-audio: work around streaming quirk for MacroSilicon MS2109
9b723f468 9p: Fix memory leak in v9fs_mount
dd5fc5b67 spi: spidev: Align buffers for DMA
d309f19eb mtd: rawnand: qcom: avoid write to unavailable register
261c65531 parisc: Implement __smp_store_release and __smp_load_acquire barriers
f021c99cd parisc: mask out enable and reserved bits from sba imask
6c26327c5 ARM: 8992/1: Fix unwind_frame for clang-built kernels
a58d46f8b irqdomain/treewide: Free firmware node after domain removal
f9527fdd9 xen/balloon: fix accounting in alloc_xenballooned_pages error path
5f496e0a8 xen/balloon: make the balloon wait interruptible
db0d2d2ba net: initialize fastreuse on inet_inherit_port
f696af79f smb3: warn on confusing error scenario with sec=krb5
33e7a89dd PCI: hotplug: ACPI: Fix context refcounting in acpiphp_grab_context()
a196b31de btrfs: don't allocate anonymous block device for user invisible roots
bbdccd535 btrfs: only search for left_info if there is no right_info in try_merge_free_space
6341b6ac3 btrfs: fix memory leaks after failure to lookup checksums during inode logging
f7e0e644d dt-bindings: iio: io-channel-mux: Fix compatible string in example code
5b344587e iio: dac: ad5592r: fix unbalanced mutex unlocks in ad5592r_read_raw()
bbd25c031 xtensa: fix xtensa_pmu_setup prototype
2b83bddac powerpc: Fix circular dependency between percpu.h and mmu.h
ec32e2f51 net: ethernet: stmmac: Disable hardware multicast filter
dbf3ac97b net: stmmac: dwmac1000: provide multicast filter fallback
5570ec33a net/compat: Add missing sock updates for SCM_RIGHTS
8982041fe md/raid5: Fix Force reconstruct-write io stuck in degraded raid5
8b70ba519 bcache: allocate meta data pages as compound pages
a368df0a5 mac80211: fix misplaced while instead of if
a76437a3a MIPS: CPU#0 is not hotpluggable
0dc8b633a ext2: fix missing percpu_counter_inc
cf30a9dd5 ocfs2: change slot number type s16 to u16
5bd2cef2c ftrace: Setup correct FTRACE_FL_REGS flags for module
0a4e39316 kprobes: Fix NULL pointer dereference at kprobe_ftrace_handler
f775a245e tracing/hwlat: Honor the tracing_cpumask
ea2aa30c2 tracing: Use trace_sched_process_free() instead of exit() for pid tracing
5eb767e9c watchdog: f71808e_wdt: indicate WDIOF_CARDRESET support in watchdog_info.options
00efd56ea watchdog: f71808e_wdt: remove use of wrong watchdog_info option
851c0cdb4 watchdog: f71808e_wdt: clear watchdog timeout occurred flag
7d69e08f9 pseries: Fix 64 bit logical memory block panic
8fdaa6a47 perf intel-pt: Fix FUP packet state
0736c28e7 drm/imx: imx-ldb: Disable both channels for split mode in enc->disable()
eaf0b6ada mfd: arizona: Ensure 32k clock is put on driver unbind and error
393e45dda RDMA/ipoib: Return void from ipoib_ib_dev_stop()
9b467b77f USB: serial: ftdi_sio: make process-packet buffer unsigned
68d35d96b USB: serial: ftdi_sio: clean up receive processing
7b486eaaf gpu: ipu-v3: image-convert: Combine rotate/no-rotate irq handlers
98c16c3f8 dm rq: don't call blk_mq_queue_stopped() in dm_stop_queue()
d12af7a15 iommu/omap: Check for failure of a call to omap_iommu_dump_ctx
554d10670 iommu/vt-d: Enforce PASID devTLB field mask
668d0db7f i2c: rcar: slave: only send STOP event when we have been addressed
acc9563c0 clk: clk-atlas6: fix return value check in atlas6_clk_init()
3b752a025 pwm: bcm-iproc: handle clk_get_rate() return
1f6369472 tools build feature: Use CC and CXX from parent
740c51648 i2c: rcar: avoid race when unregistering slave
f5fd05ebb Input: sentelic - fix error return when fsp_reg_write fails
bd25c93ce drm/vmwgfx: Use correct vmw_legacy_display_unit pointer
41d5437bb drm/vmwgfx: Fix two list_for_each loop exit tests
35b20d84f net: qcom/emac: add missed clk_disable_unprepare in error path of emac_clks_phase1_init
29a8ef840 nfs: Fix getxattr kernel panic and memory overflow
90c95d704 fs/ufs: avoid potential u32 multiplication overflow
c2926e06e test_kmod: avoid potential double free in trigger_config_run_type()
8d645b6b1 mfd: dln2: Run event handler loop under spinlock
fd6c3be7a ALSA: echoaudio: Fix potential Oops in snd_echo_resume()
7dfc12c48 perf bench mem: Always memset source before memcpy
64867c21e tools build feature: Quote CC and CXX for their arguments
00197350e sh: landisk: Add missing initialization of sh_io_port_base
1d400f7e9 khugepaged: retract_page_tables() remember to test exit
7592d1d6b genirq/affinity: Handle affinity setting on inactive interrupts correctly
a5578c40e genirq/affinity: Make affinity setting if activated opt-in
ec70db308 dm cache: pass cache structure to mode functions
44d17dffe dm cache: submit writethrough writes in parallel to origin and cache
161d230ac dm cache: remove all obsolete writethrough-specific code
934ac2cee Linux 4.14.194
3ff899065 drm/vgem: Replace opencoded version of drm_gem_dumb_map_offset()
e07b84409 perf probe: Fix memory leakage when the probe point is not found
964be5b61 khugepaged: khugepaged_test_exit() check mmget_still_valid()
26c683716 khugepaged: adjust VM_BUG_ON_MM() in __khugepaged_enter()
30a844a66 powerpc/mm: Only read faulting instruction when necessary in do_page_fault()
d475a19ab powerpc: Allow 4224 bytes of stack expansion for the signal frame
36ffd263a btrfs: export helpers for subvolume name/id resolution
5edffcdd3 btrfs: don't show full path of bind mounts in subvol=
fc6a73c91 btrfs: Move free_pages_out label in inline extent handling branch in compress_file_range
9d46f7436 btrfs: inode: fix NULL pointer dereference if inode doesn't need compression
5cf76ed66 btrfs: sysfs: use NOFS for device creation
6ead0d910 romfs: fix uninitialized memory leak in romfs_dev_read()
f0da48ef7 kernel/relay.c: fix memleak on destroy relay channel
00e464445 mm: include CMA pages in lowmem_reserve at boot
32da5a39a mm, page_alloc: fix core hung in free_pcppages_bulk()
040b7cc3f ext4: fix checking of directory entry validity for inline directories
962a4cb8b jbd2: add the missing unlock_buffer() in the error path of jbd2_write_superblock()
b891120f1 spi: Prevent adding devices below an unregistering controller
e430f2512 scsi: ufs: Add DELAY_BEFORE_LPM quirk for Micron devices
3031883f7 media: budget-core: Improve exception handling in budget_register()
d98b67ea3 rtc: goldfish: Enable interrupt in set_alarm() when necessary
8fb507866 media: vpss: clean up resources in init
4e9bb832d Input: psmouse - add a newline when printing 'proto' by sysfs
aa9a493ca m68knommu: fix overwriting of bits in ColdFire V3 cache control
8c0a2a026 xfs: fix inode quota reservation checks
5405f9707 jffs2: fix UAF problem
44ff6518f cpufreq: intel_pstate: Fix cpuinfo_max_freq when MSR_TURBO_RATIO_LIMIT is 0
db0647eb2 scsi: libfc: Free skb in fc_disc_gpn_id_resp() for valid cases
935a01918 virtio_ring: Avoid loop when vq is broken in virtqueue_poll
26fb2b42a xfs: Fix UBSAN null-ptr-deref in xfs_sysfs_init
319ffc83c alpha: fix annotation of io{read,write}{16,32}be()
8c92c06ff ext4: fix potential negative array index in do_split()
be2539cbb i40e: Set RX_ONLY mode for unicast promiscuous on VLAN
a66af798e i40e: Fix crash during removing i40e driver
33d38b3cc net: fec: correct the error path for regulator disable in probe
c86655d14 bonding: show saner speed for broadcast mode
5c9293f80 bonding: fix a potential double-unregister
86d3d760f ASoC: msm8916-wcd-analog: fix register Interrupt offset
c10a13667 ASoC: intel: Fix memleak in sst_media_open
ad168649d vfio/type1: Add proper error unwind for vfio_iommu_replay()
491cebcba bonding: fix active-backup failover for current ARP slave
2d83ef6b0 hv_netvsc: Fix the queue_mapping in netvsc_vf_xmit()
75013875e net: dsa: b53: check for timeout
00dbe5ebb powerpc/pseries: Do not initiate shutdown when system is running on UPS
10e4d8826 epoll: Keep a reference on files added to the check list
b756f49df do_epoll_ctl(): clean the failure exits up a bit
cae918fe2 mm/hugetlb: fix calculation of adjust_range_if_pmd_sharing_possible
4260b0907 xen: don't reschedule in preemption off sections
ef3cfacee clk: Evict unregistered clks from parent caches
967f47680 KVM: arm/arm64: Don't reschedule in unmap_stage2_range()
a69807f00 Linux 4.14.195
f643697b7 powerpc/64s: Don't init FSCR_DSCR in __init_FSCR()
fd0f4a540 net: Fix potential wrong skb->protocol in skb_vlan_untag()
e95b40c8d tipc: fix uninit skb->data in tipc_nl_compat_dumpit()
91e7763ad ipvlan: fix device features
778f592ce gre6: Fix reception with IP6_TNL_F_RCV_DSCP_COPY
e465c2af7 ALSA: pci: delete repeated words in comments
f614a6868 ASoC: tegra: Fix reference count leaks.
1f7ff31c1 mfd: intel-lpss: Add Intel Emmitsburg PCH PCI IDs
a45505a51 arm64: dts: qcom: msm8916: Pull down PDM GPIOs during sleep
4f5e36343 powerpc/xive: Ignore kmemleak false positives
059e511dd media: pci: ttpci: av7110: fix possible buffer overflow caused by bad DMA value in debiirq()
3e7401b60 blktrace: ensure our debugfs dir exists
f0a2b8cbd scsi: target: tcmu: Fix crash on ARM during cmd completion
de472763a iommu/iova: Don't BUG on invalid PFNs
aa05da9a5 drm/amdkfd: Fix reference count leaks.
e4945df59 drm/radeon: fix multiple reference count leak
c6fa06d7d drm/amdgpu: fix ref count leak in amdgpu_driver_open_kms
dd344ccc9 drm/amd/display: fix ref count leak in amdgpu_drm_ioctl
ba73ab625 drm/amdgpu: fix ref count leak in amdgpu_display_crtc_set_config
3836fefbc drm/amdgpu/display: fix ref count leak when pm_runtime_get_sync fails
076ba0885 scsi: lpfc: Fix shost refcount mismatch when deleting vport
94abe544f selftests/powerpc: Purge extra count_pmc() calls of ebb selftests
905a20df6 omapfb: fix multiple reference count leaks due to pm_runtime_get_sync
1fc8d829a PCI: Fix pci_create_slot() reference count leak
21ff2bfc9 rtlwifi: rtl8192cu: Prevent leaking urb
b4d97725d mips/vdso: Fix resource leaks in genvdso.c
b6ecc6d47 cec-api: prevent leaking memory through hole in structure
d2386d1fe f2fs: fix use-after-free issue
6012f5418 drm/nouveau/drm/noveau: fix reference count leak in nouveau_fbcon_open
19fb53c37 drm/nouveau: Fix reference count leak in nouveau_connector_detect
eac18aac8 locking/lockdep: Fix overflow in presentation of average lock-time
5cb581e6b scsi: iscsi: Do not put host in iscsi_set_flashnode_param()
39388d2bb ceph: fix potential mdsc use-after-free crash
efa14b434 scsi: fcoe: Memory leak fix in fcoe_sysfs_fcf_del()
6e27411f5 EDAC/ie31200: Fallback if host bridge device is already initialized
ea6d37ca6 media: davinci: vpif_capture: fix potential double free
c05ef3610 KVM: arm64: Fix symbol dependency in __hyp_call_panic_nvhe
bbe3aec45 powerpc/spufs: add CONFIG_COREDUMP dependency
a318419e9 USB: sisusbvga: Fix a potential UB casued by left shifting a negative value
2e292c589 efi: provide empty efi_enter_virtual_mode implementation
ad745d12c Revert "ath10k: fix DMA related firmware crashes on multiple devices"
00353ecf0 media: gpio-ir-tx: improve precision of transmitted signal due to scheduling
57c182963 nvme-fc: Fix wrong return value in __nvme_fc_init_request()
6533de567 null_blk: fix passing of REQ_FUA flag in null_handle_rq
db1820542 i2c: rcar: in slave mode, clear NACK earlier
b5a125cbc usb: gadget: f_tcm: Fix some resource leaks in some error paths
31a01f207 jbd2: make sure jh have b_transaction set in refile/unfile_buffer
d06262844 ext4: don't BUG on inconsistent journal feature
4184bbbe0 jbd2: abort journal if free a async write error metadata buffer
f58c1d479 fs: prevent BUG_ON in submit_bh_wbc()
d5a7a669c spi: stm32: fix stm32_spi_prepare_mbr in case of odd clk_rate
5a11986d2 s390/cio: add cond_resched() in the slow_eval_known_fn() loop
2c892e469 scsi: ufs: Fix possible infinite loop in ufshcd_hold
02c9c3d10 scsi: ufs: Improve interrupt handling for shared interrupts
bc1ebf0be scsi: ufs: Clean up completed request without interrupt notification
b72a98182 net: gianfar: Add of_node_put() before goto statement
2ebc4d39a powerpc/perf: Fix soft lockups due to missed interrupt accounting
0b8096f70 HID: i2c-hid: Always sleep 60ms after I2C_HID_PWR_ON commands
66a7a9818 btrfs: fix space cache memory leak after transaction abort
f265c7159 fbcon: prevent user font height or width change from causing potential out-of-bounds access
feab3bbc3 USB: lvtest: return proper error code in probe
09d2afcf6 vt: defer kfree() of vc_screenbuf in vc_do_resize()
0b5d8bc35 vt_ioctl: change VT_RESIZEX ioctl to check for error return from vc_resize()
dd3e0bd17 serial: samsung: Removes the IRQ not found warning
ddf561013 serial: pl011: Fix oops on -EPROBE_DEFER
b183cabbc serial: pl011: Don't leak amba_ports entry on driver register error
006e4df7f serial: 8250_exar: Fix number of ports for Commtech PCIe cards
444ed0619 serial: 8250: change lock order in serial8250_do_startup()
9fec9b822 writeback: Protect inode->i_io_list with inode->i_lock
c38f5269b writeback: Avoid skipping inode writeback
5660cf625 writeback: Fix sync livelock due to b_dirty_time processing
ee92e54ba XEN uses irqdesc::irq_data_common::handler_data to store a per interrupt XEN data pointer which contains XEN specific information.
b2b7588e9 xhci: Do warm-reset when both CAS and XDEV_RESUME are set
db9d6085d PM: sleep: core: Fix the handling of pending runtime resume requests
8e277077b device property: Fix the secondary firmware node handling in set_primary_fwnode()
0eb3c1c7d drm/amdgpu: Fix buffer overflow in INFO ioctl
9680bef44 USB: yurex: Fix bad gfp argument
0cb06b886 usb: uas: Add quirk for PNY Pro Elite
c2cf05822 USB: quirks: Add no-lpm quirk for another Raydium touchscreen
310bfed8a USB: Ignore UAS for JMicron JMS567 ATA/ATAPI Bridge
88f8c7a71 usb: host: ohci-exynos: Fix error handling in exynos_ohci_probe()
494d4f772 overflow.h: Add allocation size calculation helpers
03dc3df2c USB: gadget: u_f: add overflow checks to VLA macros
46005d2ea USB: gadget: f_ncm: add bounds checks to ncm_unwrap_ntb()
088817ff2 USB: gadget: u_f: Unbreak offset calculation in VLAs
1567f3cac USB: cdc-acm: rework notification_buffer resizing
cea80b779 usb: storage: Add unusual_uas entry for Sony PSZ drives
cea1372c9 btrfs: check the right error variable in btrfs_del_dir_entries_in_log
9c27ddbc2 tpm: Unify the mismatching TPM space buffer sizes
f3eaee8ad HID: hiddev: Fix slab-out-of-bounds write in hiddev_ioctl_usage()
cf07828d3 ALSA: usb-audio: Update documentation comment for MS2109 quirk
b1f93917b Linux 4.14.196
7b6fd676b Fix redefination errors
35b9e23ac Revert "ext4: fix checking of directory entry validity for inline directories"
e298298cc HID: core: Correctly handle ReportSize being zero
31b4be8f2 HID: core: Sanitize event code and type when mapping input
c8ccb7134 perf record/stat: Explicitly call out event modifiers in the documentation
a43184e90 drm/msm: add shutdown support for display platform_driver
42d947e3c hwmon: (applesmc) check status earlier.
0dabe59ba nvmet: Disable keep-alive timer when kato is cleared to 0h
f74b6ca00 ceph: don't allow setlease on cephfs
b34612b25 cpuidle: Fixup IRQ state
9b9213f04 s390: don't trace preemption in percpu macros
90faf2f52 xen/xenbus: Fix granting of vmalloc'd memory
40ea13b08 dmaengine: of-dma: Fix of_dma_router_xlate's of_dma_xlate handling
52fb83cd2 batman-adv: Avoid uninitialized chaddr when handling DHCP
a5dcd45d8 batman-adv: Fix own OGM check in aggregated OGMs
54542067a batman-adv: bla: use netif_rx_ni when not in interrupt context
9e25897c9 dmaengine: at_hdmac: check return value of of_find_device_by_node() in at_dma_xlate()
9501e6e47 MIPS: mm: BMIPS5000 has inclusive physical caches
49583ba86 MIPS: BMIPS: Also call bmips_cpu_setup() for secondary cores
5a5e0b8ff netfilter: nf_tables: add NFTA_SET_USERDATA if not null
a22e8bde3 netfilter: nf_tables: incorrect enum nft_list_attributes definition
cd4ee6e69 netfilter: nf_tables: fix destination register zeroing
926b6c3c5 net: hns: Fix memleak in hns_nic_dev_probe
54b286544 net: systemport: Fix memleak in bcm_sysport_probe
d0b27988e ravb: Fixed to be able to unload modules
7e80bec78 net: arc_emac: Fix memleak in arc_mdio_probe
7c2b71435 dmaengine: pl330: Fix burst length if burst size is smaller than bus width
19f671e83 gtp: add GTPA_LINK info to msg sent to userspace
866224606 bnxt_en: Check for zero dir entries in NVRAM.
e1afbc50c bnxt_en: Fix PCI AER error recovery flow
48c3aa1af nvmet-fc: Fix a missed _irqsave version of spin_lock in 'nvmet_fc_fod_op_done()'
323be7cca perf tools: Correct SNOOPX field offset
e5a18f45c net: ethernet: mlx4: Fix memory allocation in mlx4_buddy_init()
9fcb297a1 fix regression in "epoll: Keep a reference on files added to the check list"
b8fc6b6b0 tg3: Fix soft lockup when tg3_reset_task() fails.
85fc94532 iommu/vt-d: Serialize IOMMU GCMD register modifications
688e6150a thermal: ti-soc-thermal: Fix bogus thermal shutdowns for omap4430
c5b142b8c include/linux/log2.h: add missing () around n in roundup_pow_of_two()
3ed34b76c btrfs: drop path before adding new uuid tree entry
e9ce198eb btrfs: Remove redundant extent_buffer_get in get_old_root
621042355 btrfs: Remove extraneous extent_buffer_get from tree_mod_log_rewind
33bcb92be btrfs: set the lockdep class for log tree extent buffers
26f9daa67 uaccess: Add non-pagefault user-space read functions
8b8d28912 uaccess: Add non-pagefault user-space write function
d6f773c8a btrfs: fix potential deadlock in the search ioctl
08786b47f net: usb: qmi_wwan: add Telit 0x1050 composition
294170a78 usb: qmi_wwan: add D-Link DWM-222 A2 device ID
9c7688bbd ALSA: ca0106: fix error code handling
1794da8b3 ALSA: pcm: oss: Remove superfluous WARN_ON() for mulaw sanity check
991f9435a ALSA: hda/hdmi: always check pin power status in i915 pin fixup
2cb26bc43 ALSA: firewire-digi00x: exclude Avid Adrenaline from detection
08917ae0a affs: fix basic permission bits to actually work
e4b073dae block: allow for_each_bvec to support zero len bvec
4b0013020 block: Move SECTOR_SIZE and SECTOR_SHIFT definitions into <linux/blkdev.h>
27832b95e libata: implement ATA_HORKAGE_MAX_TRIM_128M and apply to Sandisks
e7700514d dm cache metadata: Avoid returning cmd->bm wild pointer on error
594b4c558 dm thin metadata: Avoid returning cmd->bm wild pointer on error
3a1919657 mm: slub: fix conversion of freelist_corrupted()
48f1a13a4 KVM: arm64: Add kvm_extable for vaxorcism code
2f4ca1325 KVM: arm64: Defer guest entry when an asynchronous exception is pending
85d218549 KVM: arm64: Survive synchronous exceptions caused by AT instructions
5a648b84b KVM: arm64: Set HCR_EL2.PTW to prevent AT taking synchronous exception
92f064a6c checkpatch: fix the usage of capture group ( ... )
92af3d2e7 mm/hugetlb: fix a race between hugetlb sysctl handlers
404c90af4 cfg80211: regulatory: reject invalid hints
90e21339c net: usb: Fix uninit-was-stored issue in asix_read_phy_addr()
c6f94402d Linux 4.14.197
79b448aed ALSA; firewire-tascam: exclude Tascam FE-8 from detection
e62213751 block: ensure bdi->io_pages is always initialized
3f255d7a7 vfio/type1: Support faulting PFNMAP vmas
79be4ce9c vfio-pci: Fault mmaps to enable vma tracking
14474d7c2 vfio-pci: Invalidate mmaps and block MMIO access on disabled memory
ebb1e00ee vfio/pci: Fix SR-IOV VF handling with MMIO blocking
a01c817db bnxt: don't enable NAPI until rings are ready
9781c1495 netlabel: fix problems with mapping removal
e59d5292a net: usb: dm9601: Add USB ID of Keenetic Plus DSL
e78cbf47b sctp: not disable bh in the whole sctp_get_port_local()
922fcb0ed tipc: fix shutdown() of connectionless socket
c95bf6c08 net: disable netpoll on fresh napis
dc4da2bb3 Linux 4.14.198
6f07b8f63 ARM: dts: socfpga: fix register entry for timer3 on Arria10
7bfb1f1a3 RDMA/rxe: Fix memleak in rxe_mem_init_user
b541a0b61 RDMA/rxe: Drop pointless checks in rxe_init_ports
8b64d4ae0 scsi: libsas: Set data_dir as DMA_NONE if libata marks qc as NODATA
79e156ef4 RDMA/core: Fix reported speed and width
741ca5df1 mmc: sdhci-msm: Add retries when all tuning phases are found valid
44ba52810 ARM: dts: BCM5301X: Fixed QSPI compatible string
2259be624 arm64: dts: ns2: Fixed QSPI compatible string
91ee5a122 ARC: HSDK: wireup perf irq
ec38e92dc dmaengine: acpi: Put the CSRT table after using it
d6b3fa8b9 drivers/net/wan/lapbether: Added needed_tailroom
ac69ca27b NFC: st95hf: Fix memleak in st95hf_in_send_cmd
2d76a4427 firestream: Fix memleak in fs_open
b099ee625 ALSA: hda: Fix 2 channel swapping for Tegra
395885851 drivers/net/wan/lapbether: Set network_header before transmitting
e1c434d77 xfs: initialize the shortform attr header padding entry
8d8a7a2ff irqchip/eznps: Fix build error for !ARC700 builds
f3cf21b24 drivers/net/wan/hdlc_cisco: Add hard_header_len
6a7ad7db0 ARC: [plat-hsdk]: Switch ethernet phy-mode to rgmii-id
225b6a995 cpufreq: intel_pstate: Refuse to turn off with HWP enabled
4a941413a ALSA: hda: fix a runtime pm issue in SOF when integrated GPU is disabled
a4080ee49 gcov: Disable gcov build with GCC 10
59ed5a8a4 iio: adc: mcp3422: fix locking scope
d42a8cba6 iio: adc: mcp3422: fix locking on error path
1a724e650 iio: adc: ti-ads1015: fix conversion when CONFIG_PM is not set
c3417536b iio:light:ltr501 Fix timestamp alignment issue.
2bd63fb44 iio:accel:bmc150-accel: Fix timestamp alignment and prevent data leak.
f80fed0da iio:adc:ti-adc084s021 Fix alignment and data leak issues.
df7f4e46d iio:adc:ina2xx Fix timestamp alignment issue.
bf154bbc3 iio:adc:max1118 Fix alignment of timestamp and data leak issues
648c87b0f iio:adc:ti-adc081c Fix alignment and data leak issues
9f84e2bcb iio:magnetometer:ak8975 Fix alignment and data leak issues.
be561b4fa iio:light:max44000 Fix timestamp alignment and prevent data leak.
4d296791c iio:chemical:ccs811: Fix timestamp alignment and prevent data leak.
b1492536a iio: accel: kxsd9: Fix alignment of local buffer.
cdbfd0eb4 iio:accel:mma7455: Fix timestamp alignment and prevent data leak.
da8a2a801 iio:accel:mma8452: Fix timestamp alignment and prevent data leak.
b142aefc7 staging: wlan-ng: fix out of bounds read in prism2sta_probe_usb()
0ff150a7d btrfs: require only sector size alignment for parent eb bytenr
d0ce84b59 btrfs: fix lockdep splat in add_missing_dev
7f2b01104 btrfs: fix wrong address when faulting in pages in the search ioctl
ce19ca00c regulator: push allocation in set_consumer_device_supply() out of lock
82a1a84be scsi: target: iscsi: Fix data digest calculation
c6481992a scsi: target: iscsi: Fix hang in iscsit_access_np() when getting tpg->np_login_sem
e6b0fe198 rbd: require global CAP_SYS_ADMIN for mapping and unmapping
c5364b010 RDMA/rxe: Fix the parent sysfs read when the interface has 15 chars
ee637084a fbcon: remove soft scrollback code
57f4e574d fbcon: remove now unusued 'softback_lines' cursor() argument
a9c71726d vgacon: remove software scrollback support
5e25b7e4d KVM: VMX: Don't freeze guest when event delivery causes an APIC-access exit
414d64878 ARM: dts: vfxxx: Add syscon compatible with OCOTP
073c71c23 video: fbdev: fix OOB read in vga_8planes_imageblit()
eb514b9c6 staging: greybus: audio: fix uninitialized value issue
68bafda5b usb: core: fix slab-out-of-bounds Read in read_descriptors
e4dfb27cf USB: serial: ftdi_sio: add IDs for Xsens Mti USB converter
26f716f92 USB: serial: option: support dynamic Quectel USB compositions
b52022ff4 USB: serial: option: add support for SIM7070/SIM7080/SIM7090 modules
f1fabf2a6 usb: Fix out of sync data toggle if a configured device is reconfigured
295b21414 usb: typec: ucsi: acpi: Check the _DEP dependencies
6a0a9a565 gcov: add support for GCC 10.1
3a74d02ad gfs2: initialize transaction tr_ailX_lists earlier
13928bb53 net: handle the return value of pskb_carve_frag_list() correctly
fa8149eae hv_netvsc: Remove "unlikely" from netvsc_select_queue
a19a76717 NFSv4.1 handle ERR_DELAY error reclaiming locking state on delegation recall
ee6c7884d scsi: pm8001: Fix memleak in pm8001_exec_internal_task_abort
15cdb3a99 scsi: libfc: Fix for double free()
680430567 scsi: lpfc: Fix FLOGI/PLOGI receive race condition in pt2pt discovery
1b6e011bd spi: spi-loopback-test: Fix out-of-bounds read
15ef6c984 SUNRPC: stop printk reading past end of string
b93b7c70b rapidio: Replace 'select' DMAENGINES 'with depends on'
9750facf6 nvme-fc: cancel async events before freeing event struct
283b74662 f2fs: fix indefinite loop scanning for free nid
baa170efb i2c: algo: pca: Reapply i2c bus settings after reset
51ab025a7 spi: Fix memory leak on splited transfers
ff7212c02 KVM: MIPS: Change the definition of kvm type
273920a98 clk: rockchip: Fix initialization of mux_pll_src_4plls_p
27601ba32 Drivers: hv: vmbus: Add timeout to vmbus_wait_for_unload
ba56c55da MIPS: SNI: Fix MIPS_L1_CACHE_SHIFT
8fdb853f7 perf test: Free formats for perf pmu parse test
4f67fa6d0 fbcon: Fix user font detection test at fbcon_resize().
eefa04fd9 MIPS: SNI: Fix spurious interrupts
4ddedbd45 drm/mediatek: Add exception handing in mtk_drm_probe() if component init fail
11a2ef5fc drm/mediatek: Add missing put_device() call in mtk_hdmi_dt_parse_pdata()
56a92d6da USB: quirks: Add USB_QUIRK_IGNORE_REMOTE_WAKEUP quirk for BYD zhaoxin notebook
39c9764e6 USB: UAS: fix disconnect by unplugging a hub
7ffdcbf8c usblp: fix race between disconnect() and read()
1cda44480 i2c: i801: Fix resume bug
1818dd9ed percpu: fix first chunk size calculation for populated bitmap
46a5d0fc1 Input: trackpoint - add new trackpoint variant IDs
8b31f0af4 Input: i8042 - add Entroware Proteus EL07R4 to nomux and reset lists
077f7d576 serial: 8250_pci: Add Realtek 816a and 816b
3a36f0737 ehci-hcd: Move include to keep CRC stable
fa73293aa powerpc/dma: Fix dma_map_ops::get_required_mask
349a85544 x86/defconfig: Enable CONFIG_USB_XHCI_HCD=y
3c2d60e17 Linux 4.14.199
57d0d0dd3 af_key: pfkey_dump needs parameter validation
327ff35e9 phy: qcom-qmp: Use correct values for ipq8074 PCIe Gen2 PHY init
5aa3fd7a0 KVM: fix memory leak in kvm_io_bus_unregister_dev()
9dc74bd4e kprobes: fix kill kprobe which has been marked as gone
26a305123 mm/thp: fix __split_huge_pmd_locked() for migration PMD
c0f4c1b5e RDMA/ucma: ucma_context reference leak in error path
290ce9c92 hdlc_ppp: add range checks in ppp_cp_parse_cr()
409722a18 ip: fix tos reflection in ack and reset packets
cb65969d6 net: ipv6: fix kconfig dependency warning for IPV6_SEG6_HMAC
4cfa4b109 tipc: fix shutdown() of connection oriented socket
c3916fb30 tipc: use skb_unshare() instead in tipc_buf_append()
764777609 bnxt_en: Protect bnxt_set_eee() and bnxt_set_pauseparam() with mutex.
87d97f3dd net: phy: Avoid NPD upon phy_detach() when driver is unbound
03bc3f333 net: add __must_check to skb_put_padto()
cdb44a6ec ipv4: Update exception handling for multipath routes via same device
7b3063348 geneve: add transport ports in route lookup for geneve
1c794ba8d serial: 8250: Avoid error message on reprobe
414c3be01 mm: fix double page fault on arm64 if PTE_AF is cleared
9f734e422 scsi: aacraid: fix illegal IO beyond last LBA
6532177d8 m68k: q40: Fix info-leak in rtc_ioctl
3e47c72e3 gma/gma500: fix a memory disclosure bug due to uninitialized bytes
807c64190 ASoC: kirkwood: fix IRQ error handling
1a2806a2d media: smiapp: Fix error handling at NVM reading
6fdf32329 arch/x86/lib/usercopy_64.c: fix __copy_user_flushcache() cache writeback
00944f57c x86/ioapic: Unbreak check_timer()
dd980e0e1 ALSA: usb-audio: Add delay quirk for H570e USB headsets
9c8cf8691 ALSA: hda/realtek - Couldn't detect Mic if booting with headset plugged
ba9cd537f PM / devfreq: tegra30: Fix integer overflow on CPU's freq max out
5d04c63f0 scsi: fnic: fix use after free
fd8a483f2 clk/ti/adpll: allocate room for terminating null
257014587 mtd: cfi_cmdset_0002: don't free cfi->cfiq in error path of cfi_amdstd_setup()
b15a06dc4 mfd: mfd-core: Protect against NULL call-back function pointer
ebd2f4654 tracing: Adding NULL checks for trace_array descriptor pointer
19dc0b626 bcache: fix a lost wake-up problem caused by mca_cannibalize_lock
60454ee61 RDMA/i40iw: Fix potential use after free
8f547b7cb xfs: fix attr leaf header freemap.size underflow
89024b80a RDMA/iw_cgxb4: Fix an error handling path in 'c4iw_connect()'
cbb0d9aae mmc: core: Fix size overflow for mmc partitions
46d18137e gfs2: clean up iopen glock mess in gfs2_create_inode
a97630dcf debugfs: Fix !DEBUG_FS debugfs_create_automount
c76a3b9ca CIFS: Properly process SMB3 lease breaks
24499156a kernel/sys.c: avoid copying possible padding bytes in copy_to_user
df1c3d715 neigh_stat_seq_next() should increase position index
9b8bc2af0 rt_cpu_seq_next should increase position index
fbfb90645 seqlock: Require WRITE_ONCE surrounding raw_seqcount_barrier
4f3307d69 media: ti-vpe: cal: Restrict DMA to avoid memory corruption
f42d84abf ACPI: EC: Reference count query handlers under lock
9a8bc64e4 dmaengine: zynqmp_dma: fix burst length configuration
048e84058 powerpc/eeh: Only dump stack once if an MMIO loop is detected
eaa954249 tracing: Set kernel_stack's caller size properly
1fafb0862 ar5523: Add USB ID of SMCWUSBT-G2 wireless adapter
a5cf42e80 selftests/ftrace: fix glob selftest
f6e83ff6f tools/power/x86/intel_pstate_tracer: changes for python 3 compatibility
c7d27d696 Bluetooth: Fix refcount use-after-free issue
7bf1addf7 mm: pagewalk: fix termination condition in walk_pte_range()
22f21f903 Bluetooth: prefetch channel before killing sock
7fbca57a7 KVM: fix overflow of zero page refcount with ksm running
7cdf84855 ALSA: hda: Clear RIRB status before reading WP
c50dc18dd skbuff: fix a data race in skb_queue_len()
4322ad854 audit: CONFIG_CHANGE don't log internal bookkeeping as an event
745fe08a4 selinux: sel_avc_get_stat_idx should increase position index
4e2eac64c scsi: lpfc: Fix RQ buffer leakage when no IOCBs available
8875e7b1d scsi: lpfc: Fix coverity errors in fmdi attribute handling
e443fffe4 drm/omap: fix possible object reference leak
3730f4131 perf test: Fix test trace+probe_vfs_getname.sh on s390
8d0784bb2 RDMA/rxe: Fix configuration of atomic queue pair attributes
ab55b25cd KVM: x86: fix incorrect comparison in trace event
f51ae3714 media: staging/imx: Missing assignment in imx_media_capture_device_register()
4411f15f5 x86/pkeys: Add check for pkey "overflow"
4354cd323 bpf: Remove recursion prevention from rcu free callback
1b58c0607 dmaengine: tegra-apb: Prevent race conditions on channel's freeing
4e64dc3c8 media: go7007: Fix URB type for interrupt handling
7f183768b Bluetooth: guard against controllers sending zero'd events
059266d3e timekeeping: Prevent 32bit truncation in scale64_check_overflow()
ca30eaecd ext4: fix a data race at inode->i_disksize
c8731cd1e mm: avoid data corruption on CoW fault into PFN-mapped VMA
5fd34ebc1 drm/amdgpu: increase atombios cmd timeout
6da8f57b6 ath10k: use kzalloc to read for ath10k_sdio_hif_diag_read
f1810c0dd scsi: aacraid: Disabling TM path and only processing IOP reset
228f6c1e9 Bluetooth: L2CAP: handle l2cap config request during open state
20752fa17 media: tda10071: fix unsigned sign extension overflow
76c32ab94 xfs: don't ever return a stale pointer from __xfs_dir3_free_read
32bdffa5d tpm: ibmvtpm: Wait for buffer to be set before proceeding
782ee010e rtc: ds1374: fix possible race condition
54d9979be tracing: Use address-of operator on section symbols
c9453988e serial: 8250_port: Don't service RX FIFO if throttled
8221b8e35 serial: 8250_omap: Fix sleeping function called from invalid context during probe
a5ab312f2 serial: 8250: 8250_omap: Terminate DMA before pushing data on RX timeout
284eeb2f1 perf cpumap: Fix snprintf overflow check
113181e87 cpufreq: powernv: Fix frame-size-overflow in powernv_cpufreq_work_fn
aff4c6a6a tools: gpio-hammer: Avoid potential overflow in main
c9ad42b62 RDMA/rxe: Set sys_image_guid to be aligned with HW IB devices
9a001edc9 SUNRPC: Fix a potential buffer overflow in 'svc_print_xprts()'
abce55ccf svcrdma: Fix leak of transport addresses
0e1c12120 ubifs: Fix out-of-bounds memory access caused by abnormal value of node_len
de419938f ALSA: usb-audio: Fix case when USB MIDI interface has more than one extra endpoint descriptor
ed16dbee1 NFS: Fix races nfs_page_group_destroy() vs nfs_destroy_unlinked_subrequests()
0dc8354f6 mm/kmemleak.c: use address-of operator on section symbols
b6c0106d0 mm/filemap.c: clear page error before actual read
68fd64595 mm/vmscan.c: fix data races using kswapd_classzone_idx
2d83f8d6a mm/mmap.c: initialize align_offset explicitly for vm_unmapped_area
f2149a13f scsi: qedi: Fix termination timeouts in session logout
8817c4c7a serial: uartps: Wait for tx_empty in console setup
a2cb678fb KVM: Remove CREATE_IRQCHIP/SET_PIT2 race
a2533decc bdev: Reduce time holding bd_mutex in sync in blkdev_close()
f37e913da drivers: char: tlclk.c: Avoid data race between init and interrupt handler
cfb7b02dd staging:r8188eu: avoid skb_clone for amsdu to msdu conversion
cfca366be sparc64: vcc: Fix error return code in vcc_probe()
86f77406e arm64: cpufeature: Relax checks for AArch32 support at EL[0-2]
f83ce120c dt-bindings: sound: wm8994: Correct required supplies based on actual implementaion
137aa6a4e atm: fix a memory leak of vcc->user_back
839cf17ea power: supply: max17040: Correct voltage reading
0220cddf8 phy: samsung: s5pv210-usb2: Add delay after reset
0a340271a Bluetooth: Handle Inquiry Cancel error after Inquiry Complete
0f2eaacd5 USB: EHCI: ehci-mv: fix error handling in mv_ehci_probe()
b9aa3ce69 tty: serial: samsung: Correct clock selection logic
de665b1e7 ALSA: hda: Fix potential race in unsol event handler
07ac18026 powerpc/traps: Make unrecoverable NMIs die instead of panic
e6ab06e87 fuse: don't check refcount after stealing page
53a99804f USB: EHCI: ehci-mv: fix less than zero comparison of an unsigned int
ff1d8143d arm64/cpufeature: Drop TraceFilt feature exposure from ID_DFR0 register
f75a953fc e1000: Do not perform reset in reset_task if we are already down
51dd3a30d drm/nouveau/debugfs: fix runtime pm imbalance on error
51bfa779e printk: handle blank console arguments passed in.
dc5c168ac usb: dwc3: Increase timeout for CmdAct cleared by device controller
18de02607 btrfs: don't force read-only after error in drop snapshot
bcce8b4ab vfio/pci: fix memory leaks of eventfd ctx
f1d7d1076 perf util: Fix memory leak of prefix_if_not_in
614103d40 perf kcore_copy: Fix module map when there are no modules loaded
799015007 mtd: rawnand: omap_elm: Fix runtime PM imbalance on error
5a7f8b0c0 ceph: fix potential race in ceph_check_caps
25cfc0bae mm/swap_state: fix a data race in swapin_nr_pages
43787abcd rapidio: avoid data race between file operation callbacks and mport_cdev_add().
bf91a2e84 mtd: parser: cmdline: Support MTD names containing one or more colons
84a530c9f x86/speculation/mds: Mark mds_user_clear_cpu_buffers() __always_inline
0f90c26ba vfio/pci: Clear error and request eventfd ctx after releasing
74797676b cifs: Fix double add page to memcg when cifs_readpages
1a36ea9e8 scsi: libfc: Handling of extra kref
714c1585f scsi: libfc: Skip additional kref updating work event
6cf38cc51 selftests/x86/syscall_nt: Clear weird flags after each test
a41fd2067 vfio/pci: fix racy on error and request eventfd ctx
7b26f2f16 btrfs: qgroup: fix data leak caused by race between writeback and truncate
b90fcb5f3 s390/init: add missing __init annotations
50a81339e i2c: core: Call i2c_acpi_install_space_handler() before i2c_acpi_register_devices()
52d8432b4 objtool: Fix noreturn detection for ignored functions
86046c8f0 ieee802154: fix one possible memleak in ca8210_dev_com_init
6e6fec5e5 ieee802154/adf7242: check status of adf7242_read_reg
f184d38c3 clocksource/drivers/h8300_timer8: Fix wrong return value in h8300_8timer_init()
f0f548596 mwifiex: Increase AES key storage size to 256 bits
eee000b2f batman-adv: bla: fix type misuse for backbone_gw hash indexing
d5d0a2684 atm: eni: fix the missed pci_disable_device() for eni_init_one()
ce296b051 batman-adv: mcast/TT: fix wrongly dropped or rerouted packets
9073c193a mac802154: tx: fix use-after-free
ffdb19241 drm/vc4/vc4_hdmi: fill ASoC card owner
7cfb91d3a net: qed: RDMA personality shouldn't fail VF load
84dc9f99b batman-adv: Add missing include for in_interrupt()
060494398 batman-adv: mcast: fix duplicate mcast packets in BLA backbone from mesh
895324ef6 ALSA: asihpi: fix iounmap in error handler
25a1ce8df MIPS: Add the missing 'CPU_1074K' into __get_cpu_type()
82e03497d s390/dasd: Fix zero write for FBA devices
c9d53d685 kprobes: Fix to check probe enabled before disarm_kprobe_ftrace()
edbb60777 mm, THP, swap: fix allocating cluster for swapfile by mistake
f2108bc91 lib/string.c: implement stpcpy
bd4c0cfa1 ata: define AC_ERR_OK
37f6a72f3 ata: make qc_prep return ata_completion_errors
b2d8407c6 ata: sata_mv, avoid trigerrable BUG_ON
3aabcae43 Linux 4.14.200
e247addfd Revert a small change from 46961211b097409c50651e0e2d0fc6dbe0c7be73 causing undeclared error
e7120bfd7 vsock/virtio: use RCU to avoid use-after-free on the_virtio_vsock
f7c2b4c90 vsock/virtio: stop workers during the .remove()
d1f900d12 vsock/virtio: add transport parameter to the virtio_transport_reset_no_sock()
fbbd894a4 net: virtio_vsock: Enhance connection semantics
7b9ba79a5 USB: gadget: f_ncm: Fix NDP16 datagram validation
9c191e37a gpio: tc35894: fix up tc35894 interrupt configuration
aba99f7ef Input: i8042 - add nopnp quirk for Acer Aspire 5 A515
7af93adcb drm/amdgpu: restore proper ref count in amdgpu_display_crtc_set_config
635081269 drivers/net/wan/hdlc_fr: Add needed_headroom for PVC devices
cccdc1535 drm/sun4i: mixer: Extend regmap max_register
8ff616755 net: dec: de2104x: Increase receive ring size for Tulip
c6a897c20 rndis_host: increase sleep time in the query-response loop
6066580fe drivers/net/wan/lapbether: Make skb->protocol consistent with the header
bda789c1e drivers/net/wan/hdlc: Set skb->protocol before transmitting
229e148a6 mac80211: do not allow bigger VHT MPDUs than the hardware supports
2dc71aab0 spi: fsl-espi: Only process interrupts for expected events
d28c96e0b nvme-fc: fail new connections to a deleted host or remote port
e934260c8 pinctrl: mvebu: Fix i2c sda definition for 98DX3236
76c95d9a3 nfs: Fix security label length not being reset
215a80531 clk: samsung: exynos4: mark 'chipid' clock as CLK_IGNORE_UNUSED
1a6a6cfa5 iommu/exynos: add missing put_device() call in exynos_iommu_of_xlate()
9b7225bee i2c: cpm: Fix i2c_ram structure
e5ffdff26 Input: trackpoint - enable Synaptics trackpoints
f95e19e5b random32: Restore __latent_entropy attribute on net_rand_state
5fd5e45ef net/packet: fix overflow in tpacket_rcv
998a2d702 epoll: do not insert into poll queues until all sanity checks are done
c072cc2c6 epoll: replace ->visited/visited_list with generation count
055b57776 epoll: EPOLL_CTL_ADD: close the race in decision to take fast path
c0e04e05d ep_create_wakeup_source(): dentry name can change under you...
2dcb34b70 netfilter: ctnetlink: add a range check for l3/l4 protonum
183c57afc drm/syncobj: Fix drm_syncobj_handle_to_fd refcount leak
66b4b608c fbdev, newport_con: Move FONT_EXTRA_WORDS macros into linux/font.h
dc6d56572 Fonts: Support FONT_EXTRA_WORDS macros for built-in fonts
259c9726a Revert "ravb: Fixed to be able to unload modules"
7c59a1538 fbcon: Fix global-out-of-bounds read in fbcon_get_font()
9d581c3f3 net: wireless: nl80211: fix out-of-bounds access in nl80211_del_key()
b1a6d0c6f usermodehelper: reset umask to default before executing user process
b32a95f14 platform/x86: thinkpad_acpi: initialize tp_nvram_state variable
5ea72da80 platform/x86: thinkpad_acpi: re-initialize ACPI buffer size when reuse
a848e55bf driver core: Fix probe_count imbalance in really_probe()
81f47270f perf top: Fix stdio interface input handling with glibc 2.28+
cba657aaf mtd: rawnand: sunxi: Fix the probe error path
7986ff478 Btrfs: fix unexpected failure of nocow buffered writes after snapshotting when low on space
65159a57d ftrace: Move RCU is watching check after recursion check
d0a975bc9 macsec: avoid use-after-free in macsec_handle_frame()
3699cc109 mm/khugepaged: fix filemap page_to_pgoff(page) != offset
6ccb96be2 cifs: Fix incomplete memory allocation on setxattr path
f9f2751e0 i2c: meson: fix clock setting overwrite
d6deeca2d sctp: fix sctp_auth_init_hmacs() error path
f388538ea team: set dev->needed_headroom in team_setup_by_port()
5afd23967 net: team: fix memory leak in __team_options_register
a2e07a7f4 openvswitch: handle DNAT tuple collision
600f6b2df drm/amdgpu: prevent double kfree ttm->sg
5a62eacbc xfrm: clone XFRMA_REPLAY_ESN_VAL in xfrm_do_migrate
6e827f0f4 xfrm: clone XFRMA_SEC_CTX in xfrm_do_migrate
1a984ba09 xfrm: clone whole liftime_cur structure in xfrm_do_migrate
ad4407219 net: stmmac: removed enabling eee in EEE set callback
d5012461b platform/x86: fix kconfig dependency warning for FUJITSU_LAPTOP
7549b5704 xfrm: Use correct address family in xfrm_state_find
8b0eb2277 bonding: set dev->needed_headroom in bond_setup_by_slave()
201f25035 mdio: fix mdio-thunder.c dependency & build error
87a45a23e net: usb: ax88179_178a: fix missing stop entry in driver_info
177ed726f rxrpc: Fix rxkad token xdr encoding
34105f950 rxrpc: Downgrade the BUG() for unsupported token type in rxrpc_read()
14094c42c rxrpc: Fix some missing _bh annotations on locking conn->state_lock
eb7881dfd rxrpc: Fix server keyring leak
20d618e8d perf: Fix task_function_call() error handling
680b4b9e5 mmc: core: don't set limits.discard_granularity as 0
17f16f575 mm: khugepaged: recalculate min_free_kbytes after memory hotplug as expected by khugepaged
67c02c600 net: usb: rtl8150: set random MAC address when set_ethernet_addr() fails
68bdc540f Linux 4.14.201
a5524c2c4 Bluetooth: fix kernel oops in store_pending_adv_report
8bc29146d Bluetooth: A2MP: Fix not initializing all members
02c3ef31a Bluetooth: L2CAP: Fix calling sk_filter on non-socket based channel
4d7f27d60 Bluetooth: MGMT: Fix not checking if BT_HS is enabled
afb770216 Bluetooth: Consolidate encryption handling in hci_encrypt_cfm
8b8e869c5 Bluetooth: Fix update of connection state in `hci_encrypt_cfm`
0083280d8 Bluetooth: Disconnect if E0 is used for Level 4
deb77d237 media: usbtv: Fix refcounting mixup
1ebaddcfc USB: serial: option: add Cellient MPL200 card
385b8394a USB: serial: option: Add Telit FT980-KS composition
e59497ad7 staging: comedi: check validity of wMaxPacketSize of usb endpoints found
cf07e4ed3 USB: serial: pl2303: add device-id for HP GC device
a2ec8696e USB: serial: ftdi_sio: add support for FreeCalypso JTAG+UART adapters
c1a70a501 reiserfs: Initialize inode keys properly
afab14afb reiserfs: Fix oops during mount
a7bc2f657 drivers/net/ethernet/marvell/mvmdio.c: Fix non OF case
d85a63f27 crypto: bcm - Verify GCM/CCM key length in setkey
35f2c2a70 crypto: qat - check cipher length for aead AES-CBC-HMAC-SHA
df3366515 Linux 4.14.202
5131e3b8c ibmveth: Switch order of ibmveth_helper calls.
53fdf07ca ibmveth: Identify ingress large send packets.
5d084b31a ipv4: Restore flowi4_oif update before call to xfrm_lookup_route
7bd82d74c mlx4: handle non-napi callers to napi_poll
d6a1dd1c8 net: usb: qmi_wwan: add Cellient MPL200 card
a2fe11062 tipc: fix the skb_unshare() in tipc_buf_append()
e6542aa1c net/ipv4: always honour route mtu during forwarding
205177729 r8169: fix data corruption issue on RTL8402
deba27358 binder: fix UAF when releasing todo list
f62d9d016 ALSA: bebob: potential info leak in hwdep_read()
f450275e5 net: hdlc: In hdlc_rcv, check to make sure dev is an HDLC device
0c701ba2a net: hdlc_raw_eth: Clear the IFF_TX_SKB_SHARING flag after calling ether_setup
685aa7bbc nfc: Ensure presence of NFC_ATTR_FIRMWARE_NAME attribute in nfc_genl_fw_download()
6199bbead tcp: fix to update snd_wl1 in bulk receiver fast path
797bf66b0 icmp: randomize the global rate limiter
85540edfd cifs: remove bogus debug code
fc105d62b cifs: Return the error from crypt_message when enc/dec key not found.
043db2c5b KVM: x86/mmu: Commit zap of remaining invalid pages when recovering lpages
538cd4b0e KVM: SVM: Initialize prev_ga_tag before use
fc59e47ef ima: Don't ignore errors from crypto_shash_update()
8d1cce569 crypto: algif_aead - Do not set MAY_BACKLOG on the async path
07c43b271 EDAC/i5100: Fix error handling order in i5100_init_one()
b9758ba70 x86/fpu: Allow multiple bits in clearcpuid= parameter
ad4017a60 drivers/perf: xgene_pmu: Fix uninitialized resource struct
618f7cb47 crypto: algif_skcipher - EBUSY on aio should be an error
5be0c5197 crypto: mediatek - Fix wrong return value in mtk_desc_ring_alloc()
6ef8f0a1a crypto: ixp4xx - Fix the size used in a 'dma_free_coherent()' call
b0684676e media: tuner-simple: fix regression in simple_set_radio_freq
d18c133c5 media: Revert "media: exynos4-is: Add missed check for pinctrl_lookup_state()"
1bce47830 media: m5mols: Check function pointer in m5mols_sensor_power
19dd9379f media: uvcvideo: Set media controller entity functions
43eba9890 media: omap3isp: Fix memleak in isp_probe
a74952603 crypto: omap-sham - fix digcnt register handling with export/import
a1c6dec3c cypto: mediatek - fix leaks in mtk_desc_ring_alloc
72d83f3bc media: mx2_emmaprp: Fix memleak in emmaprp_probe
348f79b7f media: tc358743: initialize variable
39f5f1543 media: platform: fcp: Fix a reference count leak.
a5f74f59d media: s5p-mfc: Fix a reference count leak
2adde551e media: ti-vpe: Fix a missing check and reference count leak
98147bf14 regulator: resolve supply after creating regulator
cb54b6e22 ath10k: provide survey info as accumulated data
d9037bfe4 Bluetooth: hci_uart: Cancel init work before unregistering
41d979dea ath6kl: prevent potential array overflow in ath6kl_add_new_sta()
2f5ce84df ath9k: Fix potential out of bounds in ath9k_htc_txcompletion_cb()
2abdf5fc3 wcn36xx: Fix reported 802.11n rx_highest rate wcn3660/wcn3680
4fbc95982 ASoC: qcom: lpass-platform: fix memory leak
cb4a5f342 ASoC: qcom: lpass-cpu: fix concurrency issue
f9005b1be brcmfmac: check ndev pointer
7dbbfeab7 mwifiex: Do not use GFP_KERNEL in atomic context
834273627 drm/gma500: fix error check
04e9874ab scsi: qla4xxx: Fix an error handling path in 'qla4xxx_get_host_stats()'
81849c93e scsi: csiostor: Fix wrong return value in csio_hw_prep_fw()
54f66a3e6 backlight: sky81452-backlight: Fix refcount imbalance on error
cbf70458c VMCI: check return value of get_user_pages_fast() for errors
8602187a9 tty: serial: earlycon dependency
0e8236c2f tty: hvcs: Don't NULL tty->driver_data until hvcs_cleanup()
36fe54405 pty: do tty_flip_buffer_push without port->lock in pty_write
b62c0215c pwm: lpss: Fix off by one error in base_unit math in pwm_lpss_prepare()
b150a9633 pwm: lpss: Add range limit check for the base_unit register value
de4802489 drivers/virt/fsl_hypervisor: Fix error handling path
2f24a673f video: fbdev: vga16fb: fix setting of pixclock because a pass-by-value error
c5ff89b85 video: fbdev: sis: fix null ptr dereference
0f29adf50 HID: roccat: add bounds checking in kone_sysfs_write_settings()
b9bc99f9c pinctrl: mcp23s08: Fix mcp23x17_regmap initialiser
3a7a29430 pinctrl: mcp23s08: Fix mcp23x17 precious range
9c5bdc319 ath6kl: wmi: prevent a shift wrapping bug in ath6kl_wmi_delete_pstream_cmd()
c30002531 misc: mic: scif: Fix error handling path
23d283b44 ALSA: seq: oss: Avoid mutex lock for a long-time ioctl
45752b742 usb: dwc2: Fix parameter type in function pointer prototype
3c0ab4009 quota: clear padding in v2r1_mem2diskdqb()
5efdfeee8 HID: hid-input: fix stylus battery reporting
19dc5f7b5 qtnfmac: fix resource leaks on unsupported iftype error return path
165734deb net: enic: Cure the enic api locking trainwreck
2a6537f8e mfd: sm501: Fix leaks in probe()
e40655366 iwlwifi: mvm: split a print to avoid a WARNING in ROC
881461ff8 usb: gadget: f_ncm: fix ncm_bitrate for SuperSpeed and above.
4f1bcccae usb: gadget: u_ether: enable qmult on SuperSpeed Plus as well
e442ea083 nl80211: fix non-split wiphy information
db1610648 usb: dwc2: Fix INTR OUT transfers in DDMA mode.
6e474053d scsi: be2iscsi: Fix a theoretical leak in beiscsi_create_eqs()
3b85d18ab mwifiex: fix double free
6a5940194 net: korina: fix kfree of rx/tx descriptor array
cb02e8df6 mm/memcg: fix device private memcg accounting
0934e6b39 mm, oom_adj: don't loop through tasks in __set_oom_adj when not necessary
8d8a4ca58 IB/mlx4: Fix starvation in paravirt mux/demux
f56295551 IB/mlx4: Adjust delayed work when a dup is observed
8594ea563 powerpc/pseries: Fix missing of_node_put() in rng_init()
66cc4dc19 powerpc/icp-hv: Fix missing of_node_put() in success path
7831cdedf mtd: lpddr: fix excessive stack usage with clang
95392a796 mtd: mtdoops: Don't write panic data twice
ef4eea74a ARM: 9007/1: l2c: fix prefetch bits init in L2X0_AUX_CTRL using DT values
cfb7151d8 arc: plat-hsdk: fix kconfig dependency warning when !RESET_CONTROLLER
0f7ca3c3f xfs: limit entries returned when counting fsmap records
5765aa8ce RDMA/qedr: Fix use of uninitialized field
9d5e9bef8 powerpc/tau: Use appropriate temperature sample interval
60d678fc8 powerpc/tau: Remove duplicated set_thresholds() call
6bc8ca5cc powerpc/tau: Disable TAU between measurements
8e6614c65 perf intel-pt: Fix "context_switch event has no tid" error
516fe09b3 RDMA/hns: Set the unsupported wr opcode
c3e19f760 kdb: Fix pager search for multi-line strings
27cecb004 overflow: Include header file with SIZE_MAX declaration
04031fcd0 powerpc/perf: Exclude pmc5/6 from the irrelevant PMU group constraints
078b168b8 powerpc/perf/hv-gpci: Fix starting index value
1f138551b cpufreq: powernv: Fix frame-size-overflow in powernv_cpufreq_reboot_notifier
93b01f865 IB/rdmavt: Fix sizeof mismatch
8543346f1 f2fs: wait for sysfs kobject removal before freeing f2fs_sb_info
a61a3a7d8 lib/crc32.c: fix trivial typo in preprocessor condition
8f94b5f12 ramfs: fix nommu mmap with gaps in the page cache
242622248 rapidio: fix error handling path
f635ba47a rapidio: fix the missed put_device() for rio_mport_add_riodev
6556e783b mailbox: avoid timer start from callback
87978bd94 i2c: rcar: Auto select RESET_CONTROLLER
24bd83153 PCI: iproc: Set affinity mask on MSI interrupts
ab06293a7 clk: at91: clk-main: update key before writing AT91_CKGR_MOR
b55bfaee7 clk: bcm2835: add missing release if devm_clk_hw_register fails
ae6ad9c0a ext4: limit entries returned when counting fsmap records
be5a830f2 vfio/pci: Clear token on bypass registration failure
645a95dc4 vfio iommu type1: Fix memory leak in vfio_iommu_type1_pin_pages
c761c0af8 Input: imx6ul_tsc - clean up some errors in imx6ul_tsc_resume()
5786003a1 Input: stmfts - fix a & vs && typo
062b88a07 Input: ep93xx_keypad - fix handling of platform_get_irq() error
5ad81e3b7 Input: omap4-keypad - fix handling of platform_get_irq() error
0b5cc5603 Input: twl4030_keypad - fix handling of platform_get_irq() error
893b04fa7 Input: sun4i-ps2 - fix handling of platform_get_irq() error
36d791139 KVM: x86: emulating RDPID failure shall return #UD rather than #GP
e07ac4a0f memory: omap-gpmc: Fix a couple off by ones
d92d4edfe memory: fsl-corenet-cf: Fix handling of platform_get_irq() error
41aaaaabb arm64: dts: qcom: msm8916: Fix MDP/DSI interrupts
b44e217c3 ARM: dts: owl-s500: Fix incorrect PPI interrupt specifiers
6e86d9ebf arm64: dts: zynqmp: Remove additional compatible string for i2c IPs
ab7348f7e powerpc/powernv/dump: Fix race while processing OPAL dump
f63828574 nvmet: fix uninitialized work for zero kato
33594b057 NTB: hw: amd: fix an issue about leak system resources
3fcdae8fe perf: correct SNOOPX field offset
cdbb616f9 i2c: core: Restore acpi_walk_dep_device_list() getting called after registering the ACPI i2c devs
c48b01d76 crypto: ccp - fix error handling
a22121efb media: firewire: fix memory leak
7b8c7b921 media: ati_remote: sanity check for both endpoints
1e307a12a media: st-delta: Fix reference count leak in delta_run_work
dd1fdb138 media: sti: Fix reference count leaks
0935a8525 media: exynos4-is: Fix several reference count leaks due to pm_runtime_get_sync
03ec407b2 media: exynos4-is: Fix a reference count leak due to pm_runtime_get_sync
e0554ac5c media: exynos4-is: Fix a reference count leak
8b13fb067 media: vsp1: Fix runtime PM imbalance on error
6ff05f32e media: platform: s3c-camif: Fix runtime PM imbalance on error
2bb7eabeb media: platform: sti: hva: Fix runtime PM imbalance on error
465b6f7f7 media: bdisp: Fix runtime PM imbalance on error
0c0450b12 media: media/pci: prevent memory leak in bttv_probe
950e936f7 media: uvcvideo: Ensure all probed info is returned to v4l2
c0234131d mmc: sdio: Check for CISTPL_VERS_1 buffer size
94479a0e0 media: saa7134: avoid a shift overflow
877d9f4d1 fs: dlm: fix configfs memory leak
30b1b19a0 media: venus: core: Fix runtime PM imbalance in venus_probe
551c133ee ntfs: add check for mft record size in superblock
1295c1fb3 mac80211: handle lack of sband->bitrates in rates
f14cb656c PM: hibernate: remove the bogus call to get_gendisk() in software_resume()
5a93ab811 scsi: mvumi: Fix error return in mvumi_io_attach()
7c43e0ca2 scsi: target: core: Add CONTROL field for trace events
1402b3141 mic: vop: copy data to kernel space then write to io memory
089d05116 misc: vop: add round_up(x,4) for vring_size to avoid kernel panic
2f6f90c99 usb: gadget: function: printer: fix use-after-free in __lock_acquire
cf357f76a udf: Limit sparing table size
a8751e295 udf: Avoid accessing uninitialized data on failed inode read
d4bf39f8d USB: cdc-acm: handle broken union descriptors
83164145d can: flexcan: flexcan_chip_stop(): add error handling and propagate error value
0ae6a3b3b ath9k: hif_usb: fix race condition between usb_get_urb() and usb_kill_anchored_urbs()
9f1efd52e misc: rtsx: Fix memory leak in rtsx_pci_probe
06d23b962 reiserfs: only call unlock_new_inode() if I_NEW
9deef883f xfs: make sure the rt allocator doesn't run off the end
16b21f60a usb: ohci: Default to per-port over-current protection
7a64c391c Bluetooth: Only mark socket zapped after unlocking
6c9feea02 scsi: ibmvfc: Fix error return in ibmvfc_probe()
f1b469377 brcmsmac: fix memory leak in wlc_phy_attach_lcnphy
44434ed22 rtl8xxxu: prevent potential memory leak
b2d8c9a2e Fix use after free in get_capset_info callback.
4d89666e3 scsi: qedi: Protect active command list to avoid list corruption
4ba1165f7 scsi: qedi: Fix list_del corruption while removing active I/O
b01f0d2b3 tty: ipwireless: fix error handling
950b36e21 ipvs: Fix uninit-value in do_ip_vs_set_ctl()
a9fdc4980 reiserfs: Fix memory leak in reiserfs_parse_options()
b5d9dc6c1 mwifiex: don't call del_timer_sync() on uninitialized timer
20541f97e brcm80211: fix possible memleak in brcmf_proto_msgbuf_attach
dc1cde97e usb: core: Solve race condition in anchor cleanup functions
c269e837d scsi: ufs: ufs-qcom: Fix race conditions caused by ufs_qcom_testbus_config()
9e76a8cd0 ath10k: check idx validity in __ath10k_htt_rx_ring_fill_n()
c774f3363 net: korina: cast KSEG0 address to pointer in kfree
742623f57 tty: serial: fsl_lpuart: fix lpuart32_poll_get_char
d2c8234f3 usb: cdc-acm: add quirk to blacklist ETAS ES58X devices
bba781010 USB: cdc-wdm: Make wdm_flush() interruptible and add wdm_fsync().
e2479fb37 eeprom: at25: set minimum read/write access stride to 1
7005085c1 usb: gadget: f_ncm: allow using NCM in SuperSpeed Plus gadgets.
f5acd10c0 powerpc/powernv/opal-dump : Use IRQ_HANDLED instead of numbers in interrupt handler
4faa983e1 Linux 4.14.203
49bd7f14f scripts/setlocalversion: make git describe output more reliable
2e6d1f773 arm64: link with -z norelro regardless of CONFIG_RELOCATABLE
a74c1124a efivarfs: Replace invalid slashes with exclamation marks in dentries.
1fdc0ceeb gtp: fix an use-before-init in gtp_newlink()
c22e7a7bf ravb: Fix bit fields checking in ravb_hwtstamp_get()
3cb2489e1 tipc: fix memory leak caused by tipc_buf_append()
2a67b7f3d arch/x86/amd/ibs: Fix re-arming IBS Fetch
48270e55b x86/xen: disable Firmware First mode for correctable memory errors
0a5dbccf5 fuse: fix page dereference after free
3099c3a23 p54: avoid accessing the data mapped to streaming DMA
b3c8585a5 mtd: lpddr: Fix bad logic in print_drs_error
cf591b2f1 ata: sata_rcar: Fix DMA boundary mask
8a1968372 fscrypt: return -EXDEV for incompatible rename or link into encrypted dir
8e8a7d145 x86/unwind/orc: Fix inactive tasks with stack pointer in %sp on GCC 10 compiled kernels
f05d9b134 mlxsw: core: Fix use-after-free in mlxsw_emad_trans_finish()
bfb94cc96 futex: Fix incorrect should_fail_futex() handling
0efa7e881 powerpc/powernv/smp: Fix spurious DBG() warning
a0bd1f790 powerpc: select ARCH_WANT_IRQS_OFF_ACTIVATE_MM
aa814cc95 sparc64: remove mm_cpumask clearing to fix kthread_use_mm race
664b19085 f2fs: add trace exit in exception path
be8e69082 f2fs: fix to check segment boundary during SIT page readahead
2c7cb2241 um: change sigio_spinlock to a mutex
3baa47998 ARM: 8997/2: hw_breakpoint: Handle inexact watchpoint addresses
f388c0d01 xfs: fix realtime bitmap/summary file truncation when growing rt volume
e45e4143e video: fbdev: pvr2fb: initialize variables
ea6ba2465 ath10k: start recovery process when payload length exceeds max htc length for sdio
50a6a9d9b ath10k: fix VHT NSS calculation when STBC is enabled
f2a88a590 drm/brige/megachips: Add checking if ge_b850v3_lvds_init() is working correctly
a2c7cd1b5 media: videodev2.h: RGB BT2020 and HSV are always full range
ffd372cc6 media: platform: Improve queue set up flow for bug fixing
95617064c usb: typec: tcpm: During PR_SWAP, source caps should be sent only after tSwapSourceStart
f39969b96 media: tw5864: check status of tw5864_frameinterval_get
f95c5c20d mmc: via-sdmmc: Fix data race bug
d547e9736 drm/bridge/synopsys: dsi: add support for non-continuous HS clock
b3077f8af printk: reduce LOG_BUF_SHIFT range for H8300
71b26c528 kgdb: Make "kgdbcon" work properly with "kgdb_earlycon"
7f6bbcdd8 cpufreq: sti-cpufreq: add stih418 support
760074245 USB: adutux: fix debugging
2eed0261d uio: free uio id after uio file node is freed
cc27b5e77 arm64/mm: return cpu_all_mask when node is NUMA_NO_NODE
b44b2955d ACPI: Add out of bounds and numa_off protections to pxm_to_node()
2efc933b4 drivers/net/wan/hdlc_fr: Correctly handle special skb->protocol values
f62bd537d bus/fsl_mc: Do not rely on caller to provide non NULL mc_io
8524001aa power: supply: test_power: add missing newlines when printing parameters by sysfs
9552da17b md/bitmap: md_bitmap_get_counter returns wrong blocks
1a40ca6b4 bnxt_en: Log unknown link speed appropriately.
ba223bb24 clk: ti: clockdomain: fix static checker warning
15efa03e1 net: 9p: initialize sun_server.sun_path to have addr's value only when addr is valid
9638b205b drivers: watchdog: rdc321x_wdt: Fix race condition bugs
56ab8d7ef ext4: Detect already used quota file early
1f9f097e4 gfs2: add validation checks for size of superblock
103862802 arm64: dts: renesas: ulcb: add full-pwr-cycle-in-suspend into eMMC nodes
c709e0990 memory: emif: Remove bogus debugfs error handling
679ef0850 ARM: dts: s5pv210: remove DMA controller bus node name to fix dtschema warnings
cd01fcb24 ARM: dts: s5pv210: move PMU node out of clock controller
2a97288b0 ARM: dts: s5pv210: remove dedicated 'audio-subsystem' node
1e2b8d974 nbd: make the config put is called before the notifying the waiter
171fbc486 sgl_alloc_order: fix memory leak
d2c7f62a1 nvme-rdma: fix crash when connect rejected
fcc08162b md/raid5: fix oops during stripe resizing
973ecc1d2 perf/x86/amd/ibs: Don't include randomized bits in get_ibs_op_count()
7d97f6d02 perf/x86/amd/ibs: Fix raw sample data accumulation
3b6de2f1e leds: bcm6328, bcm6358: use devres LED registering function
e14b0ed29 fs: Don't invalidate page buffers in block_write_full_page()
ffe88a934 NFS: fix nfs_path in case of a rename retry
b7bc71b36 ACPI / extlog: Check for RDMSR failure
ed9cbefa7 ACPI: video: use ACPI backlight for HP 635 Notebook
f76f9866f ACPI: debug: don't allow debugging when ACPI is disabled
8ed6eb306 acpi-cpufreq: Honor _PSD table setting on new AMD CPUs
ba629efc8 w1: mxc_w1: Fix timeout resolution problem leading to bus error
173269c44 scsi: mptfusion: Fix null pointer dereferences in mptscsih_remove()
f1b7d6f1f btrfs: reschedule if necessary when logging directory items
8bd723a63 btrfs: send, recompute reference path after orphanization of a directory
aec5ef65b btrfs: use kvzalloc() to allocate clone_roots in btrfs_ioctl_send()
2f898350a btrfs: cleanup cow block on error
289504335 btrfs: fix use-after-free on readahead extent after failure to create it
68fdc80a1 usb: dwc3: ep0: Fix ZLP for OUT ep0 requests
87ed317f3 usb: dwc3: core: add phy cleanup for probe error handling
6c0924cc0 usb: dwc3: core: don't trigger runtime pm when remove driver
6f29d818f usb: cdc-acm: fix cooldown mechanism
9b0ffab8a usb: host: fsl-mph-dr-of: check return of dma_set_mask()
4e8dd0f83 drm/i915: Force VT'd workarounds when running as a guest OS
9a6fefd8b vt: keyboard, simplify vt_kdgkbsent
8dd8e23c2 vt: keyboard, extend func_buf_lock to readers
eac63a778 dmaengine: dma-jz4780: Fix race in jz4780_dma_tx_status
37bcb969d iio:light:si1145: Fix timestamp alignment and prevent data leak.
42cfa0a7c iio:adc:ti-adc0832 Fix alignment issue with timestamp
aa74b36df iio:adc:ti-adc12138 Fix alignment issue with timestamp
03d46f2dd iio:gyro:itg3200: Fix timestamp alignment and prevent data leak.
d0f991a6e s390/stp: add locking to sysfs functions
b4b217f49 powerpc/rtas: Restrict RTAS requests from userspace
063f6c3e9 powerpc: Warn about use of smt_snooze_delay
51c18bb80 powerpc/powernv/elog: Fix race while processing OPAL error log event.
a628d7885 NFSv4.2: support EXCHGID4_FLAG_SUPP_FENCE_OPS 4.2 EXCHANGE_ID flag
1a9f9b88e NFSD: Add missing NFSv2 .pc_func methods
55277d268 ubifs: dent: Fix some potential memory leaks while iterating entries
355795c0f perf python scripting: Fix printable strings in python3 scripts
3476a1033 ubi: check kthread_should_stop() after the setting of task state
640e7902a ia64: fix build error with !COREDUMP
a4e606d04 drm/amdgpu: don't map BO in reserved region
ba3ab3ec1 ceph: promote to unsigned long long before shifting
1f4234c83 libceph: clear con->out_msg on Policy::stateful_server faults
9ae7dbd15 9P: Cast to loff_t before multiplying
5d9c42aae ring-buffer: Return 0 on success from ring_buffer_resize()
f2d116a99 vringh: fix __vringh_iov() when riov and wiov are different
a367527f5 ext4: fix leaking sysfs kobject after failed mount
0497e765f ext4: fix error handling code in add_new_gdb
f5003acc4 ext4: fix invalid inode checksum
1983402c4 drm/ttm: fix eviction valuable range check.
8777e1225 rtc: rx8010: don't modify the global rtc ops
83dcd684a tty: make FONTX ioctl use the tty pointer they were actually passed
782e49a1a arm64: berlin: Select DW_APB_TIMER_OF
bcf0865ed cachefiles: Handle readpage error correctly
84fc431da hil/parisc: Disable HIL driver when it gets stuck
9bbf5691c arm: dts: mt7623: add missing pause for switchport
befeb0f5b ARM: samsung: fix PM debug build with DEBUG_LL but !MMU
1b5164e13 ARM: s3c24xx: fix missing system reset
11c4ec42d device property: Keep secondary firmware node secondary by type
23b2a3685 device property: Don't clear secondary pointer for shared primary firmware node
dedb4ff40 KVM: arm64: Fix AArch32 handling of DBGD{CCINT,SCRext} and DBGVCR
777e9a115 staging: comedi: cb_pcidas: Allow 2-channel commands for AO subdevice
d7f50cfb9 staging: octeon: repair "fixed-link" support
b07a836fd staging: octeon: Drop on uncorrectable alignment or FCS error
6505a1161 Linux 4.14.204
f27ceff5f drm/i915: Break up error capture compression loops with cond_resched()
d743806b9 xen/events: don't use chip_data for legacy IRQs
60071f8d1 tipc: fix use-after-free in tipc_bcast_get_mode
31a65296a gianfar: Replace skb_realloc_headroom with skb_cow_head for PTP
ce22ce2f5 gianfar: Account for Tx PTP timestamp in the skb headroom
e3dcb05bc net: usb: qmi_wwan: add Telit LE910Cx 0x1230 composition
31f208809 sctp: Fix COMM_LOST/CANT_STR_ASSOC err reporting on big-endian platforms
a152eea2a sfp: Fix error handing in sfp_probe()
cc75bdf15 Blktrace: bail out early if block debugfs is not configured
32da35f66 blktrace: fix debugfs use after free
87ac39cdd i40e: Fix a potential NULL pointer dereference
e2360a29f i40e: add num_vectors checker in iwarp handler
07a1066f5 i40e: Wrong truncation from u16 to u8
5afda928a i40e: Fix of memory leak and integer truncation in i40e_virtchnl.c
6e205bdde i40e: Memory leak in i40e_config_iwarp_qvlist
0629e1a1f Fonts: Replace discarded const qualifier
24b832f62 ALSA: usb-audio: Add implicit feedback quirk for Qu-16
687505002 lib/crc32test: remove extra local_irq_disable/enable
c7a1aeac4 kthread_worker: prevent queuing delayed work from timer_fn when it is being canceled
a63ab0181 mm: always have io_remap_pfn_range() set pgprot_decrypted()
1b92e38d0 gfs2: Wake up when sd_glock_disposal becomes zero
66a58007e ftrace: Fix recursion check for NMI test
b1afce92c ftrace: Handle tracing when switching between context
f1517fc5b tracing: Fix out of bounds write in get_trace_buf
3f69c4431 futex: Handle transient "ownerless" rtmutex state correctly
a75f6bf40 ARM: dts: sun4i-a10: fix cpu_alert temperature
3f65e4714 x86/kexec: Use up-to-dated screen_info copy to fill boot params
bcf9b835e of: Fix reserved-memory overlap detection
bed252635 blk-cgroup: Fix memleak on error path
2f83e55c8 blk-cgroup: Pre-allocate tree node on blkg_conf_prep
22203f473 scsi: core: Don't start concurrent async scan on same host
9f728537c vsock: use ns_capable_noaudit() on socket create
1fce922fb drm/vc4: drv: Add error handding for bind
3bd655ad0 ACPI: NFIT: Fix comparison to '-ENXIO'
042a9e82c vt: Disable KD_FONT_OP_COPY
cd11f6bc2 fork: fix copy_process(CLONE_PARENT) race with the exiting ->real_parent
39daeb168 serial: 8250_mtk: Fix uart_get_baud_rate warning
ad3f52def serial: txx9: add missing platform_driver_unregister() on error in serial_txx9_init
d78e7a3d3 USB: serial: cyberjack: fix write-URB completion race
d19e6bd78 USB: serial: option: add Quectel EC200T module support
fd6cf6a45 USB: serial: option: add LE910Cx compositions 0x1203, 0x1230, 0x1231
bf7c98f9e USB: serial: option: add Telit FN980 composition 0x1055
13afae1e0 USB: Add NO_LPM quirk for Kingston flash drive
88b2de362 usb: mtu3: fix panic in mtu3_gadget_stop()
551e5032d ARC: stack unwinding: avoid indefinite looping
3c663c80b Revert "ARC: entry: fix potential EFA clobber when TIF_SYSCALL_TRACE"
287458716 PM: runtime: Resume the device earlier in __device_release_driver()
44cfcd914 arm64: dts: marvell: espressobin: add ethernet alias
8fab61f30 Linux 4.14.205
f4f82c6e8 Resolve left over conflict
f8899fd2b Revert change made to stock oem changes from 5d00228cc4f1ade680ccc83eae44b607671c3c2c
eec82861f Revert "Resolve left over conflict"
d521a8af0 Revert "fscrypt: return -EXDEV for incompatible rename or link into encrypted dir"
01e8c03e3 powercap: restrict energy meter to root access
735c57c69 Linux 4.14.206
92c9863c6 regulator: defer probe when trying to get voltage from unresolved supply
b92d725a7 ring-buffer: Fix recursion protection transitions between interrupt context
6dc6983f5 mm: mempolicy: fix potential pte_unmap_unlock pte error
86a72eea1 time: Prevent undefined behaviour in timespec64_to_ns()
476d645f2 nbd: don't update block size after device is started
2e057cb3d btrfs: sysfs: init devices outside of the chunk_mutex
85898ac18 btrfs: reschedule when cloning lots of extents
46fa5d6d2 genirq: Let GENERIC_IRQ_IPI select IRQ_DOMAIN_HIERARCHY
979025ab8 hv_balloon: disable warning when floor reached
6d3801c2d net: xfrm: fix a race condition during allocing spi
00f6538f9 perf tools: Add missing swap for ino_generation
8b597f49f ALSA: hda: prevent undefined shift in snd_hdac_ext_bus_get_link()
6b914e3dd can: rx-offload: don't call kfree_skb() from IRQ context
a27b5e20c can: dev: can_get_echo_skb(): prevent call to kfree_skb() in hard IRQ context
948f7b24e can: dev: __can_get_echo_skb(): fix real payload length return value for RTR frames
0ac129984 can: can_create_echo_skb(): fix echo skb generation: always use skb_clone()
84670f20a can: peak_usb: add range checking in decode operations
a567e6320 can: peak_usb: peak_usb_get_ts_time(): fix timestamp wrapping
f59fd44d5 can: peak_canfd: pucan_handle_can_rx(): fix echo management when loopback is on
404c5e61b xfs: flush new eof page on truncate to avoid post-eof corruption
43b28b42c Btrfs: fix missing error return if writeback for extent buffer never started
56818e826 ath9k_htc: Use appropriate rs_datalen type
5fdd74b10 usb: gadget: goku_udc: fix potential crashes in probe
ff4b6c031 gfs2: Free rd_bits later in gfs2_clear_rgrpd to fix use-after-free
ee2ac1886 gfs2: Add missing truncate_inode_pages_final for sd_aspace
2f8443a82 gfs2: check for live vs. read-only file system in gfs2_fitrim
bbf6738b4 scsi: hpsa: Fix memory leak in hpsa_init_one()
1aed835a4 drm/amdgpu: perform srbm soft reset always on SDMA resume
e19db085a mac80211: fix use of skb payload instead of header
736b5639a cfg80211: regulatory: Fix inconsistent format argument
35550d396 scsi: scsi_dh_alua: Avoid crash during alua_bus_detach()
f1bbfe6cb iommu/amd: Increase interrupt remapping table limit to 512 entries
fd21e01a6 pinctrl: intel: Set default bias in case no particular value given
1602a9685 ARM: 9019/1: kprobes: Avoid fortify_panic() when copying optprobe template
c479246c2 pinctrl: aspeed: Fix GPI only function problem.
79d7a40a8 nbd: fix a block_device refcount leak in nbd_release
b9ddd911c xfs: fix flags argument to rmap lookup when converting shared file rmaps
4303134de xfs: fix rmap key and record comparison functions
1f85ccbd0 xfs: fix a missing unlock on error in xfs_fs_map_blocks
c80d99156 of/address: Fix of_node memory leak in of_dma_is_coherent
486c4bd73 cosa: Add missing kfree in error path of cosa_write
9dd1b0053 perf: Fix get_recursion_context()
62d7f74e6 ext4: correctly report "not supported" for {usr,grp}jquota when !CONFIG_QUOTA
49dfbba1e ext4: unlock xattr_sem properly in ext4_inline_data_truncate()
f3d4be798 thunderbolt: Add the missed ida_simple_remove() in ring_request_msix()
333de9273 uio: Fix use-after-free in uio_unregister_device()
9e9cc7260 usb: cdc-acm: Add DISABLE_ECHO for Renesas USB Download mode
819cadd1e mei: protect mei_cl_mtu from null dereference
63791a2c2 futex: Don't enable IRQs unconditionally in put_pi_state()
f7bfb295e ocfs2: initialize ip_next_orphan
7e6635d29 selinux: Fix error return code in sel_ib_pkey_sid_slow()
f01188cd8 don't dump the threads that had been already exiting when zapped.
0bbe8a6aa drm/gma500: Fix out-of-bounds access to struct drm_device.vblank[]
b4e43fa9d pinctrl: amd: use higher precision for 512 RtcClk
589e265af pinctrl: amd: fix incorrect way to disable debounce filter
d8e43c7f1 swiotlb: fix "x86: Don't panic if can not alloc buffer for swiotlb"
c36bf41b9 IPv6: Set SIT tunnel hard_header_len to zero
a339f5934 net/af_iucv: fix null pointer dereference on shutdown
903ba5dd4 net/x25: Fix null-ptr-deref in x25_connect
3c203c850 vrf: Fix fast path output packet handling with async Netfilter rules
aea163b10 r8169: fix potential skb double free in an error path
002a4f970 net: Update window_clamp if SOCK_RCVBUF is set
51fa3a565 random32: make prandom_u32() output unpredictable
ee7d1fc9e x86/speculation: Allow IBPB to be conditionally enabled on CPUs with always-on STIBP
355b5ed8c perf/core: Fix bad use of igrab()
12b94d44f perf/core: Fix crash when using HW tracing kernel filters
035407616 perf/core: Fix a memory leak in perf_event_parse_addr_filter()
ce327904b xen/events: avoid removing an event channel while handling it
9b7ed85de xen/events: add a proper barrier to 2-level uevent unmasking
a92d1588a xen/events: fix race in evtchn_fifo_unmask()
77a7089fc xen/events: add a new "late EOI" evtchn framework
78f49073c xen/blkback: use lateeoi irq binding
926540f3c xen/netback: use lateeoi irq binding
399d0c243 xen/scsiback: use lateeoi irq binding
e50dd8956 xen/pvcallsback: use lateeoi irq binding
5d74fbc8c xen/pciback: use lateeoi irq binding
3391777c0 xen/events: switch user event channels to lateeoi model
4dd7278c6 xen/events: use a common cpu hotplug hook for event channels
4e4b21294 xen/events: defer eoi in case of excessive number of events
a6a727212 xen/events: block rogue events for some time
9f25ad0b8 perf/core: Fix race in the perf_mmap_close() function
634fae3b4 Revert "kernel/reboot.c: convert simple_strtoul to kstrtoint"
3ccd66cda reboot: fix overflow parsing reboot cpu number
510fc23a0 Convert trailing spaces and periods in path components
7e741db01 mm: fix exec activate_mm vs TLB shootdown and lazy tlb switching race
b7790bb0c Linux 4.14.207
22b89b310 powerpc/64s: Define MASKABLE_RELON_EXCEPTION_PSERIES_OOL
eda01a527 powerpc/64s: move some exception handlers out of line
1f7cc1c4a powerpc/64s: flush L1D on kernel entry
766769be2 powerpc: Add a framework for user access tracking
c3ad73ab4 powerpc: Implement user_access_begin and friends
1dfff0136 powerpc: Fix __clear_user() with KUAP enabled
3d9b18f6a powerpc/uaccess: Evaluate macro arguments once, before user access is allowed
11a3b385e powerpc/64s: flush L1D after user accesses
51846b092 i2c: imx: use clk notifier for rate changes
8f3b8c6d6 i2c: imx: Fix external abort on interrupt in exit paths
b920ded35 gpio: mockup: fix resource leak in error path
28832f78f powerpc/8xx: Always fault when _PAGE_ACCESSED is not set
83dec2b15 Input: sunkbd - avoid use-after-free in teardown paths
693c741f1 mac80211: always wind down STA state
b996660e3 can: proc: can_remove_proc(): silence remove_proc_entry warning
01d51bbc6 KVM: x86: clflushopt should be treated as a no-op by emulation
013745fc4 ACPI: GED: fix -Wformat
2ce2d9d49 Linux 4.14.208
d9da93b16 ah6: fix error return code in ah6_input()
d23cd6d1c atm: nicstar: Unmap DMA on send error
ad443e359 bnxt_en: read EEPROM A2h address using page 0
a7b1bcbbd devlink: Add missing genlmsg_cancel() in devlink_nl_sb_port_pool_fill()
df60d34db inet_diag: Fix error path to cancel the meseage in inet_req_diag_fill()
cf5afc3ca mlxsw: core: Use variable timeout for EMAD retries
e69b4bec2 net: b44: fix error return code in b44_init_one()
b78bd2b83 net: bridge: add missing counters to ndo_get_stats64 callback
63e2f8d84 net: dsa: mv88e6xxx: Avoid VTU corruption on 6097
2ecf7d8a4 net: Have netpoll bring-up DSA management interface
86f089606 netlabel: fix our progress tracking in netlbl_unlabel_staticlist()
9a590a00d netlabel: fix an uninitialized warning in netlbl_unlabel_staticlist()
db21f6327 net/mlx4_core: Fix init_hca fields offset
8d0e9e889 net: x25: Increase refcnt of "struct x25_neigh" in x25_rx_call_request
6c307dc53 qlcnic: fix error return code in qlcnic_83xx_restart_hw()
8175d28c8 sctp: change to hold/put transport for proto_unreach_timer
42dcfc710 net/mlx5: Disable QoS when min_rates on all VFs are zero
022a585c2 net: usb: qmi_wwan: Set DTR quirk for MR400
34869d089 tcp: only postpone PROBE_RTT if RTT is < current min_rtt estimate
f5cc4594d net: ftgmac100: Fix crash when removing driver
808ab46f9 pinctrl: rockchip: enable gpio pclk for rockchip_gpio_to_irq
dea3df343 arm64: psci: Avoid printing in cpu_psci_cpu_die()
be4734ec2 vfs: remove lockdep bogosity in __sb_start_write
0a54ebfa7 Input: adxl34x - clean up a data type in adxl34x_probe()
52b610b24 MIPS: export has_transparent_hugepage() for modules
23d249bb5 arm: dts: imx6qdl-udoo: fix rgmii phy-mode for ksz9031 phy
a3b3f8c71 ARM: dts: imx50-evk: Fix the chip select 1 IOMUX
28b26d56f perf lock: Don't free "lock_seq_stat" if read_count isn't zero
4b2e1c64a can: af_can: prevent potential access of uninitialized member in can_rcv()
0545a266f can: af_can: prevent potential access of uninitialized member in canfd_rcv()
efa30fd1f can: dev: can_restart(): post buffer from the right context
1a0d2daf5 can: ti_hecc: Fix memleak in ti_hecc_probe
370adee45 can: mcba_usb: mcba_usb_start_xmit(): first fill skb, then pass to can_put_echo_skb()
5ad08479e can: peak_usb: fix potential integer overflow on shift of a int
c7231d40b can: m_can: m_can_handle_state_change(): fix state change
5f8c61762 ASoC: qcom: lpass-platform: Fix memory leak
7ba504e2b MIPS: Alchemy: Fix memleak in alchemy_clk_setup_cpu
bddc3f578 regulator: ti-abb: Fix array out of bound read access on the first transition
b713306d1 xfs: revert "xfs: fix rmap key and record comparison functions"
0fb5581f6 libfs: fix error cast of negative value in simple_attr_write()
f2d123091 powerpc/uaccess-flush: fix missing includes in kup-radix.h
f2e443f8b speakup: Do not let the line discipline be used several times
4c0c0debe ALSA: ctl: fix error path at adding user-defined element set
452e42c6a ALSA: mixart: Fix mutex deadlock
87c0a859d tty: serial: imx: keep console clocks always on
0fc6bbc8f efivarfs: fix memory leak in efivarfs_create()
8b2b41a6a staging: rtl8723bs: Add 024c:0627 to the list of SDIO device-ids
0d18c4690 ext4: fix bogus warning in ext4_update_dx_flag()
2bab3e986 iio: accel: kxcjk1013: Replace is_smo8500_device with an acpi_type enum
361ee9a11 iio: accel: kxcjk1013: Add support for KIOX010A ACPI DSM for setting tablet-mode
05bdc3b40 regulator: fix memory leak with repeated set_machine_constraints()
ae6032b3d regulator: avoid resolve_supply() infinite recursion
6bbaf7cba regulator: workaround self-referent regulators
8eb27e317 xtensa: disable preemption around cache alias management calls
0a1693457 mac80211: minstrel: remove deferred sampling code
3b05e2e5c mac80211: minstrel: fix tx status processing corner case
668d04cda mac80211: free sta in sta_info_insert_finish() on errors
cf1751cdf s390/cpum_sf.c: fix file permission for cpum_sfb_size
4b7eeb8d6 s390/dasd: fix null pointer dereference for ERP requests
7081f2a79 x86/microcode/intel: Check patch signature before saving microcode for early loading
48ac27710 Linux 4.14.209
9e71814c8 perf event: Check ref_reloc_sym before using it
2f8e1939e mm/userfaultfd: do not access vma->vm_mm after calling handle_userfault()
c7a776c90 btrfs: fix lockdep splat when reading qgroup config on mount
042750bd8 wireless: Use linux/stddef.h instead of stddef.h
4b4e37302 PCI: Add device even if driver attach failed
48000a164 btrfs: tree-checker: Enhance chunk checker to validate chunk profile
995f30210 btrfs: adjust return values of btrfs_inode_by_name
032136aed btrfs: inode: Verify inode mode to avoid NULL pointer dereference
8fbbfe37a arm64: pgtable: Fix pte_accessible()
a5302a606 arm64: pgtable: Ensure dirty bit is preserved across pte_wrprotect()
1ee6fb7a6 ALSA: hda/hdmi: Use single mutex unlock in error paths
bad09835a ALSA: hda/hdmi: fix incorrect locking in hdmi_pcm_close
17d9f348c HID: cypress: Support Varmilo Keyboards' media hotkeys
7309bcf94 Input: i8042 - allow insmod to succeed on devices without an i8042 controller
f729226bd HID: hid-sensor-hub: Fix issue with devices with no report ID
2252e716e dmaengine: xilinx_dma: use readl_poll_timeout_atomic variant
fb29d7ddc x86/xen: don't unbind uninitialized lock_kicker_irq
027b6f0c8 HID: Add Logitech Dinovo Edge battery quirk
17d9fe4d8 proc: don't allow async path resolution of /proc/self components
9ca994407 nvme: free sq/cq dbbuf pointers when dbbuf set fails
a5d7a7316 dmaengine: pl330: _prep_dma_memcpy: Fix wrong burst size
fed39a885 scsi: libiscsi: Fix NOP race condition
33ad743bb scsi: target: iscsi: Fix cmd abort fabric stop race
5b9462510 perf/x86: fix sysfs type mismatches
9741a4f4d phy: tegra: xusb: Fix dangling pointer on probe failure
b292f8f66 batman-adv: set .owner to THIS_MODULE
5c968f73a scsi: ufs: Fix race between shutdown and runtime resume flow
352f5b823 bnxt_en: fix error return code in bnxt_init_one()
a59e027ef bnxt_en: fix error return code in bnxt_init_board()
fbe26e5a9 video: hyperv_fb: Fix the cache type when mapping the VRAM
cd4c79988 bnxt_en: Release PCI regions when DMA mask setup fails during probe.
138d6d387 IB/mthca: fix return value of error branch in mthca_init_cq()
ff2e2b5e9 nfc: s3fwrn5: use signed integer for parsing GPIO numbers
d1a2e4158 net: ena: set initial DMA width to avoid intel iommu issue
87ea1a866 ibmvnic: fix NULL pointer dereference in reset_sub_crq_queues
c991cbd26 ibmvnic: fix NULL pointer dereference in ibmvic_reset_crq
754f901de efivarfs: revert "fix memory leak in efivarfs_create()"
874b2c64b can: gs_usb: fix endianess problem with candleLight firmware
f7b3a2b02 platform/x86: toshiba_acpi: Fix the wrong variable assignment
962ef8fa3 can: m_can: fix nominal bitiming tseg2 min for version >= 3.1
cd7cb5328 perf probe: Fix to die_entrypc() returns error correctly
fce9a5e86 USB: core: Change %pK for __user pointers to %px
42da9b7d7 usb: gadget: f_midi: Fix memleak in f_midi_alloc
8fb3fdf28 usb: gadget: Fix memleak in gadgetfs_fill_super
454f86407 x86/speculation: Fix prctl() when spectre_v2_user={seccomp,prctl},ibpb
73e1cf64c x86/resctrl: Remove superfluous kernfs_get() calls to prevent refcount leak
35e46ed01 x86/resctrl: Add necessary kernfs_put() calls to prevent refcount leak
b01b6f9d8 USB: core: add endpoint-blacklist quirk
32bbfd9a3 USB: core: Fix regression in Hercules audio card
7845a5258 Linux 4.14.210
70c4341a1 Revert parts from 9a75c702eb6f92154418666df3be88437f0118ae causing errors
bc12fd52a Revert "net: Update window_clamp if SOCK_RCVBUF is set"
ade19be55 net/af_iucv: set correct sk_protocol for child sockets
be43da69f rose: Fix Null pointer dereference in rose_send_frame()
c92f51e92 sock: set sk_err to ee_errno on dequeue from errq
1e6d7c1a0 tcp: Set INET_ECN_xmit configuration in tcp_reinit_congestion_control
842630c88 tun: honor IOCB_NOWAIT flag
011e3db18 usbnet: ipheth: fix connectivity with iOS 14
58e3c74cb bonding: wait for sysfs kobject destruction before freeing struct slave
864ef7b97 netfilter: bridge: reset skb->pkt_type after NF_INET_POST_ROUTING traversal
cca60f1fc ipv4: Fix tos mask in inet_rtm_getroute()
4466fe02b ibmvnic: Ensure that SCRQ entry reads are correctly ordered
d0129565f ibmvnic: Fix TX completion error handling
0eff519fc net/x25: prevent a couple of overflows
c02aab4ac cxgb3: fix error return code in t3_sge_alloc_qset()
54e7fc6a6 net: pasemi: fix error return code in pasemi_mac_open()
62726b580 net/mlx5: Fix wrong address reclaim when command interface is down
0a7d9fa48 dt-bindings: net: correct interrupt flags in examples
6754c6488 ALSA: usb-audio: US16x08: fix value count for level meters
3cf164dd5 Input: xpad - support Ardwiino Controllers
c31e0eb44 Input: i8042 - add ByteSpeed touchpad to noloop table
2ad5ab464 RDMA/i40iw: Address an mmap handler exploit in i40iw
064afa2fb Linux 4.14.211
ec2d5b663 pinctrl: baytrail: Replace WARN with dev_info_once when setting direct-irq pin to output
eaa507857 pinctrl: baytrail: Fix pin being driven low for a while on gpiod_get(..., GPIOD_OUT_HIGH)
cb0ba5395 vlan: consolidate VLAN parsing code and limit max parsing depth
7ce765078 usb: gadget: f_fs: Use local copy of descriptors for userspace copy
0f6db20e1 USB: serial: kl5kusb105: fix memleak on open
a00e376f8 USB: serial: ch341: add new Product ID for CH341A
13f79c3f1 USB: serial: ch341: sort device-id entries
ea7937a9c USB: serial: option: add Fibocom NL668 variants
b175edf22 USB: serial: option: add support for Thales Cinterion EXS82
b9fe8a48b USB: serial: option: fix Quectel BG96 matching
82cd1fb58 tty: Fix ->pgrp locking in tiocspgrp()
d6babd83b tty: Fix ->session locking
3b9b99150 ALSA: hda/realtek - Add new codec supported for ALC897
6d668c69e ALSA: hda/generic: Add option to enforce preferred_dacs pairs
d22eec814 ftrace: Fix updating FTRACE_FL_TRAMP
ba0f7c250 cifs: fix potential use-after-free in cifs_echo_request()
41a90048d mm/swapfile: do not sleep with a spin lock held
b2aef5b18 i2c: imx: Fix reset of I2SR_IAL flag
6f4849d45 i2c: imx: Check for I2SR_IAL after every byte
606f35cfc speakup: Reject setting the speakup line discipline outside of speakup
d60b2a486 iommu/amd: Set DTE[IntTabLen] to represent 512 IRTEs
94c265cf4 spi: Introduce device-managed SPI controller allocation
760bd68bc spi: bcm-qspi: Fix use-after-free on unbind
fee7449bb spi: bcm2835: Fix use-after-free on unbind
a7e7e70ea spi: bcm2835: Release the DMA channel if probe fails after dma_init
7551d1749 tracing: Fix userstacktrace option for instances
215404c55 gfs2: check for empty rgrp tree in gfs2_ri_update
6de90e2fa i2c: qup: Fix error return code in qup_i2c_bam_schedule_desc()
dfcbb0d5c Input: i8042 - fix error return code in i8042_setup_aux()
c55b81d6f x86/uprobes: Do not use prefixes.nbytes when looping over prefixes.bytes
9bd3e5f3f Linux 4.14.212
fcef01a28 spi: bcm2835aux: Fix use-after-free on unbind
5a4759f17 spi: bcm2835aux: Restore err assignment in bcm2835aux_spi_probe
6c76b9514 iwlwifi: pcie: limit memory read spin time
dfa77c5ee arm64: dts: rockchip: Assign a fixed index to mmc devices on rk3399 boards.
d12dead42 iwlwifi: mvm: fix kernel panic in case of assert during CSA
d023c5b01 ARC: stack unwinding: don't assume non-current task is sleeping
8604dd2fa scsi: ufs: Make sure clk scaling happens only when HBA is runtime ACTIVE
efa88ec16 soc: fsl: dpio: Get the cpumask through cpumask_of(cpu)
d07c72489 platform/x86: acer-wmi: add automatic keyboard background light toggle key as KEY_LIGHTS_TOGGLE
ad7331638 Input: cm109 - do not stomp on control URB
bc4b66335 Input: i8042 - add Acer laptops to the i8042 reset list
7badd1297 pinctrl: amd: remove debounce filter setting in IRQ type setting
bf44fc519 kbuild: avoid static_assert for genksyms
aaa955098 scsi: be2iscsi: Revert "Fix a theoretical leak in beiscsi_create_eqs()"
5faec7210 x86/mm/mem_encrypt: Fix definition of PMD_FLAGS_DEC_WP
dbdd7641f PCI: qcom: Add missing reset for ipq806x
276ce39b6 net: stmmac: free tx skb buffer in stmmac_resume()
f872998f3 tcp: fix cwnd-limited bug for TSO deferral where we send nothing
340dacb47 net/mlx4_en: Avoid scheduling restart task if it is already running
7b7b1b844 net/mlx4_en: Handle TX error CQE
02269eae0 net: stmmac: delete the eee_ctrl_timer after napi disabled
069d19725 net: stmmac: dwmac-meson8b: fix mask definition of the m250_sel mux
510688503 net: bridge: vlan: fix error return code in __vlan_add()
928fcf01a mac80211: mesh: fix mesh_pathtbl_init() error path
bc4b83495 USB: dummy-hcd: Fix uninitialized array use in init()
711a42724 USB: add RESET_RESUME quirk for Snapscan 1212
38a89c068 ALSA: usb-audio: Fix potential out-of-bounds shift
d973fdc19 ALSA: usb-audio: Fix control 'access overflow' errors from chmap
87647e29e xhci: Give USB2 ports time to enter U3 in bus suspend
b18851818 USB: UAS: introduce a quirk to set no_write_same
e26c6065e USB: sisusbvga: Make console support depend on BROKEN
702dadae7 ALSA: pcm: oss: Fix potential out-of-bounds shift
557a78b43 serial: 8250_omap: Avoid FIFO corruption caused by MDR1 access
774ada80f drm: fix drm_dp_mst_port refcount leaks in drm_dp_mst_allocate_vcpi
50f7a4abd pinctrl: merrifield: Set default bias in case no particular value given
5e72ebe0b pinctrl: baytrail: Avoid clearing debounce value when turning it off
cd360090e ARM: dts: sun8i: v3s: fix GIC node memory range
2a8fa5cbf gpio: mvebu: fix potential user-after-free on probe
d95d15a8e scsi: bnx2i: Requires MMU
e2f9672aa can: softing: softing_netdev_open(): fix error handling
1f62bb66b RDMA/cm: Fix an attempt to use non-valid pointer when cleaning timewait
43f0dcb31 kernel/cpu: add arch override for clear_tasks_mm_cpumask() mm handling
a1803e4b4 drm/tegra: sor: Disable clocks on error in tegra_sor_init()
89e51613b vxlan: Add needed_headroom for lower device
bdb532328 vxlan: Copy needed_tailroom from lowerdev
77b06ba89 scsi: mpt3sas: Increase IOCInit request timeout to 30s
f37690e59 dm table: Remove BUG_ON(in_interrupt())
3a97f1733 soc/tegra: fuse: Fix index bug in get_process_id
68d77d04c USB: serial: option: add interface-number sanity check to flag handling
72fad638b USB: gadget: f_acm: add support for SuperSpeed Plus
0f0b10b6e USB: gadget: f_midi: setup SuperSpeed Plus descriptors
a356c86bd usb: gadget: f_fs: Re-use SS descriptors for SuperSpeedPlus
5965bea13 USB: gadget: f_rndis: fix bitrate for SuperSpeed and above
6771e2983 usb: chipidea: ci_hdrc_imx: Pass DISABLE_DEVICE_STREAMING flag to imx6ul
86671445c ARM: dts: exynos: fix roles of USB 3.0 ports on Odroid XU
299e9519c ARM: dts: exynos: fix USB 3.0 VBUS control and over-current pins on Exynos5410
e3df93954 ARM: dts: exynos: fix USB 3.0 pins supply being turned off on Odroid XU
4ecafa558 HID: i2c-hid: add Vero K147 to descriptor override
87472f684 serial_core: Check for port state when tty is in error state
f8295a3f4 quota: Sanity-check quota file headers on load
3a0681d59 media: msi2500: assign SPI bus number dynamically
bcaf9356a crypto: af_alg - avoid undefined behavior accessing salg_name
f22d33d3d md: fix a warning caused by a race between concurrent md_ioctl()s
90c794717 Bluetooth: Fix slab-out-of-bounds read in hci_le_direct_adv_report_evt()
649ff3e0f drm/gma500: fix double free of gma_connector
f5b7abdef soc: renesas: rmobile-sysc: Fix some leaks in rmobile_init_pm_domains()
d7f15d254 soc: mediatek: Check if power domains can be powered on at boot time
35d024968 RDMA/bnxt_re: Set queue pair state when being queried
22a27f68b selinux: fix error initialization in inode_doinit_with_dentry()
973e153c6 RDMA/rxe: Compute PSN windows correctly
84df2839c x86/mm/ident_map: Check for errors from ident_pud_init()
0725f7c99 ARM: p2v: fix handling of LPAE translation in BE mode
8050d54bc sched/deadline: Fix sched_dl_global_validate()
5e0648c79 sched: Reenable interrupts in do_sched_yield()
acc158f4a crypto: talitos - Fix return type of current_desc_hdr()
19e8dfb22 spi: img-spfi: fix reference leak in img_spfi_resume
039f17f27 ASoC: pcm: DRAIN support reactivation
e7004c297 selinux: fix inode_doinit_with_dentry() LABEL_INVALID error handling
f1d2d9956 arm64: dts: exynos: Correct psci compatible used on Exynos7
579fe0a04 Bluetooth: Fix null pointer dereference in hci_event_packet()
9f1f3f7a0 spi: spi-ti-qspi: fix reference leak in ti_qspi_setup
46f7e0cc5 spi: tegra20-slink: fix reference leak in slink ops of tegra20
bdd095301 spi: tegra20-sflash: fix reference leak in tegra_sflash_resume
b65815b6f spi: tegra114: fix reference leak in tegra spi ops
da11132cb mwifiex: fix mwifiex_shutdown_sw() causing sw reset failure
ce3ca3345 ASoC: wm8998: Fix PM disable depth imbalance on error
842185778 ASoC: arizona: Fix a wrong free in wm8997_probe
ea7c25fa3 RDMa/mthca: Work around -Wenum-conversion warning
617f9f91a MIPS: BCM47XX: fix kconfig dependency bug for BCM47XX_BCMA
a2ce9cc5f staging: greybus: codecs: Fix reference counter leak in error handling
8e584a4bf media: mtk-vcodec: add missing put_device() call in mtk_vcodec_release_dec_pm()
62544a429 scsi: core: Fix VPD LUN ID designator priorities
c8b499c66 media: solo6x10: fix missing snd_card_free in error handling case
328f6bd6c drm/omap: dmm_tiler: fix return error code in omap_dmm_probe()
c38a6220d Input: ads7846 - fix race that causes missing releases
dcd7d09ec Input: ads7846 - fix integer overflow on Rt calculation
2660fb0ba Input: ads7846 - fix unaligned access on 7845
1dca186c0 powerpc/feature: Fix CPU_FTRS_ALWAYS by removing CPU_FTRS_GENERIC_32
1a413a7fe crypto: omap-aes - Fix PM disable depth imbalance in omap_aes_probe
be192b750 soc: ti: knav_qmss: fix reference leak in knav_queue_probe
52aed7602 soc: ti: Fix reference imbalance in knav_dma_probe
6e6fa28a8 drivers: soc: ti: knav_qmss_queue: Fix error return code in knav_queue_probe
560925cae Input: omap4-keypad - fix runtime PM error handling
2600404a0 RDMA/cxgb4: Validate the number of CQEs
183002429 memstick: fix a double-free bug in memstick_check
820213462 ARM: dts: at91: sama5d4_xplained: add pincontrol for USB Host
f6ed0b974 ARM: dts: at91: sama5d3_xplained: add pincontrol for USB Host
3fe18b8e9 orinoco: Move context allocation after processing the skb
4e679fb68 cw1200: fix missing destroy_workqueue() on error in cw1200_init_common
264b3ad1f media: siano: fix memory leak of debugfs members in smsdvb_hotplug
4d35d6190 samples: bpf: Fix lwt_len_hist reusing previous BPF map
141da6609 mips: cdmm: fix use-after-free in mips_cdmm_bus_discover
64e5a5c1b media: max2175: fix max2175_set_csm_mode() error code
fd523cdc4 HSI: omap_ssi: Don't jump to free ID in ssi_add_controller()
17b1cca57 ARM: dts: Remove non-existent i2c1 from 98dx3236
8a42f3189 power: supply: bq24190_charger: fix reference leak
eff4181db genirq/irqdomain: Don't try to free an interrupt that has no mapping
8e8181af5 PCI: iproc: Fix out-of-bound array accesses
abe2792f1 ARM: dts: at91: at91sam9rl: fix ADC triggers
845c2e7fe ath10k: Fix an error handling path
743bf3eca ath10k: Release some resources in an error handling path
960acc96a NFSv4.2: condition READDIR's mask for security label based on LSM state
f57bc0873 SUNRPC: xprt_load_transport() needs to support the netid "rdma6"
44b4a6e5f lockd: don't use interval-based rebinding over TCP
32cd75186 NFS: switch nfsiod to be an UNBOUND workqueue.
c13cb4f4b vfio-pci: Use io_remap_pfn_range() for PCI IO memory
5dd551e31 media: saa7146: fix array overflow in vidioc_s_audio()
a5f1eb420 clocksource/drivers/cadence_ttc: Fix memory leak in ttc_setup_clockevent()
b287ce417 ARM: dts: at91: sama5d2: map securam as device
5eac314c8 pinctrl: falcon: add missing put_device() call in pinctrl_falcon_probe()
690c550cb arm64: dts: rockchip: Fix UART pull-ups on rk3328
e6610c82e memstick: r592: Fix error return in r592_probe()
02f62f9f4 net/mlx5: Properly convey driver version to firmware
c8dc538d4 ASoC: jz4740-i2s: add missed checks for clk_get()
8e02c6b70 dm ioctl: fix error return code in target_message
fb916400f clocksource/drivers/arm_arch_timer: Correct fault programming of CNTKCTL_EL1.EVNTI
be75b216e cpufreq: highbank: Add missing MODULE_DEVICE_TABLE
e911942a6 cpufreq: mediatek: Add missing MODULE_DEVICE_TABLE
b1e2f53ff cpufreq: st: Add missing MODULE_DEVICE_TABLE
7bd6f910a cpufreq: loongson1: Add missing MODULE_ALIAS
634231287 cpufreq: scpi: Add missing MODULE_ALIAS
0de88245e scsi: qedi: Fix missing destroy_workqueue() on error in __qedi_probe
0cef1553a scsi: pm80xx: Fix error return in pm8001_pci_probe()
27b16259c seq_buf: Avoid type mismatch for seq_buf_init
f79d6ac61 scsi: fnic: Fix error return code in fnic_probe()
4ecd4c33a powerpc/pseries/hibernation: drop pseries_suspend_begin() from suspend ops
2532dae91 powerpc/pseries/hibernation: remove redundant cacheinfo update
23c62cb28 usb: ehci-omap: Fix PM disable depth umbalance in ehci_hcd_omap_probe
d9f76d34b usb: oxu210hp-hcd: Fix memory leak in oxu_create
41d36c3f7 speakup: fix uninitialized flush_lock
5910eb68d nfsd: Fix message level for normal termination
a57afacc6 nfs_common: need lock during iterate through the list
fa5329439 x86/kprobes: Restore BTF if the single-stepping is cancelled
3a2b16aa5 clk: tegra: Fix duplicated SE clock entry
dcd46b5f0 extcon: max77693: Fix modalias string
275c9cfe9 ASoC: wm_adsp: remove "ctl" from list on error in wm_adsp_create_control()
a4de6ab4f irqchip/alpine-msi: Fix freeing of interrupts on allocation error path
f04c23f46 watchdog: sirfsoc: Add missing dependency on HAS_IOMEM
5fdbcec63 um: chan_xterm: Fix fd leak
9fdd6d3eb nfc: s3fwrn5: Release the nfc firmware
fa1dc3d51 powerpc/ps3: use dma_mapping_error()
98d42c3f5 checkpatch: fix unescaped left brace
890565e48 net: bcmgenet: Fix a resource leak in an error handling path in the probe functin
2c8230f94 net: allwinner: Fix some resources leak in the error handling path of the probe and in the remove function
d914aa80a net: korina: fix return value
9f99dea3f watchdog: qcom: Avoid context switch in restart handler
db43b2875 watchdog: coh901327: add COMMON_CLK dependency
0297c012d clk: ti: Fix memleak in ti_fapll_synth_setup
dbdc392a4 pwm: zx: Add missing cleanup in error path
c1a982ac9 pwm: lp3943: Dynamically allocate PWM chip base
800363563 perf record: Fix memory leak when using '--user-regs=?' to list registers
cae2d8fef qlcnic: Fix error code in probe
713702f23 clk: s2mps11: Fix a resource leak in error handling paths in the probe function
8a3d2a17c clk: sunxi-ng: Make sure divider tables have sentinel
edfb189b3 cfg80211: initialize rekey_data
d35c5b34d fix namespaced fscaps when !CONFIG_SECURITY
eeb83a777 Input: cros_ec_keyb - send 'scancodes' in addition to key events
6976603f0 Input: goodix - add upside-down quirk for Teclast X98 Pro tablet
0f2c310dd media: gspca: Fix memory leak in probe
7ac642de2 media: sunxi-cir: ensure IR is handled when it is continuous
ec35abf11 media: netup_unidvb: Don't leak SPI master in probe error path
5224f333b Input: cyapa_gen6 - fix out-of-bounds stack access
7a4b0d53d PM: ACPI: PCI: Drop acpi_pm_set_bridge_wakeup()
4850757d9 Revert "ACPI / resources: Use AE_CTRL_TERMINATE to terminate resources walks"
aa83a2141 ACPI: PNP: compare the string length in the matching_id()
3db556e4f ALSA: hda/realtek - Enable headset mic of ASUS Q524UQK with ALC255
67db39c93 ALSA: pcm: oss: Fix a few more UBSAN fixes
58e1768b5 ALSA: usb-audio: Disable sample read check if firmware doesn't give back
754ee7619 s390/smp: perform initial CPU reset also for SMT siblings
1e7fd47df s390/dasd: prevent inconsistent LCU device data
a882ee3a1 s390/dasd: fix list corruption of pavgroup group list
cf57faecb s390/dasd: fix list corruption of lcu list
f59cdfb00 staging: comedi: mf6x4: Fix AI end-of-conversion detection
f843ba1ed powerpc/perf: Exclude kernel samples while counting events in user space.
5c59cf80e crypto: ecdh - avoid unaligned accesses in ecdh_set_secret()
f9ad8549e EDAC/amd64: Fix PCI component registration
ba02c315d USB: serial: mos7720: fix parallel-port state restore
4a3a63c66 USB: serial: keyspan_pda: fix dropped unthrottle interrupts
911662be5 USB: serial: keyspan_pda: fix write deadlock
b7aa0210b USB: serial: keyspan_pda: fix stalled writes
b8629470e USB: serial: keyspan_pda: fix write-wakeup use-after-free
20b1dc47f USB: serial: keyspan_pda: fix tx-unthrottle use-after-free
a5012c8e9 USB: serial: keyspan_pda: fix write unthrottling
b60fe5900 Btrfs: fix selftests failure due to uninitialized i_mode in test inodes
dc7b6eb1e btrfs: fix return value mixup in btrfs_get_extent
a7a0e3c70 ext4: fix a memory leak of ext4_free_data
7f64f7ef4 ext4: fix deadlock with fs freezing and EA inodes
c75f3a2d1 KVM: arm64: Introduce handling of AArch32 TTBCR2 traps
563e23d4d ARM: dts: at91: sama5d2: fix CAN message ram offset and size
3061d152c powerpc/rtas: Fix typo of ibm,open-errinjct in RTAS filter
3bd724384 powerpc/xmon: Change printk() to pr_cont()
fea377457 powerpc/powernv/memtrace: Don't leak kernel memory to user space
c67542373 ima: Don't modify file descriptor mode on the fly
951f89f81 ceph: fix race in concurrent __ceph_remove_cap invocations
f29cb68b6 jffs2: Fix GC exit abnormally
64ac9e7f8 jfs: Fix array index bounds check in dbAdjTree
319c940e7 drm/dp_aux_dev: check aux_dev before use in drm_dp_aux_dev_get_by_minor()
a8126662c spi: spi-sh: Fix use-after-free on unbind
c6142ccf4 spi: davinci: Fix use-after-free on unbind
8f303544b spi: pic32: Don't leak DMA channels in probe error path
40d01dc42 spi: rb4xx: Don't leak SPI master in probe error path
854e4f7db spi: sc18is602: Don't leak SPI master in probe error path
2c6157b35 spi: st-ssc4: Fix unbalanced pm_runtime_disable() in probe error path
9e4917eef soc: qcom: smp2p: Safely acquire spinlock without IRQs
93c8fdd04 mtd: parser: cmdline: Fix parsing of part-names with colons
46f92b2c6 iio: buffer: Fix demux update
46735bfcf iio: adc: rockchip_saradc: fix missing clk_disable_unprepare() on error in rockchip_saradc_resume
d70f72f36 iio:light:rpr0521: Fix timestamp alignment and prevent data leak.
831783870 iio:pressure:mpl3115: Force alignment of buffer
5e44c11ca iio:imu:bmi160: Fix too large a buffer.
ab93f1437 md/cluster: fix deadlock when node is doing resync job
9e1907d48 clk: mvebu: a3700: fix the XTAL MODE pin to MPP1_9
a85b92a0d xen-blkback: set ring->xenblkd to NULL after kthread_stop()
d4c27b8ca xen/xenbus: Allow watches discard events before queueing
cf18cd90c xen/xenbus: Add 'will_handle' callback support in xenbus_watch_path()
a16d6a874 xen/xenbus/xen_bus_type: Support will_handle watch callback
304520937 xen/xenbus: Count pending messages for each watch
f78543006 xenbus/xenbus_backend: Disallow pending watch messages
fe85aa208 libnvdimm/namespace: Fix reaping of invalidated block-window-namespace labels
c137387f5 PCI: Fix pci_slot_release() NULL pointer dereference
a691e4e64 Linux 4.14.213
2988c1b05 x86/entry/64: Add instruction suffix
eed890e0a md/raid10: initialize r10_bio->read_slot before use.
c05e343f5 ALSA: hda/ca0132 - Fix work handling in delayed HP detection
647c1457b ALSA: usb-audio: simplify set_sync_ep_implicit_fb_quirk
8de1a8979 ALSA: usb-audio: fix sync-ep altsetting sanity check
414e911d0 mm: memcontrol: eliminate raw access to stat and event counters
0e96d01de mm: memcontrol: implement lruvec stat functions on top of each other
3791a207f mm: memcontrol: fix excessive complexity in memory.stat reporting
e90a50ab5 vfio/pci: Move dummy_resources_list init in vfio_pci_probe()
626ef16ba s390/dasd: fix hanging device offline processing
f2629f59a USB: serial: digi_acceleport: fix write-wakeup deadlocks
132f8fbc8 powerpc/bitops: Fix possible undefined behaviour with fls() and fls64()
394c032c5 uapi: move constants from <linux/kernel.h> to <linux/const.h>
5d71c5af7 of: fix linker-section match-table corruption
cc62ca5a1 reiserfs: add check for an invalid ih_entry_count
8b4187bb7 misc: vmw_vmci: fix kernel info-leak by initializing dbells in vmci_ctx_get_chkpt_doorbells()
18b537c70 media: gp8psk: initialize stats at power control logic
baba3f765 ALSA: seq: Use bool for snd_seq_queue internal flags
3fbd97076 rtc: sun6i: Fix memleak in sun6i_rtc_clk_init
935e3691b module: set MODULE_STATE_GOING state when a module fails to load
46059828c quota: Don't overflow quota file offsets
45ed7e718 powerpc: sysdev: add missing iounmap() on error in mpic_msgr_probe()
9e127870f module: delay kobject uevent until after module init call
0ac1bdf56 ALSA: pcm: Clear the full allocated memory at hw_params
0b4abc1fa dm verity: skip verity work if I/O error when system is shutting down
2753b61d9 kdev_t: always inline major/minor helper functions
47b63e76a iio:imu:bmi160: Fix alignment and data leak issues
6ba709860 iio:magnetometer:mag3110: Fix alignment and data leak issues.
1b0605226 mwifiex: Fix possible buffer overflows in mwifiex_cmd_802_11_ad_hoc_start
f8fa26cd2 Linux 4.14.214
998a368c2 kbuild: don't hardcode depmod path
e2336bdda workqueue: Kick a worker based on the actual activation of delayed works
83d425097 scsi: ufs-pci: Ensure UFS device is in PowerDown mode for suspend-to-disk ->poweroff()
dd83b3035 scsi: ide: Do not set the RQF_PREEMPT flag for sense requests
b8b268db3 lib/genalloc: fix the overflow when size is too big
edbb1e17a depmod: handle the case of /sbin/depmod without /sbin in PATH
937be63d2 ethernet: ucc_geth: fix use-after-free in ucc_geth_remove()
69243bc8d ethernet: ucc_geth: set dev->max_mtu to 1518
cd67831d3 atm: idt77252: call pci_disable_device() on error path
97c1a2aab qede: fix offload for IPIP tunnel packets
2a511e3ee virtio_net: Fix recursive call to cpus_read_lock()
56c0df6bd net/ncsi: Use real net-device for response handler
85845a738 net: ethernet: Fix memleak in ethoc_probe
ddac00830 net-sysfs: take the rtnl lock when storing xps_cpus
061ae1eae net: ethernet: ti: cpts: fix ethtool output when no ptp_clock registered
da76187d9 ipv4: Ignore ECN bits for fib lookups in fib_compute_spec_dst()
fa20a66f5 net: hns: fix return value check in __lb_other_process()
38be50f7d net: hdlc_ppp: Fix issues when mod_timer is called while timer is running
cf622c701 CDC-NCM: remove "connected" log message
3fbede3ac net: usb: qmi_wwan: add Quectel EM160R-GL
41410cb3d vhost_net: fix ubuf refcount incorrectly when sendmsg fails
d982ce680 net: sched: prevent invalid Scell_log shift count
1c158ecad net-sysfs: take the rtnl lock when accessing xps_cpus_map and num_tc
6529ec4d1 net: mvpp2: Fix GoP port 3 Networking Complex Control configurations
f46390393 net: systemport: set dev->max_mtu to UMAC_MAX_MTU_SIZE
4230c5b93 video: hyperv_fb: Fix the mmap() regression for v5.4.y and older
42677e539 crypto: ecdh - avoid buffer overflow in ecdh_set_secret()
6e415030f usb: gadget: enable super speed plus
9b0a982de USB: cdc-acm: blacklist another IR Droid device
dd872623b usb: dwc3: ulpi: Use VStsDone to detect PHY regs access completion
0938f0ea1 usb: chipidea: ci_hdrc_imx: add missing put_device() call in usbmisc_get_init_data()
7b93a0f6c USB: xhci: fix U1/U2 handling for hardware with XHCI_INTEL_HOST quirk set
1415a8585 usb: usbip: vhci_hcd: protect shift size
e8e0ccfcf usb: uas: Add PNY USB Portable SSD to unusual_uas
706932019 USB: serial: iuu_phoenix: fix DMA from stack
5e868199b USB: serial: option: add LongSung M5710 module support
861cd2fc9 USB: serial: option: add Quectel EM160R-GL
cec4bdc1f USB: yurex: fix control-URB timeout handling
835c699bb USB: usblp: fix DMA to stack
5b32f958e ALSA: usb-audio: Fix UBSAN warnings for MIDI jacks
584e3183e usb: gadget: select CONFIG_CRC32
ecf03646d usb: gadget: f_uac2: reset wMaxPacketSize
71e047332 usb: gadget: function: printer: Fix a memory leak for interface descriptor
fc448c761 USB: gadget: legacy: fix return error code in acm_ms_bind()
1da847bda usb: gadget: Fix spinlock lockup on usb_function_deactivate
49fc90021 usb: gadget: configfs: Preserve function ordering after bind failure
64b3071b0 usb: gadget: configfs: Fix use-after-free issue with udc_name
006f177fa USB: serial: keyspan_pda: remove unused variable
c5c0d8a33 x86/mm: Fix leak of pmd ptlock
f9454a74d ALSA: hda/conexant: add a new hda codec CX11970
d697be71f ALSA: hda/realtek - Fix speaker volume control on Lenovo C940
f44226df6 Revert "device property: Keep secondary firmware node secondary by type"
e9d452212 netfilter: ipset: fix shift-out-of-bounds in htable_bits()
a2e14d8fa netfilter: xt_RATEEST: reject non-null terminated string from userspace
5e9e332a2 x86/mtrr: Correct the range check before performing MTRR type lookups
48db7f6c7 KVM: x86: fix shift out of bounds reported by UBSAN
00ab77e4b scsi: target: Fix XCOPY NAA identifier lookup
38eb6720e Linux 4.14.215
90aa9803e powerpc: Fix incorrect stw{, ux, u, x} instructions in __set_pte_at
3f9ef069f net: cdc_ncm: correct overhead in delayed_ndp_size
97214d667 net: vlan: avoid leaks on register_vlan_dev() failures
c46a8ba10 net: ip: always refragment ip defragmented packets
031a8f28e net: fix pmtu check in nopmtudisc mode
db5373e4f x86/resctrl: Use an IPI instead of task_work_add() to update PQR_ASSOC MSR
f6c9d295f x86/resctrl: Don't move a task to the same resource group
77a6c2cbf vmlinux.lds.h: Add PGO and AutoFDO input sections
8505c94e7 drm/i915: Fix mismatch between misplaced vma check and vma insert
4686fb290 ubifs: wbuf: Don't leak kernel memory to flash
5886dec00 spi: pxa2xx: Fix use-after-free on unbind
80a37e8ed iio: imu: st_lsm6dsx: flip irq return logic
a71acdf85 iio: imu: st_lsm6dsx: fix edge-trigger interrupts
26d48269e ARM: OMAP2+: omap_device: fix idling of devices during probe
fb4977899 i2c: sprd: use a specific timeout to avoid system hang up issue
7916076e5 cpufreq: powernow-k8: pass policy rather than use cpufreq_cpu_get()
d6d3e544b spi: stm32: FIFO threshold level - fix align packet size
713f62599 dmaengine: xilinx_dma: check dma_async_device_register return value
a6a38adba dmaengine: xilinx_dma: fix mixed_enum_type coverity warning
67803d0eb wil6210: select CONFIG_CRC32
d79533f66 block: rsxx: select CONFIG_CRC32
561aceedf iommu/intel: Fix memleak in intel_irq_remapping_alloc
250ce7949 net/mlx5e: Fix memleak in mlx5e_create_l2_table_groups
8a005367f net/mlx5e: Fix two double free cases
745d0a269 wan: ds26522: select CONFIG_BITREVERSE
588cf85bf KVM: arm64: Don't access PMCR_EL0 when no PMU is available
b39ee5f76 block: fix use-after-free in disk_part_iter_next
88eee2915 net: drop bogus skb with CHECKSUM_PARTIAL and offset beyond end of trimmed packet
dbd69987a Linux 4.14.216
9a2173ffe ASoC: dapm: remove widget from dirty list on free
a3bc634a3 MIPS: boot: Fix unaligned access with CONFIG_MIPS_RAW_APPENDED_DTB
0f8280e97 MIPS: relocatable: fix possible boot hangup with KASLR enabled
25cf5fe1b ACPI: scan: Harden acpi_device_add() against device ID overflows
c025dce1c mm/hugetlb: fix potential missing huge page size info
e1cdef7b8 dm snapshot: flush merged data before committing metadata
cee2de024 r8152: Add Lenovo Powered USB-C Travel Hub
9d32891f1 ext4: fix bug for rename with RENAME_WHITEOUT
5d25f7b0a ARC: build: remove non-existing bootpImage from KBUILD_IMAGE
cda365c72 ARC: build: add uImage.lzma to the top-level target
31bc1c005 ARC: build: add boot_targets to PHONY
9c1efdbfe btrfs: fix transaction leak and crash after RO remount caused by qgroup rescan
b230f50b4 ethernet: ucc_geth: fix definition and size of ucc_geth_tx_global_pram
9e0ab0ec0 arch/arc: add copy_user_page() to <asm/page.h> to fix build error on ARC
f7d335590 misdn: dsp: select CONFIG_BITREVERSE
65b4d8176 net: ethernet: fs_enet: Add missing MODULE_LICENSE
26e506a2a ACPI: scan: add stub acpi_create_platform_device() for !CONFIG_ACPI
67dec7196 ARM: picoxcell: fix missing interrupt-parent properties
af42b87d9 dump_common_audit_data(): fix racy accesses to ->d_name
d81f740f1 ASoC: Intel: fix error code cnl_set_dsp_D0()
b7b4f3dd7 NFS4: Fix use-after-free in trace_event_raw_event_nfs4_set_lock
582bd9135 pNFS: Mark layout for return if return-on-close was not sent
0727623fa NFS: nfs_igrab_and_active must first reference the superblock
9fa761980 ext4: fix superblock checksum failure when setting password salt
39ccf1c15 RDMA/usnic: Fix memleak in find_free_vf_and_create_qp_grp
747c91466 mm, slub: consider rest of partial list if acquire_slab() fails
72f1559a9 net: sunrpc: interpret the return value of kstrtou32 correctly
7169ab37c dm: eliminate potential source of excessive kernel log noise
e1ce760d4 ALSA: firewire-tascam: Fix integer overflow in midi_port_work()
d7e44c486 ALSA: fireface: Fix integer overflow in transmit_midi_msg()
6fcec6710 netfilter: conntrack: fix reading nf_conntrack_buckets
147acf31a usb: ohci: Make distrust_firmware param default to false
c35d0904a nfsd4: readdirplus shouldn't return parent of export
1a8ac70fb netxen_nic: fix MSI/MSI-x interrupts
d8ce4f9ee rndis_host: set proper input size for OID_GEN_PHYSICAL_MEDIUM request
8c1b6eed6 esp: avoid unneeded kmap_atomic call
23449fc69 net: dcb: Validate netlink message in DCB handler
a8959c511 net: dcb: Accept RTM_GETDCB messages carrying set-like DCB commands
43aa4ac07 net: stmmac: Fixed mtu channged by cache aligned
b5110a348 net: sit: unregister_netdevice on newlink's error path
a6805e771 net: avoid 32 x truesize under-estimation for tiny skbs
32339c458 rxrpc: Fix handling of an unsupported token type in rxrpc_read()
7b4d0edfe tipc: fix NULL deref in tipc_link_xmit()
1ee99e0ce net: use skb_list_del_init() to remove from RX sublists
998b48b5e net: introduce skb_list_walk_safe for skb segment walking
d84010f2b net: skbuff: disambiguate argument and member for skb_list_walk_safe helper
b0b7a0ab2 net: ipv6: Validate GSO SKB before finish IPv6 processing
d9a384acd spi: cadence: cache reference clock rate during probe
4b25a1a25 Linux 4.14.217
322f3ef1e i2c: bpmp-tegra: Ignore unknown I2C_M flags
bc54f2b4e ALSA: seq: oss: Fix missing error check in snd_seq_oss_synth_make_info()
3dbac695e ALSA: hda/via: Add minimum mute flag
503ac8483 ACPI: scan: Make acpi_bus_get_device() clear return pointer on error
3b29bb1da mmc: sdhci-xenon: fix 1.8v regulator stabilization
a48166e7e dm: avoid filesystem lookup in dm_get_dev_t()
5bf65e2c0 drm/atomic: put state on error path
1b4c45969 ASoC: Intel: haswell: Add missing pm_ops
2777ddb83 scsi: ufs: Correct the LUN used in eh_device_reset_handler() callback
2e951f404 xen: Fix event channel callback via INTX/GSI
9ce596404 drm/nouveau/bios: fix issue shadowing expansion ROMs
a83c7160d drm/nouveau/privring: ack interrupts the same way as RM
3d7e5fc21 drm/nouveau/i2c/gm200: increase width of aux semaphore owner fields
2cc597c63 i2c: octeon: check correct size of maximum RECV_LEN packet
897bd655b can: dev: can_restart: fix use after free bug
9c68110c7 can: vxcan: vxcan_xmit: fix use after free bug
9b40b1deb iio: ad5504: Fix setting power-down state
e71fb6f31 irqchip/mips-cpu: Set IPI domain parent chip
4eedbe33c intel_th: pci: Add Alder Lake-P support
a80ba1d6d stm class: Fix module init return on allocation failure
45949b44e ehci: fix EHCI host controller initialization sequence
ade9c8b55 USB: ehci: fix an interrupt calltrace error
bdae49c1b usb: udc: core: Use lock when write to soft_connect
a77b596b0 usb: bdc: Make bdc pci driver depend on BROKEN
87f983090 xhci: make sure TRB is fully written before giving it to the controller
9bf507f81 xhci: tegra: Delay for disabling LFPS detector
9f8139563 compiler.h: Raise minimum version of GCC to 5.1 for arm64
c33a5d0ab netfilter: rpfilter: mask ecn bits before fib lookup
cf33828b7 sh: dma: fix kconfig dependency for G2_DMA
94bba9399 sh_eth: Fix power down vs. is_opened flag ordering
f98abdf79 skbuff: back tiny skbs with kmalloc() in __netdev_alloc_skb() too
0e9b7b320 udp: mask TOS bits in udp_v4_early_demux()
083180e52 ipv6: create multicast route with RTPROT_KERNEL
713e7b5b5 net_sched: avoid shift-out-of-bounds in tcindex_set_parms()
72ccc1b31 net: dsa: b53: fix an off by one in checking "vlan->vid"
28f9e7f8f futex: futex_wake_op, fix sign_extend32 sign bits
f2a37bf75 gpio: mvebu: fix pwm .get_state period calculation
691e4ea3f Revert "mm/slub: fix a memory leak in sysfs_slab_add()"
1d97592ee futex: Ensure the correct return value from futex_lock_pi()
93bc73079 futex: Replace pointless printk in fixup_owner()
854f5063f futex: Provide and use pi_state_update_owner()
fbb901428 rtmutex: Remove unused argument from rt_mutex_proxy_unlock()
8542515d2 futex: Use pi_state_update_owner() in put_pi_state()
84bcb1a6b futex: Simplify fixup_pi_state_owner()
91c1c7c4f futex: Handle faults correctly for PI futexes
1a80586ac tracing: Fix race in trace_open and buffer resize call
b43e56f46 x86/boot/compressed: Disable relocation relaxation
8aa6b2a19 fs: move I_DIRTY_INODE to fs.h
9554c0c36 writeback: Drop I_DIRTY_TIME_EXPIRE
2a0ce8f55 fs: fix lazytime expiration handling in __writeback_single_inode()
36825895e Linux 4.14.218
8f91f1f3b nbd: freeze the queue while we're adding connections
ea98533a5 ACPI: sysfs: Prefer "compatible" modalias
ba6c66972 ARM: dts: imx6qdl-gw52xx: fix duplicate regulator naming
1c33f8360 wext: fix NULL-ptr-dereference with cfg80211's lack of commit()
dd5be01e0 net: usb: qmi_wwan: added support for Thales Cinterion PLSx3 modem family
81d8a9723 drivers: soc: atmel: Avoid calling at91_soc_init on non AT91 SoCs
52557aab2 drivers: soc: atmel: add null entry at the end of at91_soc_allowed_list[]
cb54962ff KVM: x86/pmu: Fix HW_REF_CPU_CYCLES event pseudo-encoding in intel_arch_events[]
ae4ba9afd KVM: x86: get smi pending status correctly
06b515c4a xen: Fix XenStore initialisation for XS_LOCAL
d4ebbe725 leds: trigger: fix potential deadlock with libata
b77d2a398 mt7601u: fix kernel crash unplugging the device
8e4cb2931 mt7601u: fix rx buffer refcounting
5248f088b xen-blkfront: allow discard-* nodes to be optional
08daad07b ARM: imx: build suspend-imx6.S with arm instruction set
69aa0d8ce netfilter: nft_dynset: add timeout extension to template
43506bb24 xfrm: Fix oops in xfrm_replay_advance_bmp
cf87d36a3 RDMA/cxgb4: Fix the reported max_recv_sge value
1ab558751 iwlwifi: pcie: use jiffies for memory read spin time limit
8aa2442ea iwlwifi: pcie: reschedule in long-running memory reads
6bd2c5c9a mac80211: pause TX while changing interface type
de9384f91 can: dev: prevent potential information leak in can_fill_info()
d9c52e49a x86/entry/64/compat: Preserve r8-r11 in int $0x80
203ef40cb x86/entry/64/compat: Fix "x86/entry/64/compat: Preserve r8-r11 in int $0x80"
eb4691529 iommu/vt-d: Gracefully handle DMAR units with no supported address widths
bbdd2eaff iommu/vt-d: Don't dereference iommu_device if IOMMU_API is not built
a5c8398b5 NFC: fix resource leak when target index is invalid
f4d73214c NFC: fix possible resource leak
ac37c1f6d team: protect features update by RCU to avoid deadlock
ec12b955e tcp: fix TLP timer not set when CA_STATE changes from DISORDER to OPEN
08a0c18a9 Linux 4.14.219
e876421c8 net: dsa: bcm_sf2: put device node before return
80f64e2e4 ibmvnic: Ensure that CRQ entry read are correctly ordered
83f52c1b5 ACPI: thermal: Do not call acpi_thermal_check() directly
f9e25fffa net_sched: reject silly cell_log in qdisc_get_rtab()
c3bf77551 net_sched: gen_estimator: support large ewma log
489d26a5b base: core: Remove WARN_ON from link dependencies check
1d7ec43ec driver core: Extend device_is_dependent()
5921d4e63 phy: cpcap-usb: Fix warning for missing regulator_disable
982b7c1f6 x86: __always_inline __{rd,wr}msr()
f16b8a363 scsi: scsi_transport_srp: Don't block target in failfast state
a28892e7d scsi: libfc: Avoid invoking response handler twice if ep is already completed
8b6bf5e94 mac80211: fix fast-rx encryption check
011addd33 scsi: ibmvfc: Set default timeout to avoid crash during migration
a53dec716 objtool: Don't fail on missing symbol table
525cd8217 kthread: Extract KTHREAD_IS_PER_CPU
d287126ef Linux 4.14.220
e21f0ce01 USB: serial: cp210x: add pid/vid for WSDA-200-USB
c52a52426 USB: serial: cp210x: add new VID/PID for supporting Teraoka AD2000
290ba081f USB: serial: option: Adding support for Cinterion MV31
69b2d5bd3 Input: i8042 - unbreak Pegatron C15B
49b1919d3 arm64: dts: ls1046a: fix dcfg address range
624447137 net: lapb: Copy the skb before sending a packet
a5305f119 objtool: Support Clang non-section symbols in ORC generation
cb6725816 elfcore: fix building with clang
476d37741 ipv4: fix race condition between route lookup and invalidation
b0e976ed0 USB: gadget: legacy: fix an error code in eth_bind()
bc1150baf USB: usblp: don't call usb_set_interface if there's a single alt
45a14b62a usb: dwc2: Fix endpoint direction check in ep_from_windex
8462bb7b8 ovl: fix dentry leak in ovl_get_redirect
88bcc2b2b mac80211: fix station rate table updates on assoc
6c9ab2b42 kretprobe: Avoid re-registration of the same kretprobe earlier
9a67c6ab9 xhci: fix bounce buffer usage for non-sg list case
bb79be8f4 cifs: report error instead of invalid when revalidating a dentry fails
8f018f596 smb3: Fix out-of-bounds bug in SMB2_negotiate()
540ac8cc9 mmc: core: Limit retries when analyse of SDIO tuples fails
194168d10 nvme-pci: avoid the deepest sleep state on Kingston A2000 SSDs
6ff5f0523 ARM: footbridge: fix dc21285 PCI configuration accessors
cb190017e mm: hugetlbfs: fix cannot migrate the fallocated HugeTLB page
309fc114e mm: hugetlb: fix a race between isolating and freeing page
a7b686b8d mm: hugetlb: remove VM_BUG_ON_PAGE from page_huge_active
8ab74a7b8 mm: thp: fix MADV_REMOVE deadlock on shmem THP
5d95d486a x86/build: Disable CET instrumentation in the kernel
711c72468 x86/apic: Add extra serialization for non-serializing MSRs
2167867fe Input: xpad - sync supported devices with fork on GitHub
9afdf0b77 iommu/vt-d: Do not use flush-queue when caching-mode is on
a88791d54 net: dsa: mv88e6xxx: override existent unicast portvec in port_fdb_add
863880013 Linux 4.14.221
fe5ec2351 Remove redefination of things caused by 0cda293d8706ea359a7c6c8028fc12194ebb5169 and remove temporary dump.log file
f3b9f8395 fgraph: Initialize tracing_graph_pause at task creation
fd725eb96 remoteproc: qcom_q6v5_mss: Validate modem blob firmware size before load
992288978 remoteproc: qcom_q6v5_mss: Validate MBA firmware size before load
906ba20ad af_key: relax availability checks for skb size calculation
14b9f0244 pNFS/NFSv4: Try to return invalid layout in pnfs_layout_process()
af2b512bd iwlwifi: mvm: take mutex for calling iwl_mvm_get_sync_time()
1559531b2 iwlwifi: pcie: add a NULL check in iwl_pcie_txq_unmap
62ae42b1d iwlwifi: mvm: guard against device removal in reprobe
2ec446fbe SUNRPC: Move simple_get_bytes and simple_get_netobj into private header
95b521a05 SUNRPC: Handle 0 length opaque XDR object data properly
17f3c3d65 lib/string: Add strscpy_pad() function
d27d44c3f include/trace/events/writeback.h: fix -Wstringop-truncation warnings
9d3623c51 memcg: fix a crash in wb_workfn when a device disappears
1773b4884 squashfs: add more sanity checks in id lookup
297ed7542 squashfs: add more sanity checks in inode lookup
f0bf540e5 squashfs: add more sanity checks in xattr id lookup
06c17783e tracing: Do not count ftrace events in top level enable output
d6c8add6c tracing: Check length before giving out the filter buffer
fbfa5d457 arm/xen: Don't probe xenbus as part of an early initcall
04ea685d0 MIPS: BMIPS: Fix section mismatch warning
1299560a9 arm64: dts: rockchip: Fix PCIe DT properties on rk3399
01e6449de platform/x86: hp-wmi: Disable tablet-mode reporting by default
a093112c1 ovl: perform vfs_getxattr() with mounter creds
a569e28cf cap: fix conversions on getxattr
c0de479ad ovl: skip getxattr of security labels
09bddf713 ARM: dts: lpc32xx: Revert set default clock rate of HCLK PLL
8f299c307 ARM: ensure the signal page contains defined contents
9569b9a38 memblock: do not start bottom-up allocations with kernel_end
cc2119ba6 bpf: Check for integer overflow when using roundup_pow_of_two()
5d9f1a62b netfilter: xt_recent: Fix attempt to update deleted entry
bff6a778e xen/netback: avoid race in xenvif_rx_ring_slots_available()
c72f9cac0 netfilter: conntrack: skip identical origin tuple in same zone only
4f1814a63 usb: dwc3: ulpi: fix checkpatch warning
7caf9d3d6 usb: dwc3: ulpi: Replace CPU-based busyloop with Protocol-based one
ef657117b net/vmw_vsock: improve locking in vsock_connect_timeout()
cd101cfe6 net: watchdog: hold device global xmit lock during tx disable
1cccf3bfc vsock/virtio: update credit only if socket is not closed
d6d0a76e2 vsock: fix locking in vsock_shutdown()
a415855c3 i2c: stm32f7: fix configuration of the digital filter
9177f1963 h8300: fix PREEMPTION build, TI_PRE_COUNT undefined
a79666a53 x86/build: Disable CET instrumentation in the kernel for 32-bit too
25b3646f6 trace: Use -mcount-record for dynamic ftrace
53fc961ee tracing: Fix SKIP_STACK_VALIDATION=1 build due to bad merge with -mrecord-mcount
cf6fbb973 tracing: Avoid calling cc-option -mrecord-mcount for every Makefile
914ee2c97 Xen/x86: don't bail early from clear_foreign_p2m_mapping()
bedc71c79 Xen/x86: also check kernel mapping in set_foreign_p2m_mapping()
8e862f271 Xen/gntdev: correct dev_bus_addr handling in gntdev_map_grant_pages()
ca0706fd0 Xen/gntdev: correct error checking in gntdev_map_grant_pages()
4971c077b xen/arm: don't ignore return errors from set_phys_to_machine
c15361bdb xen-blkback: don't "handle" error by BUG()
da79bcf9a xen-netback: don't "handle" error by BUG()
4c3a59081 xen-scsiback: don't "handle" error by BUG()
c7fe6aa6e xen-blkback: fix error handling in xen_blkbk_map()
af2b113ca scsi: qla2xxx: Fix crash during driver load on big endian machines
19376082b USB: Gadget Ethernet: Re-enable Jumbo frames.
7fb23dc9d usb: gadget: u_ether: Fix MTU size mismatch with RX packet size
db0e1ff8d kvm: check tlbs_dirty directly
1859bbdd8 Linux 4.14.222
f9e59e639 Add missing endif
37c3f5c68 HID: make arrays usage and value to be the same
e611e87f2 usb: quirks: add quirk to start video capture on ELMO L-12F document camera reliable
d2f4511c4 ntfs: check for valid standard information attribute
e4b1aace0 arm64: tegra: Add power-domain for Tegra210 HDA
1b04319ae NET: usb: qmi_wwan: Adding support for Cinterion MV31
c642321e7 cifs: Set CIFS_MOUNT_USE_PREFIX_PATH flag on setting cifs_sb->prepath.
1a45f96bf scripts/recordmcount.pl: support big endian for ARCH sh
a562c34e4 vmlinux.lds.h: add DWARF v5 sections
e5f09c0fb kdb: Make memory allocations more robust
caee4fe2a MIPS: vmlinux.lds.S: add missing PAGE_ALIGNED_DATA() section
efd5c00ed random: fix the RNDRESEEDCRNG ioctl
b4124ae6c Bluetooth: btqcomsmd: Fix a resource leak in error handling paths in the probe function
bba3a2814 Bluetooth: Fix initializing response id after clearing struct
c755c4876 ARM: dts: exynos: correct PMIC interrupt trigger level on Monk
ef808cc19 ARM: dts: exynos: correct PMIC interrupt trigger level on Rinato
7100c278a ARM: dts: exynos: correct PMIC interrupt trigger level on Spring
0c265709d ARM: dts: exynos: correct PMIC interrupt trigger level on Arndale Octa
1b6ca96f7 arm64: dts: exynos: correct PMIC interrupt trigger level on TM2
8d450d2ed arm64: dts: exynos: correct PMIC interrupt trigger level on Espresso
3f279b10c cpufreq: brcmstb-avs-cpufreq: Fix resource leaks in ->remove()
bd753e5e9 usb: gadget: u_audio: Free requests only after callback
2a68310ab Bluetooth: drop HCI device reference before return
80737bcb8 Bluetooth: Put HCI device if inquiry procedure interrupts
cf2e79cf2 ARM: dts: Configure missing thermal interrupt for 4430
ddc857e8f usb: dwc2: Do not update data length if it is 0 on inbound transfers
cf1235e03 usb: dwc2: Abort transaction after errors with unknown reason
b94f9f04f usb: dwc2: Make "trimming xfer length" a debug message
d5a9fe1c9 staging: rtl8723bs: wifi_regd.c: Fix incorrect number of regulatory rules
211eaffa6 arm64: dts: msm8916: Fix reserved and rfsa nodes unit address
3e26630cb ARM: s3c: fix fiq for clang IAS
bc2a360ce bpf_lru_list: Read double-checked variable once without lock
022b752c6 ath9k: fix data bus crash when setting nf_override via debugfs
917c57ef8 bnxt_en: reverse order of TX disable and carrier off
74674378a xen/netback: fix spurious event detection for common event case
1373d495c mac80211: fix potential overflow when multiplying to u32 integers
df25f463b b43: N-PHY: Fix the update of coef for the PHY revision >= 3case
8a694781e ibmvnic: skip send_request_unmap for timeout reset
2c0a03d8f net: amd-xgbe: Reset the PHY rx data path when mailbox command timeout
ec2f15d0e net: amd-xgbe: Reset link when the link never comes back
62c109798 net: mvneta: Remove per-cpu queue mapping for Armada 3700
2561045bd fbdev: aty: SPARC64 requires FB_ATY_CT
fa185bc1c drm/gma500: Fix error return code in psb_driver_load()
692b2fd5a gma500: clean up error handling in init
312fbc33b crypto: sun4i-ss - fix kmap usage
f6fc462a4 MIPS: c-r4k: Fix section mismatch for loongson2_sc_init
9f22dc221 MIPS: lantiq: Explicitly compare LTQ_EBU_PCC_ISTAT against 0
783ebee60 media: i2c: ov5670: Fix PIXEL_RATE minimum value
9b6f18dce media: vsp1: Fix an error handling path in the probe function
8a47450c6 media: media/pci: Fix memleak in empress_init
395b6914d media: tm6000: Fix memleak in tm6000_start_stream
998c9475b ASoC: cs42l56: fix up error handling in probe
ac9a0c135 crypto: bcm - Rename struct device_private to bcm_device_private
3d421767d media: lmedm04: Fix misuse of comma
a1a8376f7 media: qm1d1c0042: fix error return code in qm1d1c0042_init()
e457577e6 media: cx25821: Fix a bug when reallocating some dma memory
bc8e51d67 media: pxa_camera: declare variable when DEBUG is defined
907a538d7 media: uvcvideo: Accept invalid bFormatIndex and bFrameIndex values
f1118787a ata: ahci_brcm: Add back regulators management
f59e1a288 Drivers: hv: vmbus: Avoid use-after-free in vmbus_onoffer_rescind()
13a0ff753 btrfs: clarify error returns values in __load_free_space_cache
a7f2a46fa hwrng: timeriomem - Fix cooldown period calculation
f458f29b9 crypto: ecdh_helper - Ensure 'len >= secret.len' in decode_key()
1ec5ada94 ima: Free IMA measurement buffer on error
d4e9a16e6 ima: Free IMA measurement buffer after kexec syscall
703e27574 fs/jfs: fix potential integer overflow on shift of a int
a23df1d69 jffs2: fix use after free in jffs2_sum_write_data()
a1047b6b9 capabilities: Don't allow writing ambiguous v3 file capabilities
72d381d04 clk: meson: clk-pll: fix initializing the old rate (fallback) for a PLL
a10c2d119 quota: Fix memory leak when handling corrupted quota file
75eadf07a spi: cadence-quadspi: Abort read if dummy cycles required are too many
dc0de1b81 HID: core: detect and skip invalid inputs to snto32()
ead279557 dmaengine: fsldma: Fix a resource leak in the remove function
621e31de5 dmaengine: fsldma: Fix a resource leak in an error handling path of the probe function
667309cc9 dmaengine: hsu: disable spurious interrupt
ea5547b9e mfd: bd9571mwv: Use devm_mfd_add_devices()
0e86ee194 fdt: Properly handle "no-map" field in the memory region
41e940d56 of/fdt: Make sure no-map does not remove already reserved regions
fb8321d4a power: reset: at91-sama5d2_shdwc: fix wkupdbc mask
9541083f2 rtc: s5m: select REGMAP_I2C
a7a243d47 clocksource/drivers/mxs_timer: Add missing semicolon when DEBUG is defined
939c0a2f4 regulator: axp20x: Fix reference cout leak
a5b9fac8f certs: Fix blacklist flag type confusion
4d2bc8521 spi: atmel: Put allocated master before return
366c5102a isofs: release buffer head before return
5cb1b3b51 auxdisplay: ht16k33: Fix refresh rate handling
0fdc21537 IB/umad: Return EIO in case of when device disassociated
92ee096d7 powerpc/47x: Disable 256k page size
f4016b734 mmc: usdhi6rol0: Fix a resource leak in the error handling path of the probe
c9583cda5 ARM: 9046/1: decompressor: Do not clear SCTLR.nTLSMD for ARMv7+ cores
a46076f6f amba: Fix resource leak for drivers without .remove
928bb49fb tracepoint: Do not fail unregistering a probe due to memory failure
c12182502 perf tools: Fix DSO filtering when not finding a map for a sampled address
2c086c652 RDMA/rxe: Fix coding error in rxe_recv.c
5fac278d3 spi: stm32: properly handle 0 byte transfer
62c967c13 mfd: wm831x-auxadc: Prevent use after free in wm831x_auxadc_read_irq()
890f6b82e powerpc/pseries/dlpar: handle ibm, configure-connector delay status
652140260 powerpc/8xx: Fix software emulation interrupt
0b20c1753 spi: pxa2xx: Fix the controller numbering for Wildcat Point
17c36c79b perf intel-pt: Fix missing CYC processing in PSB
28877b8e7 perf test: Fix unaligned access in sample parsing test
43ac6a094 Input: elo - fix an error code in elo_connect()
56147eef9 sparc64: only select COMPAT_BINFMT_ELF if BINFMT_ELF is set
6be13b4d6 misc: eeprom_93xx46: Fix module alias to enable module autoprobe
7518c2be2 misc: eeprom_93xx46: Add module alias to avoid breaking support for non device tree users
6d6850148 pwm: rockchip: rockchip_pwm_probe(): Remove superfluous clk_unprepare()
067f5903f VMCI: Use set_page_dirty_lock() when unregistering guest memory
cd9e2a206 PCI: Align checking of syscall user config accessors
ebd52135a drm/msm/dsi: Correct io_start for MSM8994 (20nm PHY)
91ad63210 ext4: fix potential htree index checksum corruption
063c3887b i40e: Fix flow for IPv6 next header (extension header)
ed13224a7 i40e: Fix overwriting flow control settings during driver loading
8549d4c3c net/mlx4_core: Add missed mlx4_free_cmd_mailbox()
77a4c3af6 ocfs2: fix a use after free on error
f40d733e9 mm/memory.c: fix potential pte_unmap_unlock pte error
10a2620f8 mm/hugetlb: fix potential double free in hugetlb_register_node() error path
bfa74c15c arm64: Add missing ISB after invalidating TLB in __primary_switch
1acaf60b5 i2c: brcmstb: Fix brcmstd_send_i2c_cmd condition
1fee74c81 mm/rmap: fix potential pte_unmap on an not mapped pte
7b54c4261 scsi: bnx2fc: Fix Kconfig warning & CNIC build errors
e70260e05 blk-settings: align max_sectors on "logical_block_size" boundary
4599640e0 ACPI: property: Fix fwnode string properties matching
8a1f7bf29 ACPI: configfs: add missing check after configfs_register_default_group()
d68b7a059 HID: wacom: Ignore attempts to overwrite the touch_max value from HID
46e112259 Input: raydium_ts_i2c - do not send zero length
b853210da Input: xpad - add support for PowerA Enhanced Wired Controller for Xbox Series X|S
5f2ae94c7 Input: joydev - prevent potential read overflow in ioctl
b4fb602e3 Input: i8042 - add ASUS Zenbook Flip to noselftest list
25cf2c6f9 USB: serial: option: update interface mapping for ZTE P685M
18e227cc7 usb: musb: Fix runtime PM race in musb_queue_resume_work
f89579761 USB: serial: mos7840: fix error code in mos7840_write()
70ce18e4c USB: serial: mos7720: fix error code in mos7720_write()
11ccdf30e usb: dwc3: gadget: Fix setting of DEPCFG.bInterval_m1
696d71a8f usb: dwc3: gadget: Fix dep->interval for fullspeed interrupt
9cc6a96e7 ALSA: hda/realtek: modify EAPD in the ALC886
f5294fa46 tpm_tis: Fix check_locality for correct locality acquisition
aafca6ec0 KEYS: trusted: Fix migratable=1 failing
49802d565 btrfs: abort the transaction if we fail to inc ref in btrfs_copy_root
03c2a7ac0 btrfs: fix reloc root leak with 0 ref reloc roots on recovery
2d2940738 btrfs: fix extent buffer leak on failure to copy root
bf2c688dc crypto: sun4i-ss - checking sg length is not sufficient
ba25f40bf crypto: sun4i-ss - handle BigEndian for cipher
bd67d9166 seccomp: Add missing return in non-void function
a9de8f419 drivers/misc/vmw_vmci: restrict too big queue size in qp_host_alloc_queue
6ea76f460 staging: rtl8188eu: Add Edimax EW-7811UN V2 to device table
d71ec7dab x86/reboot: Force all cpus to exit VMX root if VMX is supported
f7a3d9d6a floppy: reintroduce O_NDELAY fix
577d6dbf7 arm64: uprobe: Return EOPNOTSUPP for AARCH32 instruction probing
00f663f15 watchdog: mei_wdt: request stop on unregister
c01b927a1 mtd: spi-nor: hisi-sfc: Put child node np on error path
762cc2354 fs/affs: release old buffer head on error path
2586335d4 hugetlb: fix copy_huge_page_from_user contig page struct assumption
49550059b mm: hugetlb: fix a race between freeing and dissolving the page
04fcb0504 usb: renesas_usbhs: Clear pipe running flag in usbhs_pkt_pop()
39ea80716 libnvdimm/dimm: Avoid race between probe and available_slots_show()
276ca33c2 module: Ignore _GLOBAL_OFFSET_TABLE_ when warning for undefined symbols
daa825c0b mmc: sdhci-esdhc-imx: fix kernel panic when remove module
2d411275b gpio: pcf857x: Fix missing first interrupt
5d2ba1ea1 printk: fix deadlock when kernel panic
e11057dfc f2fs: fix out-of-repair __setattr_copy()
f54a4d6f4 sparc32: fix a user-triggerable oops in clear_user()
a50303a43 gfs2: Don't skip dlm unlock if glock has an lvb
7e594fe9e dm era: Recover committed writeset after crash
ae2cf4c72 dm era: Verify the data block size hasn't changed
a971fd46c dm era: Fix bitset memory leaks
580f0531d dm era: Use correct value size in equality function of writeset tree
3abb8c352 dm era: Reinitialize bitset cache before digesting a new writeset
15f3de947 dm era: only resize metadata in preresume
9ebe2f017 icmp: introduce helper for nat'd source address in network device context
30c20dfc8 icmp: allow icmpv6_ndo_send to work with CONFIG_IPV6=n
99d817664 gtp: use icmp_ndo_send helper
19efe61c6 sunvnet: use icmp_ndo_send helper
e491a47c1 ipv6: icmp6: avoid indirect call for icmpv6_send()
0b7cfdb33 ipv6: silence compilation warning for non-IPV6 builds
0fa02c8d4 net: icmp: pass zeroed opts from icmp{,v6}_ndo_send before sending
3f87a27c4 dm era: Update in-core bitset after committing the metadata
d0fd7c2e4 Linux 4.14.223
4aa878216 net: usb: qmi_wwan: support ZTE P685M modem
8ed0476ba scripts: use pkg-config to locate libcrypto
56edd355f scripts: set proper OpenSSL include dir also for sign-file
9554fe328 hugetlb: fix update_and_free_page contig page struct assumption
d16d1bf82 drm/virtio: use kvmalloc for large allocations
b61970824 virtio/s390: implement virtio-ccw revision 2 correctly
c167e2d5f arm64 module: set plt* section addresses to 0x0
5e1fdc916 arm64: Avoid redundant type conversions in xchg() and cmpxchg()
fe618150c arm64: cmpxchg: Use "K" instead of "L" for ll/sc immediate constraint
f22c95252 arm64: Use correct ll/sc atomic constraints
b7f01bbc6 JFS: more checks for invalid superblock
7c636c2dc media: mceusb: sanity check for prescaler value
bc60b12dd xfs: Fix assert failure in xfs_setattr_size()
69c4d41cb smackfs: restrict bytes count in smackfs write functions
a38462d9a net: fix up truesize of cloned skb in skb_prepare_for_shift()
23fe0c7b2 mm/hugetlb.c: fix unnecessary address expansion of pmd sharing
359e3e7d6 net: bridge: use switchdev for port flags set through sysfs too
0303adcc1 dt-bindings: net: btusb: DT fix s/interrupt-name/interrupt-names/
c0f85513d staging: fwserial: Fix error handling in fwserial_create
578951c35 x86/reboot: Add Zotac ZBOX CI327 nano PCI reboot quirk
7bb7e5885 vt/consolemap: do font sum unsigned
3a3abfab0 wlcore: Fix command execute failure 19 for wl12xx
1bd7720b4 pktgen: fix misuse of BUG_ON() in pktgen_thread_worker()
e29515f69 ath10k: fix wmi mgmt tx queue full due to race condition
98fbd10cd x86/build: Treat R_386_PLT32 relocation as R_386_PC32
866be4e8d Bluetooth: Fix null pointer dereference in amp_read_loc_assoc_final_data
70d70c962 staging: most: sound: add sanity check for function argument
ac04342ad media: uvcvideo: Allow entities with no pads
06b99c5d6 f2fs: handle unallocated section and zone on pinned/atgc
7efd58d4d parisc: Bump 64-bit IRQ stack size to 64 KB
199cee70e scsi: iscsi: Restrict sessions and handles to admin capabilities
6c08472d9 sysfs: Add sysfs_emit and sysfs_emit_at to format sysfs output
85039a3ac scsi: iscsi: Ensure sysfs attributes are limited to PAGE_SIZE
b530eb094 scsi: iscsi: Verify lengths on passthrough PDUs
16ef91ee4 Xen/gnttab: handle p2m update errors on a per-slot basis
b029b94ab xen-netback: respect gnttab_map_refs()'s return value
47edc6a22 zsmalloc: account the number of compacted pages correctly
c01a59056 swap: fix swapfile read/write offset
3607b2e6f media: v4l: ioctl: Fix memory leak in video_usercopy
9d91168ca Linux 4.14.224
69a4ee6ba Revert "zsmalloc: account the number of compacted pages correctly"
e629374a7 zsmalloc: account the number of compacted pages correctly
ea394f3c1 placeholder
bfc7ce7eb Revert "placeholder"
a90eec943 Revert "zsmalloc: account the number of compacted pages correctly"
da9d72816 zsmalloc: account the number of compacted pages correctly
2c9843596 Revert "zsmalloc: account the number of compacted pages correctly"
2c2bb20c8 btrfs: raid56: simplify tracking of Q stripe presence
778b76162 btrfs: fix raid6 qstripe kmap
c2f71af9b PM: runtime: Update device status before letting suppliers suspend
2c8954654 usbip: tools: fix build error for multiple definition
cce76ed1c ALSA: ctxfi: cthw20k2: fix mask on conf to allow 4 bits
48dca9fb3 rsxx: Return -EFAULT if copy_to_user() fails
03ca124ac dm table: fix iterate_devices based device capability checks
c2d35a4fd dm table: fix DAX iterate_devices based device capability checks
aaee2d4b9 dm table: fix zoned iterate_devices based device capability checks
a253372d5 iommu/amd: Fix sleeping in atomic in increase_address_space()
243dfe897 mwifiex: pcie: skip cancel_work_sync() on reset failure path
33c4454ee platform/x86: acer-wmi: Cleanup ACER_CAP_FOO defines
b91aa8bd9 platform/x86: acer-wmi: Cleanup accelerometer device handling
5dbe2087c platform/x86: acer-wmi: Add new force_caps module parameter
508fa5e4d platform/x86: acer-wmi: Add ACER_CAP_SET_FUNCTION_MODE capability flag
32ab45c60 platform/x86: acer-wmi: Add support for SW_TABLET_MODE on Switch devices
f23fee9dc platform/x86: acer-wmi: Add ACER_CAP_KBD_DOCK quirk for the Aspire Switch 10E SW3-016
444be2ad3 PCI: Add function 1 DMA alias quirk for Marvell 9215 SATA controller
b17768b35 misc: eeprom_93xx46: Add quirk to support Microchip 93LC46B eeprom
b1fd92e8c drm/msm/a5xx: Remove overwriting A5XX_PC_DBG_ECO_CNTL register
4ade42dc3 Linux 4.14.225
bbb63127f Remove code not in source included by 036c07872ff3b71fa1a395743a00124b65ea172a
2ae9ee4ed uapi: nfnetlink_cthelper.h: fix userspace compilation error
89cd6a619 ethernet: alx: fix order of calls on resume
d23e14ebd ath9k: fix transmitting to stations in dynamic SMPS mode
815f0ac75 net: Fix gro aggregation for udp encaps with zero csum
bface1f24 net: Introduce parse_protocol header_ops callback
d3b0d4061 net: check if protocol extracted by virtio_net_hdr_set_proto is correct
65d44d4c2 net: avoid infinite loop in mpls_gso_segment when mpls_hlen == 0
603525212 can: skb: can_skb_set_owner(): fix ref counting if socket was closed before setting skb ownership
26f68f117 can: flexcan: assert FRZ bit in flexcan_chip_freeze()
d964423ac can: flexcan: enable RX FIFO after FRZ/HALT valid
92450cf9d netfilter: x_tables: gpf inside xt_find_revision()
4ca392a44 cifs: return proper error code in statfs(2)
f2dc781bf scripts/recordmcount.{c,pl}: support -ffunction-sections .text.* section names
f0d521b97 Revert "mm, slub: consider rest of partial list if acquire_slab() fails"
46e436f65 sh_eth: fix TRSCER mask for SH771x
f0780b671 net/mlx4_en: update moderation when config reset
eb9695912 net: stmmac: fix incorrect DMA channel intr enable setting of EQoS v4.10
20251c535 net: sched: avoid duplicates in classes dump
b42e64f78 net: usb: qmi_wwan: allow qmimux add/del with master up
81468edc6 cipso,calipso: resolve a number of problems with the DOI refcounts
fc5d36fbb net: lapbether: Remove netif_start_queue / netif_stop_queue
f3437fcf3 net: davicom: Fix regulator not turned off on failed probe
dcc578750 net: davicom: Fix regulator not turned off on driver removal
5c31561ad net: stmmac: stop each tx channel independently
c7fd55ba2 perf traceevent: Ensure read cmdlines are null terminated.
1d9e02592 s390/cio: return -EFAULT if copy_to_user() fails again
a70d73d96 drm/compat: Clear bounce structures
94227501b drm: meson_drv add shutdown function
7eb518ade s390/cio: return -EFAULT if copy_to_user() fails
da46bcde5 media: usbtv: Fix deadlock on suspend
49d92c363 net: phy: fix save wrong speed and duplex problem if autoneg is on
d2a77bfe5 udf: fix silent AED tagLocation corruption
b7ffe48d8 mmc: mxs-mmc: Fix a resource leak in an error handling path in 'mxs_mmc_probe()'
a0bbf673e mmc: mediatek: fix race condition between msdc_request_timeout and irq
3884e3464 powerpc: improve handling of unrecoverable system reset
88ff53faa powerpc/perf: Record counter overflow always if SAMPLE_IP is unset
37dc580e8 PCI: xgene-msi: Fix race in installing chained irq handler
ce6182794 PCI: mediatek: Add missing of_node_put() to fix reference leak
47f497bd1 s390/smp: __smp_rescan_cpus() - move cpumask away from stack
a22d00fd8 scsi: libiscsi: Fix iscsi_prep_scsi_cmd_pdu() error handling
b02894fbb ALSA: hda/hdmi: Cancel pending works before suspend
84f046d10 ALSA: hda: Drop the BATCH workaround for AMD controllers
ad089b424 ALSA: hda: Avoid spurious unsol event handling during S3/S4
08276e2a6 ALSA: usb-audio: Fix "cannot get freq eq" errors on Dell AE515 sound bar
ee7e44427 Revert 95ebabde382c ("capabilities: Don't allow writing ambiguous v3 file capabilities")
6a03ccd3c s390/dasd: fix hanging DASD driver unbind
68a17466e s390/dasd: fix hanging IO request during DASD driver unbind
228421262 mmc: core: Fix partition switch time for eMMC
57bf61d8d Goodix Fingerprint device is not a modem
d6f5d7ae7 USB: gadget: u_ether: Fix a configfs return code
ab6947622 usb: gadget: f_uac2: always increase endpoint max_packet_size by one audio slot
393e3e5d7 usb: gadget: f_uac1: stop playback on function disable
45927a3b0 usb: renesas_usbhs: Clear PIPECFG for re-enabling pipe with other EPNUM
7b4dca2f9 xhci: Improve detection of device initiated wake signal.
bffc63609 usb: xhci: Fix ASMedia ASM1042A and ASM3242 DMA addressing
1faf85888 USB: serial: io_edgeport: fix memory leak in edge_startup
9ecd6398d USB: serial: ch341: add new Product ID
f14215c70 USB: serial: cp210x: add ID for Acuity Brands nLight Air Adapter
009d9d687 USB: serial: cp210x: add some more GE USB IDs
3c37ffac1 usbip: fix stub_dev to check for stream socket
68bee06ee usbip: fix vhci_hcd to check for stream socket
61584077f usbip: fix vudc to check for stream socket
8832129c8 usbip: fix stub_dev usbip_sockfd_store() races leading to gpf
3e97faf79 usbip: fix vhci_hcd attach_store() races leading to gpf
70f711ba8 staging: rtl8192u: fix ->ssid overflow in r8192_wx_set_scan()
e1b19d78d staging: rtl8188eu: prevent ->ssid overflow in rtw_wx_set_scan()
07443e55d staging: rtl8712: unterminated string leads to read overflow
e8fc4c2c0 staging: rtl8188eu: fix potential memory corruption in rtw_check_beacon_data()
23aa47ed7 staging: ks7010: prevent buffer overflow in ks_wlan_set_scan()
cb799742e staging: rtl8712: Fix possible buffer overflow in r8712_sitesurvey_cmd
cad1bc585 staging: rtl8192e: Fix possible buffer overflow in _rtl92e_wx_set_scan
9d9765254 staging: comedi: addi_apci_1032: Fix endian problem for COS sample
e08079790 staging: comedi: addi_apci_1500: Fix endian problem for command sample
c4b84403d staging: comedi: adv_pci1710: Fix endian problem for AI command data
c815050ab staging: comedi: das6402: Fix endian problem for AI command data
f2fe0dcb2 staging: comedi: das800: Fix endian problem for AI command data
315b5871e staging: comedi: dmm32at: Fix endian problem for AI command data
ba4d52a9b staging: comedi: me4000: Fix endian problem for AI command data
05e66c8ca staging: comedi: pcl711: Fix endian problem for AI command data
17a61a374 staging: comedi: pcl818: Fix endian problem for AI command data
96f6d2c88 sh_eth: fix TRSCER mask for R7S72100
e7324af31 NFSv4.2: fix return value of _nfs4_get_security_label()
543d72069 block: rsxx: fix error return code of rsxx_pci_probe()
529719662 configfs: fix a use-after-free in __configfs_open_file
4721739f4 stop_machine: mark helpers __always_inline
2ec21aec5 include/linux/sched/mm.h: use rcu_dereference in in_vfork()
9a744a707 powerpc/64s: Fix instruction encoding for lis in ppc_function_entry()
54a91e0b9 binfmt_misc: fix possible deadlock in bm_register_write
1cede30e1 hwmon: (lm90) Fix max6658 sporadic wrong temperature reading
016a0ee05 KVM: arm64: Fix exclusive limit for IPA size
6bb7ec054 iio: imu: adis16400: release allocated memory on failure
976f63792 xen/events: reset affinity of 2-level event when tearing it down
f3672df45 xen/events: don't unmask an event channel when an eoi is pending
cb0b8338d xen/events: avoid handling the same event on two cpus at the same time
759193949 Linux 4.14.226
b3a202e35 Fix left over conflict markers
85c2e692f ext4: handle error of ext4_setup_system_zone() on remount
163d35e66 ext4: don't allow overlapping system zones
d15a1c452 ext4: check journal inode extents more carefully
d4b48132d bpf: Fix off-by-one for area size in creating mask to left
4d6dd323f bpf: Simplify alu_limit masking for pointer arithmetic
e6ef630e3 bpf: Add sanity check for upper ptr_limit
2a6276686 net: dsa: b53: Support setting learning on port
c10b48429 bpf: Prohibit alu ops for pointer types not defining ptr_limit
bcb2cf5ee Revert "PM: runtime: Update device status before letting suppliers suspend"
d6a4f8f9a perf tools: Use %define api.pure full instead of %pure-parser
e1aa20e23 tools build feature: Check if get_current_dir_name() is available
abb93e50a tools build feature: Check if eventfd() is available
f57b37d1d tools build: Check if gettid() is available before providing helper
dff268182 perf: Make perf able to build with latest libbfd
3695a8d33 tools build feature: Check if pthread_barrier_t is available
e137840ea btrfs: fix race when cloning extent buffer during rewind of an old root
f8755625a nvmet: don't check iosqes,iocqes for discovery controllers
2cfb6211a NFSD: Repair misuse of sv_lock in 5.10.16-rt30.
7fe678307 svcrdma: disable timeouts on rdma backchannel
66ca17491 sunrpc: fix refcount leak for rpc auth modules
4cdb6176b net/qrtr: fix __netdev_alloc_skb call
50e557dd6 scsi: lpfc: Fix some error codes in debugfs
ea7f86104 nvme-rdma: fix possible hang when failing to set io queues
74ca3a24c usb-storage: Add quirk to defeat Kindle's automatic unload
f0a8fb513 USB: replace hardcode maximum usb string length by definition
a2440f955 usb: gadget: configfs: Fix KASAN use-after-free
b540e20ec iio:adc:stm32-adc: Add HAS_IOMEM dependency
c9931abd1 iio:adc:qcom-spmi-vadc: add default scale to LR_MUX2_BAT_ID channel
3c107fd32 iio: adis16400: Fix an error code in adis16400_initial_setup()
02ec46376 iio: gyro: mpu3050: Fix error handling in mpu3050_trigger_handler
2daad6ce9 iio: hid-sensor-humidity: Fix alignment issue of timestamp channel
7a2c1be04 iio: hid-sensor-prox: Fix scale not correct issue
52693d30b iio: hid-sensor-temperature: Fix issues of timestamp channel
4ce5fefe9 PCI: rpadlpar: Fix potential drc_name corruption in store functions
8d5f60293 perf/x86/intel: Fix a crash caused by zero PEBS status
d433a2cbc x86/ioapic: Ignore IRQ2 again
cd27d3e2a kernel, fs: Introduce and use set_restart_fn() and arch_set_restart_data()
a3e082c28 x86: Move TS_COMPAT back to asm/thread_info.h
9fb572855 x86: Introduce TS_COMPAT_RESTART to fix get_nr_restart_syscall()
d2dc148b8 ext4: find old entry again if failed to rename whiteout
fec56e916 ext4: do not try to set xattr into ea_inode if value is empty
3d019e90d ext4: fix potential error in ext4_do_update_inode
cb48f595a genirq: Disable interrupts for force threaded handlers
cc2b9e313 Linux 4.14.227
2469ed765 Add back missing args.
a14f49a65 net: fec: ptp: avoid register access when ipg clock is disabled
b6eb01445 powerpc/4xx: Fix build errors from mfdcr()
186894188 atm: eni: dont release is never initialized
b0b9be3c2 atm: lanai: dont run lanai_dev_close if not open
f18b91f74 Revert "r8152: adjust the settings about MAC clock speed down for RTL8153"
bec5ade60 ixgbe: Fix memleak in ixgbe_configure_clsu32
b604a4c73 net: tehuti: fix error return code in bdx_probe()
7b35bbb0f sun/niu: fix wrong RXMAC_BC_FRM_CNT_COUNT count
93c23ba14 gpiolib: acpi: Add missing IRQF_ONESHOT
2c1e8c633 nfs: fix PNFS_FLEXFILE_LAYOUT Kconfig default
1de54d9f2 NFS: Correct size calculation for create reply length
65227d8fe net: hisilicon: hns: fix error return code of hns_nic_clear_all_rx_fetch()
32f3cbc47 net: wan: fix error return code of uhdlc_init()
c9f7dc0ab atm: uPD98402: fix incorrect allocation
a790410ff atm: idt77252: fix null-ptr-dereference
25c48d60d sparc64: Fix opcode filtering in handling of no fault loads
869e24593 u64_stats,lockdep: Fix u64_stats_init() vs lockdep
5065884ac drm/radeon: fix AGP dependency
d4c464d8f nfs: we don't support removing system.nfs4_acl
05a1e3cc2 ia64: fix ia64_syscall_get_set_arguments() for break-based syscalls
2c2dd27e3 ia64: fix ptrace(PTRACE_SYSCALL_INFO_EXIT) sign
22068c005 squashfs: fix inode lookup sanity checks
9e53ac5bd squashfs: fix xattr id and id lookup sanity checks
b53db4f09 arm64: dts: ls1046a: mark crypto engine dma coherent
4295c55af arm64: dts: ls1012a: mark crypto engine dma coherent
c5c57f890 arm64: dts: ls1043a: mark crypto engine dma coherent
9a408f661 ARM: dts: at91-sama5d27_som1: fix phy address to 7
518e2dfd3 dm ioctl: fix out of bounds array access when no devices
276bce564 bus: omap_l3_noc: mark l3 irqs as IRQF_NO_THREAD
2b2d1de8e libbpf: Fix INSTALL flag order
fd03149e8 macvlan: macvlan_count_rx() needs to be aware of preemption
52c97b3e9 net: dsa: bcm_sf2: Qualify phydev->dev_flags based on port
ab0bf0480 e1000e: add rtnl_lock() to e1000_reset_task
b32b75717 e1000e: Fix error handling in e1000_set_d0_lplu_state_82571
17b5c8b7c net/qlcnic: Fix a use after free in qlcnic_83xx_get_minidump_template
de0b07a21 ftgmac100: Restart MAC HW once
e15eea2ff can: peak_usb: add forgotten supported devices
9bc8d34d2 can: c_can_pci: c_can_pci_remove(): fix use-after-free
b7c08208a can: c_can: move runtime PM enable/disable to c_can_platform
f426393cd can: m_can: m_can_do_rx_poll(): fix extraneous msg loss warning
9784eb5fc mac80211: fix rate mask reset
c2a6e1ca1 net: cdc-phonet: fix data-interface release on probe failure
69919ba1d net: stmmac: dwmac-sun8i: Provide TX and RX fifo sizes
6069888f4 drm/msm: fix shutdown hook in case GPU components failed to bind
1450233b3 arm64: kdump: update ppos when reading elfcorehdr
928965ad0 net/mlx5e: Fix error path for ethtool set-priv-flag
a4b549477 RDMA/cxgb4: Fix adapter LE hash errors while destroying ipv6 listening server
0c235e265 ACPI: scan: Rearrange memory allocation in acpi_device_add()
57857920b ACPI: scan: Use unique number for instance_no
c9bff46cb perf auxtrace: Fix auxtrace queue conflict
935dc1346 scsi: qedi: Fix error return code of qedi_alloc_global_queues()
46faf19da scsi: mpt3sas: Fix error return code of mpt3sas_base_attach()
5c92ec553 locking/mutex: Fix non debug version of mutex_lock_io_nested()
aa0f7873f can: dev: Move device back to init netns on owning netns delete
5eadb196c net: sched: validate stab values
326293757 net: qrtr: fix a kernel-infoleak in qrtr_recvmsg()
eaa1a120d mac80211: fix double free in ibss_leave
5f05eef3e ext4: add reclaim checks to xattr code
4a94a2b0d can: peak_usb: Revert "can: peak_usb: add forgotten supported devices"
ce3b0c238 xen-blkback: don't leak persistent grants from xen_blkbk_map()
221547f63 Linux 4.14.228
7001fa98c selinux: vsock: Set SID for socket returned by accept()
88b01d64e ipv6: weaken the v4mapped source check
4920fda19 ext4: fix bh ref count on error paths
69383c254 rpc: fix NULL dereference on kmalloc failure
df7ba5dff ASoC: rt5640: Fix dac- and adc- vol-tlv values being off by a factor of 10
7f1c8e26c ASoC: rt5651: Fix dac- and adc- vol-tlv values being off by a factor of 10
e99542f6f ASoC: sgtl5000: set DAP_AVC_CTRL register to correct default value on probe
728e1b2bd ASoC: es8316: Simplify adc_pga_gain_tlv table
e98fc71e9 ASoC: cs42l42: Fix mixer volume control
641ab0144 ASoC: cs42l42: Always wait at least 3ms after reset
a577528fd powerpc: Force inlining of cpu_has_feature() to avoid build failure
530202da0 vhost: Fix vhost_vq_reset()
9d21111cd scsi: st: Fix a use after free in st_open()
6cbf07f57 scsi: qla2xxx: Fix broken #endif placement
6b8ddd93b staging: comedi: cb_pcidas: fix request_irq() warn
ab8fa91e8 staging: comedi: cb_pcidas64: fix request_irq() warn
03c79e71c ASoC: rt5659: Update MCLK rate in set_sysclk()
daeb2eb8d ext4: do not iput inode under running transaction in ext4_rename()
6b791b327 brcmfmac: clear EAP/association status bits on linkdown events
1198de6af net: ethernet: aquantia: Handle error cleanup of start on open
65911d2c9 appletalk: Fix skb allocation size in loopback case
fdf2eb896 net: wan/lmc: unregister device when no matching device is found
947521fbb bpf: Remove MTU check in __bpf_skb_max_len
2126a3602 ALSA: usb-audio: Apply sample rate quirk to Logitech Connect
1c67a744d ALSA: hda/realtek: fix a determine_headset_type issue for a Dell AIO
f61e2f044 ALSA: hda/realtek: call alc_update_headset_mode() in hp_automute_hook
710d216c3 tracing: Fix stack trace event size
2cd237cff mm: fix race by making init_zero_pfn() early_initcall
7d87e22f6 drm/amdgpu: fix offset calculation in amdgpu_vm_bo_clear_mappings()
885f6fe06 drm/amdgpu: check alignment on CPU page for bo map
54bc9f0ba reiserfs: update reiserfs_xattrs_initialized() condition
b9bf18fb1 mm: memcontrol: fix NR_WRITEBACK leak in memcg and system stats
a8e59c610 mm: memcg: make sure memory.events is uptodate when waking pollers
4c956fcdd mem_cgroup: make sure moving_account, move_lock_task and stat_cpu in the same cacheline
325e0ea7e mm: fix oom_kill event handling
c61eb517f mm: writeback: use exact memcg dirty counts
9d371592c pinctrl: rockchip: fix restore error in resume
01da63f6c extcon: Add stubs for extcon_register_notifier_all() functions
852f8e42b extcon: Fix error handling in extcon_dev_register
7bbec853d firewire: nosy: Fix a use-after-free bug in nosy_ioctl()
e815c6e23 usbip: vhci_hcd fix shift out-of-bounds in vhci_hub_control()
5b9e8c513 USB: quirks: ignore remote wake-up on Fibocom L850-GL LTE modem
f6be1d806 usb: musb: Fix suspend with devices connected for a64
ceaf6e4d4 usb: xhci-mtk: fix broken streams issue on 0.96 xHCI
72892cdbf cdc-acm: fix BREAK rx code path adding necessary calls
a24785ed3 USB: cdc-acm: untangle a circular dependency between callback and softint
3166120d0 USB: cdc-acm: downgrade message to debug
19d193f59 USB: cdc-acm: fix use-after-free after probe failure
428321844 usb: gadget: udc: amd5536udc_pci fix null-ptr-dereference
1a58ad273 staging: rtl8192e: Fix incorrect source in memcpy()
4405e2fba staging: rtl8192e: Change state information from u16 to u8
242e6ca7c drivers: video: fbcon: fix NULL dereference in fbcon_cursor()
d970b5beb Linux 4.14.229
4b448d7df Revert "mem_cgroup: make sure moving_account, move_lock_task and stat_cpu in the same cacheline"
d8282a617 mem_cgroup: make sure moving_account, move_lock_task and stat_cpu in the same cacheline
cf0b48abb Relocate parts
ce8351e4b ARM: dts: am33xx: add aliases for mmc interfaces
b225a3d31 net: pxa168_eth: Fix a potential data race in pxa168_eth_remove
f42ee674d mISDN: fix crash in fritzpci
104438c78 mac80211: choose first enabled channel for monitor
0c183301e drm/msm: Ratelimit invalid-fence message
6f7e77afa platform/x86: thinkpad_acpi: Allow the FnLock LED to change state
112bba64e x86/build: Turn off -fcf-protection for realmode targets
4b9286b49 scsi: target: pscsi: Clean up after failure in pscsi_map_sg()
7f0dfef1a ia64: mca: allocate early mca with GFP_ATOMIC
567d06f52 cifs: revalidate mapping when we open files for SMB1 POSIX
d9a5c7c4d cifs: Silently ignore unknown oplock break handle
1d8d16821 bpf, x86: Validate computation of branch displacements for x86-64
3b8deb82e init/Kconfig: make COMPILE_TEST depend on !S390
e14190bc9 init/Kconfig: make COMPILE_TEST depend on HAS_IOMEM
369959dd9 can: flexcan: flexcan_chip_freeze(): fix chip freeze for missing bitrate
82c49f497 Linux 4.14.230
d46ecaacf ALSA: aloop: Fix initialization of controls
994c46492 ASoC: intel: atom: Stop advertising non working S24LE support
ed0f8f9b2 nfc: fix refcount leak in llcp_sock_bind()
ee5a3fdcc nfc: fix refcount leak in llcp_sock_connect()
50f28378a nfc: fix memory leak in llcp_sock_connect()
c68193842 nfc: Avoid endless loops caused by repeated llcp_sock_connect()
ac2e31b81 xen/evtchn: Change irq_info lock to raw_spinlock_t
093de8d4a net: ipv6: check for validity before dereferencing cfg->fc_nlinfo.nlh
8aac4e11f ia64: fix user_stack_pointer() for ptrace()
0dc45a04c ocfs2: fix deadlock between setattr and dio_end_io_write
1e51e094b fs: direct-io: fix missing sdio->boundary
350f74e20 parisc: parisc-agp requires SBA IOMMU driver
9f3db6c65 parisc: avoid a warning on u8 cast for cmpxchg on u8 pointers
678696f53 ARM: dts: turris-omnia: configure LED[2]/INTn pin as interrupt pin
e4f57532b batman-adv: initialize "struct batadv_tvlv_tt_vlan_data"->reserved field
ef1460afb net: ensure mac header is set in virtio_net_hdr_to_skb()
87cdd0286 net: sched: sch_teql: fix null-pointer dereference
751561d6c usbip: add sysfs_lock to synchronize sysfs code paths
9a6a72b0d usbip: stub-dev synchronize sysfs code paths
540e10ded usbip: synchronize event handler with sysfs code paths
90554977d i2c: turn recovery error on init to debug
031e3dfaf regulator: bd9571mwv: Fix AVS and DVFS voltage range
eb52dbfb5 ASoC: wm8960: Fix wrong bclk and lrclk with pll enabled for some chips
337c5409c amd-xgbe: Update DMA coherency values
1e998f51d sch_red: fix off-by-one checks in red_check_params()
a551568d2 gianfar: Handle error code at MAC address change
3757d6bb5 net:tipc: Fix a double free in tipc_sk_mcast_rcv
c93052d9b ARM: dts: imx6: pbab01: Set vmmc supply for both SD interfaces
6b77a87e2 net/ncsi: Avoid channel_monitor hrtimer deadlock
d3c687faa ASoC: sunxi: sun4i-codec: fill ASoC card owner
f78bd0291 soc/fsl: qbman: fix conflicting alignment attributes
e22f770f8 clk: fix invalid usage of list cursor in register
407a683fa clk: fix invalid usage of list cursor in unregister
57f6d3e65 workqueue: Move the position of debug_work_activate() in __queue_work()
d071e5456 s390/cpcmd: fix inline assembly register clobbering
ab59732ae net/mlx5: Fix placement of log_max_flow_counter
ad96047ea RDMA/cxgb4: check for ipv6 address properly while destroying listener
f8dcbdedb clk: socfpga: fix iomem pointer cast on 64-bit
a2a522651 net/ncsi: Make local function ncsi_get_filter() static
3d7a0c754 net/ncsi: Improve general state logging
bdac0debd net/ncsi: Don't return error on normal response
62787d194 net/ncsi: Add generic netlink family
9280e2b06 net/ncsi: Refactor MAC, VLAN filters
1b37db209 net/ncsi: Avoid GFP_KERNEL in response handler
e9d63290b usbip: fix vudc usbip_sockfd_store races leading to gpf
ae3d1f096 cfg80211: remove WARN_ON() in cfg80211_sme_connect
54537ec11 net: tun: set tun->dev->addr_len during TUNSETLINK processing
ce6ba39b4 drivers: net: fix memory leak in atusb_probe
77afba010 drivers: net: fix memory leak in peak_usb_create_dev
322fd79ca net: mac802154: Fix general protection fault
702885900 net: ieee802154: nl-mac: fix check on panid
da1aa4927 net: ieee802154: fix nl802154 del llsec key
9dc7b6fb9 net: ieee802154: fix nl802154 del llsec dev
fbfee3770 net: ieee802154: fix nl802154 add llsec key
9311846fe net: ieee802154: fix nl802154 del llsec devkey
b1d895ad5 net: ieee802154: forbid monitor for set llsec params
5d58772f4 net: ieee802154: forbid monitor for del llsec seclevel
37c17c614 net: ieee802154: stop dump llsec params for monitors
6b91c606a Revert "cifs: Set CIFS_MOUNT_USE_PREFIX_PATH flag on setting cifs_sb->prepath."
616879d9f KVM: arm64: Hide system instruction access to Trace registers
3a125122e KVM: arm64: Disable guest access to trace filter controls
82660b265 drm/imx: imx-ldb: fix out of bounds array access warning
8f8e08819 gfs2: report "already frozen/thawed" errors
751eb715c block: only update parent bi_status when bio fail
e96c843b2 net: phy: broadcom: Only advertise EEE for supported modes
a12915178 netfilter: x_tables: fix compat match/target pad out-of-bound write
60603730c perf map: Tighten snprintf() string precision to pass gcc check on some 32-bit arches
acdf84318 xen/events: fix setting irq affinity
e603740e1 Linux 4.14.231
7c087b87e net/sctp: fix race condition in sctp_destroy_sock
78da12656 Input: nspire-keypad - enable interrupts only when opened
30caec79a dmaengine: dw: Make it dependent to HAS_IOMEM
66ca4e651 ARM: dts: Fix moving mmc devices with aliases for omap4 & 5
73e309031 arc: kernel: Return -EFAULT if copy_to_user() fails
33d61e8ae neighbour: Disregard DEAD dst in neigh_update
b0511e06c ARM: keystone: fix integer overflow warning
9893e50d5 ASoC: fsl_esai: Fix TDM slot setup for I2S mode
bdbe6b55d scsi: scsi_transport_srp: Don't block target in SRP_PORT_LOST state
0cca128d3 net: ieee802154: stop dump llsec keys for monitors
0583014ef net: ieee802154: stop dump llsec devs for monitors
7de58335e net: ieee802154: forbid monitor for add llsec dev
4ed37217f net: ieee802154: stop dump llsec devkeys for monitors
af540e629 net: ieee802154: forbid monitor for add llsec devkey
1f5b31541 net: ieee802154: stop dump llsec seclevels for monitors
44cc0511a net: ieee802154: forbid monitor for add llsec seclevel
bbc099073 pcnet32: Use pci_resource_len to validate PCI resource
75ba35f58 usbip: Fix incorrect double assignment to udc->ud.tcp_rx
38cab4b96 mac80211: clear sta->fast_rx when STA removed from 4-addr VLAN
3e7b45cb9 Input: i8042 - fix Pegatron C15B ID entry
5dda08407 HID: wacom: set EV_KEY and EV_ABS only for non-HID_GENERIC type of devices
273a8c23c readdir: make sure to verify directory entry for legacy interfaces too
43d4502df arm64: fix inline asm in load_unaligned_zeropad()
f0f8c907d arm64: alternatives: Move length validation in alternative_{insn, endif}
d3de77b74 scsi: libsas: Reset num_scatter if libata marks qc as NODATA
a2789dc78 netfilter: conntrack: do not print icmpv6 as unknown via /proc
1710392ef netfilter: nft_limit: avoid possible divide error in nft_limit_init
3db8c4baf net: davicom: Fix regulator not turned off on failed probe
7693217aa net: sit: Unregister catch-all devices
c3abee4a7 i40e: fix the panic when running bpf in xdpdrv mode
d65d95351 ibmvnic: avoid calling napi_disable() twice
9b6986982 ibmvnic: remove duplicate napi_schedule call in do_reset function
7f43ce06e ibmvnic: remove duplicate napi_schedule call in open function
9833d84cc ARM: footbridge: fix PCI interrupt mapping
00d62914e ARM: 9071/1: uprobes: Don't hook on thumb instructions
486a75a07 gup: document and work around "COW can break either way" issue
a7caac448 net: hso: fix null-ptr-deref during tty device unregistration
46076ccd0 pinctrl: lewisburg: Update number of pins in community
df02d8ae4 HID: alps: fix error return code in alps_input_configured()
1421d05b2 HID: wacom: Assign boolean values to a bool variable
3efde62a7 ARM: dts: Fix swapped mmc order for omap3
7456a324f net: geneve: check skb is large enough for IPv4/IPv6 header
4b022b78b s390/entry: save the caller of psw_idle
9da211632 xen-netback: Check for hotplug-status existence before watching
e2d908615 cavium/liquidio: Fix duplicate argument
6b9edfb99 ia64: fix discontig.c section mismatches
7c98f2ca0 ia64: tools: remove duplicate definition of ia64_mf() on ia64
f4d582c82 x86/crash: Fix crash_setup_memmap_entries() out-of-bounds access
6fa3b2b49 net: hso: fix NULL-deref on disconnect regression
2360fc180 USB: CDC-ACM: fix poison/unpoison imbalance
e2bba60c5 Linux 4.14.232
e06c7f2ca usbip: vudc synchronize sysfs code paths
0c78bfcc4 ACPI: tables: x86: Reserve memory occupied by ACPI tables
959b6051d ACPI: x86: Call acpi_boot_table_init() after acpi_table_upgrade()
65afb68d0 bpf: Fix backport of "bpf: restrict unknown scalars of mixed signed bounds for unprivileged"
37f67e71a bpf: fix up selftests after backports were fixed
1103ee611 net: usb: ax88179_178a: initialize local variables before use
d6bd37d02 iwlwifi: Fix softirq/hardirq disabling in iwl_pcie_enqueue_hcmd()
73f8ea481 MIPS: Introduce isa-rev.h to define MIPS_ISA_REV
6e1743c72 MIPS: cpu-features.h: Replace __mips_isa_rev with MIPS_ISA_REV
8aea2070e mips: Do not include hi and lo in clobber list for R6
c0b74eb3d bpf: Fix masking negation logic upon negative dst register
ed837af82 iwlwifi: Fix softirq/hardirq disabling in iwl_pcie_gen2_enqueue_hcmd()
4186d8a51 ALSA: usb-audio: Add MIDI quirk for Vox ToneLab EX
a4967c590 USB: Add LPM quirk for Lenovo ThinkPad USB-C Dock Gen2 Ethernet
2ec118b2c USB: Add reset-resume quirk for WD19's Realtek Hub
c5e50e305 platform/x86: thinkpad_acpi: Correct thermal sensor allocation
df05fef60 s390/disassembler: increase ebpf disasm buffer size
8d09572c0 ACPI: custom_method: fix potential use-after-free issue
e0f238cbb ACPI: custom_method: fix a possible memory leak
2fbae7389 arm64: dts: mt8173: fix property typo of 'phys' in dsi node
ace4088fe ecryptfs: fix kernel panic with null dev_name
f264f732a spi: spi-ti-qspi: Free DMA resources
8cfbbd034 mmc: block: Update ext_csd.cache_ctrl if it was written
cec4b003f mmc: core: Do a power cycle when the CMD11 fails
ba2d41143 mmc: core: Set read only for SD cards with permanent write protect bit
120e946af cifs: Return correct error code from smb2_get_enc_key
4ec41006a btrfs: fix metadata extent leak after failure to create subvolume
bbce9c711 intel_th: pci: Add Rocket Lake CPU support
b6dd0f8fd fbdev: zero-fill colormap in fbcmap.c
38e81cf80 staging: wimax/i2400m: fix byte-order issue
7af1d8504 crypto: api - check for ERR pointers in crypto_destroy_tfm()
c204b30ed usb: gadget: uvc: add bInterval checking for HS mode
07c7893e4 usb: gadget: f_uac1: validate input parameters
f08365a12 usb: dwc3: gadget: Ignore EP queue requests during bus reset
cd6af30fc usb: xhci: Fix port minor revision
1a7d0757d PCI: PM: Do not read power state in pci_enable_device_flags()
5036672fb x86/build: Propagate $(CLANG_FLAGS) to $(REALMODE_FLAGS)
08c1102a3 tee: optee: do not check memref size on return from Secure World
af99041ef perf/arm_pmu_platform: Fix error handling
9a6b8a3de spi: dln2: Fix reference leak to master
f2910f0c7 spi: omap-100k: Fix reference leak to master
64f484dd7 intel_th: Consistency and off-by-one fix
7b219ce83 phy: phy-twl4030-usb: Fix possible use-after-free in twl4030_usb_remove()
bd3adf5cd btrfs: convert logic BUG_ON()'s in replace_path to ASSERT()'s
862888cb6 scsi: lpfc: Fix incorrect dbde assignment when building target abts wqe
96c59f768 scsi: lpfc: Fix pt2pt connection does not recover after LOGO
786eabd00 scsi: target: pscsi: Fix warning in pscsi_complete_cmd()
481bde3e8 media: ite-cir: check for receive overflow
a7997b96f power: supply: bq27xxx: fix power_avg for newer ICs
eb0e79361 extcon: arizona: Fix some issues when HPDET IRQ fires after the jack has been unplugged
3b603a969 media: media/saa7164: fix saa7164_encoder_register() memory leak bugs
3109200dd media: gspca/sq905.c: fix uninitialized variable
185d90001 power: supply: Use IRQF_ONESHOT
a6a2f36cd drm/amdgpu : Fix asic reset regression issue introduce by 8f211fe8ac7c4f
9978cffb8 scsi: qla2xxx: Always check the return value of qla24xx_get_isp_stats()
3ef5842ce scsi: qla2xxx: Fix use after free in bsg
3d8be3e93 scsi: scsi_dh_alua: Remove check for ASC 24h in alua_rtpg()
680286804 media: em28xx: fix memory leak
3a223de68 media: vivid: update EDID
f8a92089d clk: socfpga: arria10: Fix memory leak of socfpga_clk on error return
6eb85f2d7 power: supply: generic-adc-battery: fix possible use-after-free in gab_remove()
89c8b64c5 power: supply: s3c_adc_battery: fix possible use-after-free in s3c_adc_bat_remove()
0ae875e59 media: adv7604: fix possible use-after-free in adv76xx_remove()
9beae1712 media: i2c: adv7511-v4l2: fix possible use-after-free in adv7511_remove()
6d4ba4c36 media: i2c: adv7842: fix possible use-after-free in adv7842_remove()
d46937e41 media: dvb-usb: fix memory leak in dvb_usb_adapter_init
ef7ae7c99 media: gscpa/stv06xx: fix memory leak
237964eb2 drm/msm/mdp5: Configure PP_SYNC_HEIGHT to double the vtotal
a8edc62d9 drm/amdgpu: fix NULL pointer dereference
f424000c3 scsi: lpfc: Fix crash when a REG_RPI mailbox fails triggering a LOGO response
6d3eca0b4 scsi: lpfc: Remove unsupported mbox PORT_CAPABILITIES logic
bac29de3d scsi: libfc: Fix a format specifier
86182207c ALSA: emu8000: Fix a use after free in snd_emu8000_create_mixer
3f0934c26 ALSA: hda/conexant: Re-order CX5066 quirk table entries
036895a0a ALSA: sb: Fix two use after free in snd_sb_qsound_build
b4f60dcac btrfs: fix race when picking most recent mod log operation for an old root
30e7404d1 arm64/vdso: Discard .note.gnu.property sections in vDSO
1d1423b28 openvswitch: fix stack OOB read while fragmenting IPv4 packets
6eca87eec ACPI: GTDT: Don't corrupt interrupt mappings on watchdow probe failure
45c775dde NFSv4: Don't discard segments marked for return in _pnfs_return_layout()
8e7c7dcd4 jffs2: Fix kasan slab-out-of-bounds problem
d1502ece5 powerpc/eeh: Fix EEH handling for hugepages in ioremap space.
5a0fd2e76 powerpc: fix EDEADLOCK redefinition error in uapi/asm/errno.h
4d814cd0c intel_th: pci: Add Alder Lake-M support
b85cb7525 md/raid1: properly indicate failure when ending a failed write request
d834d7f59 security: commoncap: fix -Wstringop-overread warning
01d86927f Fix misc new gcc warnings
3c2ceed80 jffs2: check the validity of dstlen in jffs2_zlib_compress()
63503b87d Revert 337f13046ff0 ("futex: Allow FUTEX_CLOCK_REALTIME with FUTEX_WAIT op")
1b3b83b2c posix-timers: Preserve return value in clock_adjtime32()
8e28cccb9 ftrace: Handle commands when closing set_ftrace_filter file
d114ad7de ext4: fix check to prevent false positive report of incorrect used inodes
e9d937a38 ext4: fix error code in ext4_commit_super
6c6c6f2c9 media: dvbdev: Fix memory leak in dvb_media_device_free()
53671dabf usb: gadget: dummy_hcd: fix gpf in gadget_setup
b7e009805 usb: gadget: Fix double free of device descriptor pointers
21f844991 usb: gadget/function/f_fs string table fix for multiple languages
8f5690a7f usb: dwc3: gadget: Fix START_TRANSFER link state check
b3d61a05b tracing: Map all PIDs to command lines
47c851443 dm persistent data: packed struct should have an aligned() attribute too
54b99bc4d dm space map common: fix division bug in sm_ll_find_free_block()
50a8baf06 dm rq: fix double free of blk_mq_tag_set in dev remove after table load fails
b0dd65923 modules: mark ref_module static
5bb6528c1 modules: mark find_symbol static
a4ac11b4d modules: mark each_symbol_section static
b0979605d modules: unexport __module_text_address
e3d4d0bb8 modules: unexport __module_address
a7cf1b1f5 modules: rename the licence field in struct symsearch to license
897aa8c29 modules: return licensing information from find_symbol
9ea54fb79 modules: inherit TAINT_PROPRIETARY_MODULE
01db77710 Bluetooth: verify AMP hci_chan before amp_destroy
0c3b88925 hsr: use netdev_err() instead of WARN_ONCE()
486ae8734 bluetooth: eliminate the potential race condition when removing the HCI controller
0553f8108 net/nfc: fix use-after-free llcp_sock_bind/connect
7517e685a MIPS: pci-rt2880: fix slot 0 configuration
5e7164202 FDDI: defxx: Bail out gracefully with unassigned PCI resource for CSR
6f2d124f5 misc: lis3lv02d: Fix false-positive WARN on various HP models
1777cf3e4 misc: vmw_vmci: explicitly initialize vmci_notify_bm_set_msg struct
99d5e290d misc: vmw_vmci: explicitly initialize vmci_datagram payload
6003c9b8a tracing: Restructure trace_clock_global() to never block
7423c26d3 md-cluster: fix use-after-free issue when removing rdev
1ed9506c4 md: split mddev_find
c97aa6321 md: factor out a mddev_find_locked helper from mddev_find
ead819815 md: md_open returns -EBUSY when entering racing area
3563224d8 ipw2x00: potential buffer overflow in libipw_wx_set_encodeext()
7844e82d0 cfg80211: scan: drop entry from hidden_list on overflow
0ec8b5606 drm/radeon: fix copy of uninitialized variable back to userspace
2898db5f4 ALSA: hda/realtek: Re-order ALC882 Acer quirk table entries
704c6e657 ALSA: hda/realtek: Re-order ALC882 Sony quirk table entries
776ed8b60 ALSA: hda/realtek: Re-order ALC269 Sony quirk table entries
e95501c20 ALSA: hda/realtek: Re-order ALC269 Lenovo quirk table entries
55852b010 ALSA: hda/realtek: Remove redundant entry for ALC861 Haier/Uniwill devices
7e28a5520 x86/cpu: Initialize MSR_TSC_AUX if RDTSCP *or* RDPID is supported
e811f56e3 KVM: s390: split kvm_s390_logical_to_effective
9697779f8 KVM: s390: fix guarded storage control register handling
e787c9178 KVM: s390: split kvm_s390_real_to_abs
fa9a07e0d usb: gadget: pch_udc: Revert d3cb25a12138 completely
8c10edf88 memory: gpmc: fix out of bounds read and dereference on gpmc_cs[]
1c31c05e1 ARM: dts: exynos: correct PMIC interrupt trigger level on Odroid X/U3 family
44540a495 ARM: dts: exynos: correct PMIC interrupt trigger level on SMDK5250
e4249b3f2 ARM: dts: exynos: correct PMIC interrupt trigger level on Snow
f5e55592c serial: stm32: fix incorrect characters on console
d1d245f13 serial: stm32: fix tx_empty condition
bdb18fecd usb: typec: tcpci: Check ROLE_CONTROL while interpreting CC_STATUS
408c249d5 x86/microcode: Check for offline CPUs before requesting new microcode
d8c95ff7e usb: gadget: pch_udc: Replace cpu_to_le32() by lower_32_bits()
d867897dc usb: gadget: pch_udc: Check if driver is present before calling ->setup()
9ce207a2b usb: gadget: pch_udc: Check for DMA mapping error
a53013192 crypto: qat - don't release uninitialized resources
7ff92db19 crypto: qat - ADF_STATUS_PF_RUNNING should be set after adf_dev_init
d496e47fc fotg210-udc: Fix DMA on EP0 for length > max packet size
34a2679fc fotg210-udc: Fix EP0 IN requests bigger than two packets
84ff1e46d fotg210-udc: Remove a dubious condition leading to fotg210_done
20c9f5aa1 fotg210-udc: Mask GRP2 interrupts we don't handle
4a998180c fotg210-udc: Don't DMA more than the buffer can take
faa5e573e fotg210-udc: Complete OUT requests on short packets
f956a8b3c mtd: require write permissions for locking and badblock ioctls
334e1e6e9 bus: qcom: Put child node before return
57f7e3a3e phy: marvell: ARMADA375_USBCLUSTER_PHY should not default to y, unconditionally
18be25923 crypto: qat - fix error path in adf_isr_resource_alloc()
80163fb6b USB: gadget: udc: fix wrong pointer passed to IS_ERR() and PTR_ERR()
d6af99bb7 mtd: rawnand: gpmi: Fix a double free in gpmi_nand_init
0d9350de3 staging: rtl8192u: Fix potential infinite loop
55bee92c7 staging: greybus: uart: fix unprivileged TIOCCSERIAL
a7e7442ff spi: Fix use-after-free with devm_spi_alloc_*
3034d8373 soc: qcom: mdt_loader: Validate that p_filesz < p_memsz
b8b64c7d6 soc: qcom: mdt_loader: Detect truncated read of segments
161a873b4 ACPI: CPPC: Replace cppc_attr with kobj_attribute
8d063b560 crypto: qat - Fix a double free in adf_create_ring
4507310d8 usb: gadget: r8a66597: Add missing null check on return from platform_get_resource
126dc6e3d USB: cdc-acm: fix unprivileged TIOCCSERIAL
ff1d9bce8 tty: actually undefine superseded ASYNC flags
2f40a4db2 tty: fix return value for unsupported ioctls
cd4c39fef firmware: qcom-scm: Fix QCOM_SCM configuration
fc279f883 platform/x86: pmc_atom: Match all Beckhoff Automation baytrail boards with critclk_systems DMI table
aefbe0a6f x86/platform/uv: Fix !KEXEC build failure
9680a711f Drivers: hv: vmbus: Increase wait time for VMbus unload
a23e18980 ttyprintk: Add TTY hangup callback.
7442570cf media: vivid: fix assignment of dev->fbuf_out_flags
ae86d090e media: omap4iss: return error code when omap4iss_get() failed
c824be0d0 media: m88rs6000t: avoid potential out-of-bounds reads on arrays
262ea6a7e x86/kprobes: Fix to check non boostable prefixes correctly
972fd52ec pata_arasan_cf: fix IRQ check
d916d7371 pata_ipx4xx_cf: fix IRQ check
be14aca2b sata_mv: add IRQ checks
d3eb06c6c ata: libahci_platform: fix IRQ check
21ca52552 vfio/mdev: Do not allow a mdev_type to have a NULL parent pointer
571e9822c clk: uniphier: Fix potential infinite loop
8c7621a4b scsi: jazz_esp: Add IRQ check
5b20447a0 scsi: sun3x_esp: Add IRQ check
0cc566fba scsi: sni_53c710: Add IRQ check
8c7b6b1e9 mfd: stm32-timers: Avoid clearing auto reload register
52cd2a789 HSI: core: fix resource leaks in hsi_add_client_from_dt()
5050b5455 x86/events/amd/iommu: Fix sysfs type mismatch
a3ab42792 HID: plantronics: Workaround for double volume key presses
e3c1a03d6 perf symbols: Fix dso__fprintf_symbols_by_name() to return the number of printed chars
d68b32649 net: lapbether: Prevent racing when checking whether the netif is running
1b7c7937d powerpc/prom: Mark identical_pvr_fixup as __init
66e1f8946 powerpc: Fix HAVE_HARDLOCKUP_DETECTOR_ARCH build configuration
4c3ed644c ALSA: core: remove redundant spin_lock pair in snd_card_disconnect
259a31310 bug: Remove redundant condition check in report_bug
fbf4a818d nfc: pn533: prevent potential memory corruption
58feaed97 ALSA: usb-audio: Add error checks for usb_driver_claim_interface() calls
5cfb69c23 liquidio: Fix unintented sign extension of a left shift of a u16
5f05e9c22 powerpc/perf: Fix PMU constraint check for EBB events
f6246e4bc powerpc: iommu: fix build when neither PCI or IBMVIO is set
eb19473a9 mac80211: bail out if cipher schemes are invalid
f03e64eac mt7601u: fix always true expression
ed1b23491 IB/hfi1: Fix error return code in parse_platform_config()
b7dfc0b74 net: thunderx: Fix unintentional sign extension issue
0ed636fdf i2c: cadence: add IRQ check
9672f4408 i2c: emev2: add IRQ check
b7fd00b95 i2c: jz4780: add IRQ check
bf20ef8e7 i2c: sh7760: add IRQ check
ec9e6b3d6 MIPS: pci-legacy: stop using of_pci_range_to_resource
8ed2b446d powerpc/pseries: extract host bridge from pci_bus prior to bus removal
c18675e0d rtlwifi: 8821ae: upgrade PHY and RF parameters
239e68121 i2c: sh7760: fix IRQ error path
f7f5a7c93 mwl8k: Fix a double Free in mwl8k_probe_hw
a6faf7589 vsock/vmci: log once the failed queue pair allocation
3c3e93077 RDMA/i40iw: Fix error unwinding when i40iw_hmc_sd_one fails
84a8bd932 net: davinci_emac: Fix incorrect masking of tx and rx error channel
7e777cc0f ath9k: Fix error check in ath9k_hw_read_revisions() for PCI devices
8389972cb powerpc/52xx: Fix an invalid ASM expression ('addi' used instead of 'add')
dfe20c1eb net:emac/emac-mac: Fix a use after free in emac_mac_tx_buf_send
5d3605203 net:nfc:digital: Fix a double free in digital_tg_recv_dep_req
4f05f1168 kfifo: fix ternary sign extension bugs
f5420e7d6 smp: Fix smp_call_function_single_async prototype
bd9541002 Revert "net/sctp: fix race condition in sctp_destroy_sock"
622d835cd sctp: delay auto_asconf init until binding the first addr
fcbf04b43 Revert "of/fdt: Make sure no-map does not remove already reserved regions"
3fa2dbd6d Revert "fdt: Properly handle "no-map" field in the memory region"
edc4311cf tpm: fix error return code in tpm2_get_cc_attrs_tbl()
7814dc105 fs: dlm: fix debugfs dump
650ed5b81 tipc: convert dest node's address to network order
596254087 net: stmmac: Set FIFO sizes for ipq806x
83251ccf9 ALSA: hdsp: don't disable if not enabled
a48dcd037 ALSA: hdspm: don't disable if not enabled
09533399a ALSA: rme9652: don't disable if not enabled
e9bc68cbd Bluetooth: Set CONF_NOT_COMPLETE as l2cap_chan default
7702112a0 Bluetooth: initialize skb_queue_head at l2cap_chan_create()
3a447f372 Bluetooth: check for zapped sk before connecting
d76637741 ip6_vti: proper dev_{hold|put} in ndo_[un]init methods
ab1282476 mac80211: clear the beacon's CRC after channel switch
65a8fecb7 pinctrl: samsung: use 'int' for register masks in Exynos
0297c98d2 cuse: prevent clone
0177d2746 selftests: Set CC to clang in lib.mk if LLVM is set
f28b313ec kconfig: nconf: stop endless search loops
350c6e845 sctp: Fix out-of-bounds warning in sctp_process_asconf_param()
4f8726138 powerpc/smp: Set numa node before updating mask
795eef456 ASoC: rt286: Generalize support for ALC3263 codec
3ef164deb samples/bpf: Fix broken tracex1 due to kprobe argument change
ab0136a41 powerpc/pseries: Stop calling printk in rtas_stop_self()
b53aa178b wl3501_cs: Fix out-of-bounds warnings in wl3501_send_pkt
79b46b0a3 wl3501_cs: Fix out-of-bounds warnings in wl3501_mgmt_join
7e042fff0 powerpc/iommu: Annotate nested lock for lockdep
752aa0047 net: ethernet: mtk_eth_soc: fix RX VLAN offload
8ea76588e ASoC: rt286: Make RT286_SET_GPIO_* readable and writable
adb41e9e7 f2fs: fix a redundant call to f2fs_balance_fs if an error occurs
bcc8a699d PCI: Release OF node in pci_scan_device()'s error path
0b6ee364e ARM: 9064/1: hw_breakpoint: Do not directly check the event's overflow_handler hook
ba6067ad5 rpmsg: qcom_glink_native: fix error return code of qcom_glink_rx_data()
5ac5cd714 NFSv4.2: Always flush out writes in nfs42_proc_fallocate()
1cde3dd57 NFS: Deal correctly with attribute generation counter overflow
89dbdd186 pNFS/flexfiles: fix incorrect size check in decode_nfs_fh()
8943f6d4c NFSv4.2 fix handling of sr_eof in SEEK's reply
c0c7ea2dd rtc: ds1307: Fix wday settings for rx8130
502850f52 sctp: fix a SCTP_MIB_CURRESTAB leak in sctp_sf_do_dupcook_b
06e1ad6f8 drm/radeon: Fix off-by-one power_state index heap overwrite
0d1c83f0e khugepaged: fix wrong result value for trace_mm_collapse_huge_page_isolate()
0c3d5596e mm/hugeltb: handle the error case in hugetlb_fix_reserve_counts()
7feadbd94 ksm: fix potential missing rmap_item for stable_node
29baa2220 net: fix nla_strcmp to handle more then one trailing null character
c3dcc2681 kernel: kexec_file: fix error return code of kexec_calculate_store_digests()
4bd540ed9 netfilter: nftables: avoid overflows in nft_hash_buckets()
48a76d25c ARC: entry: fix off-by-one error in syscall number validation
4be3ee67a powerpc/64s: Fix crashes when toggling stf barrier
326685f0b powerpc/64s: Fix crashes when toggling entry flush barrier
43a9c8af8 squashfs: fix divide error in calculate_skip()
69497f4f5 userfaultfd: release page in error path to avoid BUG_ON
da96a0933 drm/radeon/dpm: Disable sclk switching on Oland when two 4K 60Hz monitors are connected
ad86d6404 iio: proximity: pulsedlight: Fix rumtime PM imbalance on error
fe3c7c520 usb: fotg210-hcd: Fix an error message
911eab796 ACPI: scan: Fix a memory leak in an error handling path
105fed8d8 blk-mq: Swap two calls in blk_mq_exit_queue()
d8004ce8b usb: dwc3: omap: improve extcon initialization
9dc752e50 usb: xhci: Increase timeout for HC halt
790c26f94 usb: dwc2: Fix gadget DMA unmap direction
12323ae38 usb: core: hub: fix race condition about TRSMRCY of resume
ae87724dc iio: gyro: mpu3050: Fix reported temperature value
b988edf06 iio: tsl2583: Fix division by a zero lux_val
e88a1d839 KVM: x86: Cancel pvclock_gtod_work on module removal
c9d365730 FDDI: defxx: Make MMIO the configuration default except for EISA
44517706d MIPS: Reinstate platform `__div64_32' handler
58152273c MIPS: Avoid DIVU in `__div64_32' is result would be zero
70c3e41a4 MIPS: Avoid handcoded DIVU in `__div64_32' altogether
496a02a8d thermal/core/fair share: Lock the thermal zone while looping over instances
88b8f1862 RDMA/i40iw: Avoid panic when reading back the IRQ affinity hint
68df808fa kobject_uevent: remove warning in init_uevent_argv()
724e668b0 netfilter: conntrack: Make global sysctls readonly in non-init netns
e1efd10fc clk: exynos7: Mark aclk_fsys1_200 as critical
33b6ae4b9 x86/msr: Fix wr/rdmsr_safe_regs_on_cpu() prototypes
85436c08a kgdb: fix gcc-11 warning on indentation
5a879205e usb: sl811-hcd: improve misleading indentation
d48294a08 cxgb4: Fix the -Wmisleading-indentation warning
fbdefb0b2 isdn: capi: fix mismatched prototypes
147a741c2 PCI: thunder: Fix compile testing
4ef9dab8e ARM: 9066/1: ftrace: pause/unpause function graph tracer in cpu_suspend()
0e92157cc ACPI / hotplug / PCI: Fix reference count leak in enable_slot()
c893f20da Input: elants_i2c - do not bind to i2c-hid compatible ACPI instantiated devices
8972cce0a Input: silead - add workaround for x86 BIOS-es which bring the chip up in a stuck state
88eef257f um: Mark all kernel symbols as local
cd1c634fc ceph: fix fscache invalidation
e68e66822 gpiolib: acpi: Add quirk to ignore EC wakeups on Dell Venue 10 Pro 5055
2eab2d934 ALSA: hda: generic: change the DAC ctl name for LO+SPK or LO+HP
eadc531d8 block: reexpand iov_iter after read/write
9126ec1d6 lib: stackdepot: turn depot_lock spinlock to raw_spinlock
1bb2a66c0 serial: 8250: fix potential deadlock in rs485-mode
8b3b657b2 sit: proper dev_{hold|put} in ndo_[un]init methods
dab1fd06b ip6_tunnel: sit: proper dev_{hold|put} in ndo_[un]init methods
0ba1356ba xhci: Do not use GFP_KERNEL in (potentially) atomic context
9b12e4adc ipv6: remove extra dev_hold() for fallback tunnels
13d470052 Linux 4.14.233
28e312f43 openrisc: Fix a memory leak
f2e6854eb RDMA/rxe: Clear all QP fields if creation failed
67253a0c4 scsi: qla2xxx: Fix error return code in qla82xx_write_flash_dword()
46c49facc ptrace: make ptrace() fail if the tracee changed its pid unexpectedly
f8dfab715 cifs: fix memory leak in smb2_copychunk_range
50c5aaaba ALSA: line6: Fix racy initialization of LINE6 MIDI
576d8c406 ALSA: usb-audio: Validate MS endpoint descriptors
aaf929b28 ALSA: bebob/oxfw: fix Kconfig entry for Mackie d.2 Pro
05f8db4d5 Revert "ALSA: sb8: add a check for request_region"
eff555523 ALSA: hda/realtek: reset eapd coeff to default value for alc287
ba9a436a1 Revert "rapidio: fix a NULL pointer dereference when create_workqueue() fails"
d87061958 rapidio: handle create_workqueue() failure
328efa97f xen-pciback: reconfigure also from backend watch handler
02d48fbd6 dm snapshot: fix crash with transient storage and zero chunk size
5e67d2dd4 Revert "video: hgafb: fix potential NULL pointer dereference"
5d20ef99a Revert "net: stmicro: fix a missing check of clk_prepare"
d52518459 Revert "leds: lp5523: fix a missing check of return value of lp55xx_read"
4cce0f7fe Revert "hwmon: (lm80) fix a missing check of bus read in lm80 probe"
78e05b24a Revert "video: imsttfb: fix potential NULL pointer dereferences"
6fc2389c5 Revert "ecryptfs: replace BUG_ON with error handling code"
d625d9b65 Revert "gdrom: fix a memory leak bug"
9b1f651ca cdrom: gdrom: deallocate struct gdrom_unit fields in remove_gdrom
300ba81db cdrom: gdrom: initialize global variable at init time
779907506 Revert "media: rcar_drif: fix a memory disclosure"
c1a430ce3 Revert "rtlwifi: fix a potential NULL pointer dereference"
025c81496 Revert "qlcnic: Avoid potential NULL pointer dereference"
48e689c1e Revert "niu: fix missing checks of niu_pci_eeprom_read"
08209aa2f ethernet: sun: niu: fix missing checks of niu_pci_eeprom_read()
c92c3e0c7 net: stmicro: handle clk_prepare() failure during init
738a91c54 net: rtlwifi: properly check for alloc_workqueue() failure
c33faefa1 leds: lp5523: check return value of lp5xx_read and jump to cleanup code
754f69540 qlcnic: Add null check after calling netdev_alloc_skb
8c967521d video: hgafb: fix potential NULL pointer dereference
b38475f75 vgacon: Record video mode changes with VT_RESIZEX
d5dff45d8 vt: Fix character height handling with VT_RESIZEX
68dc95c2f tty: vt: always invoke vc->vc_sw->con_resize callback
90e4568b9 video: hgafb: correctly handle card detect failure during probe
8bddf6219 Bluetooth: SMP: Fail if remote and local public keys are identical
e0d6aadc2 Linux 4.14.234
99908fe07 mm, vmstat: drop zone->lock in /proc/pagetypeinfo
5a8590c76 tweewide: Fix most Shebang lines
5a63a3935 scripts: switch explicitly to Python 3
c440042af usb: dwc3: gadget: Enable suspend events
fe00a2ece netfilter: x_tables: Use correct memory barriers.
05881df94 NFC: nci: fix memory leak in nci_allocate_device
539626ba1 NFSv4: Fix a NULL pointer dereference in pnfs_mark_matching_lsegs_return()
7e44bd7e1 iommu/vt-d: Fix sysfs leak in alloc_iommu()
c8d906915 perf intel-pt: Fix sample instruction bytes
674c0b211 perf intel-pt: Fix transaction abort handling
0bc2f3e16 proc: Check /proc/$pid/attr/ writes against file opener
a3f6f2b1c net: hso: fix control-request directions
47da3f098 mac80211: assure all fragments are encrypted
98b77b049 mac80211: prevent mixed key and fragment cache attacks
11054fe49 mac80211: properly handle A-MSDUs that start with an RFC 1042 header
19994e079 cfg80211: mitigate A-MSDU aggregation attacks
88187651d mac80211: drop A-MSDUs on old ciphers
8a960a0aa mac80211: add fragment cache to sta_info
f08a520c6 mac80211: check defrag PN against current frame
829086ca1 mac80211: prevent attacks on TKIP/WEP as well
dea3b3c92 mac80211: do not accept/forward invalid EAPOL frames
97bdd1996 mac80211: extend protection against mixed key and fragment cache attacks
bb489f6a2 ath10k: Validate first subframe of A-MSDU before processing the list
fd0622b40 dm snapshot: properly fix a crash when an origin has no snapshots
f79829703 kgdb: fix gcc-11 warnings harder
aa12dda3e misc/uss720: fix memory leak in uss720_probe
c9ef9ff35 thunderbolt: dma_port: Fix NVM read buffer bounds and offset issue
6fbccfaba mei: request autosuspend after sending rx flow control
fc1727727 staging: iio: cdc: ad7746: avoid overwrite of num_channels
8f4e3ad18 iio: adc: ad7793: Add missing error code in ad7793_setup()
8a02eee34 USB: trancevibrator: fix control-request direction
bc4676fc4 serial: sh-sci: Fix off-by-one error in FIFO threshold register setting
756dfce84 serial: rp2: use 'request_firmware' instead of 'request_firmware_nowait'
16a7dfadb USB: serial: ti_usb_3410_5052: add startech.com device id
3537fa298 USB: serial: option: add Telit LE910-S1 compositions 0x7010, 0x7011
ee8a59649 USB: serial: ftdi_sio: add IDs for IDS GmbH Products
02dec62fd USB: serial: pl2303: add device id for ADLINK ND-6530 GC
b1f3f78e5 usb: gadget: udc: renesas_usb3: Fix a race in usb3_start_pipen()
c6154e42e net: usb: fix memory leak in smsc75xx_bind
5c00fc10e Bluetooth: cmtp: fix file refcount when cmtp_attach_device fails
c355f3429 NFS: fix an incorrect limit in filelayout_decode_layout()
a2ff329d1 NFS: Don't corrupt the value of pg_bytes_written in nfs_do_recoalesce()
cec3d2fbc NFSv4: Fix v4.0/v4.1 SEEK_DATA return -ENOTSUPP when set NFS_V4_2 config
e3a43ae48 drm/meson: fix shutdown crash when component not probed
a48bdb374 net/mlx4: Fix EEPROM dump support
e309aeed1 Revert "net:tipc: Fix a double free in tipc_sk_mcast_rcv"
205f01bfe tipc: skb_linearize the head skb when reassembling msgs
e78401d23 i2c: s3c2410: fix possible NULL pointer deref on read message after write
9385ba934 i2c: i801: Don't generate an interrupt on bus reset
1a517cc78 perf jevents: Fix getting maximum number of fds
1c639c49c platform/x86: hp_accel: Avoid invoking _INI to speed up resume
3bba09174 serial: max310x: unregister uart driver in case of failure and abort
64a8fc028 net: fujitsu: fix potential null-ptr-deref
00e750acc net: caif: remove BUG_ON(dev == NULL) in caif_xmit
12803b236 char: hpet: add checks after calling ioremap
616bd079c isdn: mISDNinfineon: check/cleanup ioremap failure correctly in setup_io
455d569fb dmaengine: qcom_hidma: comment platform_driver_register call
f68c8d8aa libertas: register sysfs groups properly
290aadebc media: dvb: Add check on sp8870_readreg return
9993d03ed media: gspca: properly check for errors in po1030_probe()
6a3827455 scsi: BusLogic: Fix 64-bit system enumeration error for Buslogic
da05a7262 openrisc: Define memory barrier mb
8d973325e btrfs: do not BUG_ON in link_to_fixup_dir
02dfe5e0b platform/x86: hp-wireless: add AMD's hardware id to the supported list
3e38bc497 platform/x86: intel_punit_ipc: Append MODULE_DEVICE_TABLE for ACPI
2a4122723 SMB3: incorrect file id in requests compounded with open
c3213ac16 drm/amdgpu: Fix a use-after-free
ddec89c4a net: netcp: Fix an error message
29f3c268b net: mdio: thunder: Fix a double free issue in the .remove function
6a60a0e75 net: mdio: octeon: Fix some double free issues
f8c0028df net: bnx2: Fix error return code in bnx2_init_board()
6380b49a3 mld: fix panic in mld_newpack()
2b3781ab7 staging: emxx_udc: fix loop in _nbu2ss_nuke()
fce914091 ASoC: cs35l33: fix an error code in probe()
f6c54d3f0 bpf: Set mac_len in bpf_skb_change_head
2bbff83f0 ixgbe: fix large MTU request from VF
6b15b0f6a scsi: libsas: Use _safe() loop in sas_resume_port()
de9c078b8 ipv6: record frag_max_size in atomic fragments in input path
fb16ef9e3 sch_dsmark: fix a NULL deref in qdisc_reset()
8c69e6d9d MIPS: alchemy: xxs1500: add gpio-au1000.h header file
e038de349 MIPS: ralink: export rt_sysc_membase for rt2880_wdt.c
a265eb4e3 hugetlbfs: hugetlb_fault_mutex_hash() cleanup
47f36bd15 drivers/net/ethernet: clean up unused assignments
b07969015 usb: core: reduce power-on-good delay time of root hub
e2d08702f Linux 4.14.235
f9e200992 net: usb: cdc_ncm: don't spew notifications
ca1869598 efi: Allow EFI_MEMORY_XP and EFI_MEMORY_RO both to be cleared
dcfa5e05f efi: cper: fix snprintf() use in cper_dimm_err_location()
434a4c7de vfio/pci: Fix error return code in vfio_ecap_init()
17207fca4 vfio/pci: zap_vma_ptes() needs MMU
49ac00a32 vfio/platform: fix module_put call in error flow
2a1088de2 ipvs: ignore IP_VS_SVC_F_HASHED flag when adding service
621fbe80e HID: pidff: fix error return code in hid_pidff_init()
37a0827f3 HID: i2c-hid: fix format string mismatch
4e98b4c51 netfilter: nfnetlink_cthelper: hit EBUSY on updates if size mismatches
b0c6635b8 ieee802154: fix error return code in ieee802154_add_iface()
8e3be8159 ieee802154: fix error return code in ieee802154_llsec_getparams()
33fbfc520 Bluetooth: fix the erroneous flush_work() order
57e4198ef Bluetooth: use correct lock to prevent UAF of hdev object
325fcf914 net: caif: added cfserl_release function
5fa829fa2 net: caif: add proper error handling
be151566b net: caif: fix memory leak in caif_device_notify
f12c90bc6 net: caif: fix memory leak in cfusbl_device_notify
71b8dc6ae ALSA: timer: Fix master timer notification
520b3b89e ext4: fix bug on in ext4_es_cache_extent as ext4_split_extent_at failed
414c4af5c pid: take a reference when initializing `cad_pid`
365763bfa ocfs2: fix data corruption by fallocate
d9c48168a nfc: fix NULL ptr dereference in llcp_sock_getname() after failed connect
677fdbf88 btrfs: fix error handling in btrfs_del_csums
3d712c901 btrfs: fixup error handling in fixup_inode_link_counts
138fa06ca mm, hugetlb: fix simple resv_huge_pages underflow on UFFDIO_COPY
00d565cfc bpf, selftests: Fix up some test_verifier cases for unprivileged
7faab1f98 bpf: Move off_reg into sanitize_ptr_alu
cb49c1882 bpf: Ensure off_reg has no mixed signed bounds for all types
e354c6812 bpf: Rework ptr_limit into alu_limit and add common error path
027626de7 bpf: Improve verifier error messages for users
b50c7539c bpf: Refactor and streamline bounds check into helper
a86340367 bpf: Move sanitize_val_alu out of op switch
8ad86bd05 bpf: Tighten speculative pointer arithmetic mask
e20706bc1 bpf: Update selftests to reflect new error states
e43a3b76f bpf: do not allow root to mangle valid pointers
09b0a5ba6 bpf/verifier: disallow pointer subtraction
b33ce3d59 selftests/bpf: fix test_align
2792b39d5 selftests/bpf: make 'dubious pointer arithmetic' test useful
ea2002d62 bpf: Fix leakage of uninitialized bpf stack under speculation
585881d75 bpf: Wrap aux data inside bpf_sanitize_info container
4b9ed3986 bpf: Fix mask direction swap upon off reg sign change
ba4820433 bpf: No need to simulate speculative domain for immediates
d5d0fa3b7 bnxt_en: Remove the setting of dev_port.
070d563a9 KVM: SVM: Truncate GPR value for DR and CR accesses in !64-bit mode
f6e9ad729 sched/fair: Optimize select_idle_cpu
d25152ea7 xen-pciback: redo VF placement in the virtual topology
58ce37d5e Linux 4.14.236
78c958e01 proc: Track /proc/$pid/attr/ opener mm_struct
aaea33c1f net/nfc/rawsock.c: fix a permission check bug
9e0239018 ASoC: sti-sas: add missing MODULE_DEVICE_TABLE
a15ef94b0 isdn: mISDN: netjet: Fix crash in nj_probe:
fb1c382b7 bonding: init notify_work earlier to avoid uninitialized use
c10fb08df netlink: disable IRQs for netlink_lock_table()
402f51f84 net: mdiobus: get rid of a BUG_ON()
ea4dfd6e4 cgroup: disable controllers at parse time
068784439 wq: handle VM suspension in stall detection
0153adb56 net/qla3xxx: fix schedule while atomic in ql_sem_spinlock
45f5e44a4 scsi: vmw_pvscsi: Set correct residual data length
38e59d17a scsi: target: qla2xxx: Wait for stop_phase1 at WWN removal
528677cea net: macb: ensure the device is available before accessing GEMGXL control registers
40b4c2364 net: appletalk: cops: Fix data race in cops_probe1
677ecc1e9 MIPS: Fix kernel hang under FUNCTION_GRAPH_TRACER and PREEMPT_TRACER
3127a3b98 bnx2x: Fix missing error code in bnx2x_iov_init_one()
231969bc8 powerpc/fsl: set fsl,i2c-erratum-a004447 flag for P2041 i2c controllers
64306591b powerpc/fsl: set fsl,i2c-erratum-a004447 flag for P1010 i2c controllers
e10557652 i2c: mpc: Make use of i2c_recover_bus()
83184a679 i2c: mpc: implement erratum A-004447 workaround
6135a759b drm: Fix use-after-free read in drm_getunique()
3677d0ad7 drm: Lock pointer access in drm_master_release()
d78f45805 kvm: avoid speculation-based attacks from out-of-range memslot accesses
fa6a4a0ea staging: rtl8723bs: Fix uninitialized variables
b8324bfcf btrfs: return value from btrfs_mark_extent_written() in case of error
e240ea52f cgroup1: don't allow '\n' in renaming
1c4fe10f5 USB: f_ncm: ncm_bitrate (speed) is unsigned
e9e792fa7 usb: dwc3: ep0: fix NULL pointer exception
0ee9d4c14 usb: typec: ucsi: Clear PPM capability data in ucsi_init() error path
5d1916c49 usb: gadget: f_fs: Ensure io_completion_wq is idle during unbind
c324e05c4 USB: serial: ftdi_sio: add NovaTech OrionMX product ID
9b1ed8c61 USB: serial: omninet: add device id for Zyxel Omni 56K Plus
39aaa34e5 USB: serial: quatech2: fix control-request directions
38a619a7d usb: gadget: eem: fix wrong eem header operation
fbf26e5ed usb: fix various gadgets null ptr deref on 10gbps cabling.
7c32829ac usb: fix various gadget panics on 10gbps cabling
fd5074a1d regulator: core: resolve supply for boot-on/always-on regulators
16fec9966 regulator: max77620: Use device_set_of_node_from_dev()
a6a03ae1a perf: Fix data race between pin_count increment/decrement
416bd30f9 NFS: Fix a potential NULL dereference in nfs_get_client()
2bc60bde7 perf session: Correct buffer copying when peeking events
5d91c5e82 kvm: fix previous commit for 32-bit builds
d5f1e552c NFS: Fix use-after-free in nfs4_init_client()
cd9042f85 NFSv4: nfs4_proc_set_acl needs to restore NFS_CAP_UIDGID_NOMAP on error.
210ccdc5f scsi: core: Fix error handling of scsi_host_alloc()
4fa2fb088 scsi: core: Put .shost_dev in failure path if host state changes to RUNNING
47d4e0594 scsi: core: Only put parent device if host state differs from SHOST_CREATED
21663beeb ftrace: Do not blindly read the ip address in ftrace_bug()
440b42801 tracing: Correct the length check which causes memory corruption
7ade473ee proc: only require mm_struct for writing
55346aaa9 Linux 4.14.237
097a5c520 net: ieee802154: fix null deref in parse dev addr
a45fb5df5 HID: hid-sensor-hub: Return error for hid_set_field() failure
0d1da4b60 HID: Add BUS_VIRTUAL to hid_connect logging
4048aa9ce HID: usbhid: fix info leak in hid_submit_ctrl
fc0a95e2d ARM: OMAP2+: Fix build warning when mmc_omap is not built
17a3ea9f5 HID: gt683r: add missing MODULE_DEVICE_TABLE
17bab50b8 gfs2: Fix use-after-free in gfs2_glock_shrink_scan
d5397fe1a scsi: target: core: Fix warning on realtime kernels
70a17d4d7 ethernet: myri10ge: Fix missing error code in myri10ge_probe()
281aa9ecf nvme-loop: reset queue count to 1 in nvme_loop_destroy_io_queues()
4526390ce nvme-loop: clear NVME_LOOP_Q_LIVE when nvme_loop_configure_admin_queue() fails
d5ed43c6d nvme-loop: check for NVME_LOOP_Q_LIVE in nvme_loop_destroy_admin_queue()
afa7bfcb4 net: ipconfig: Don't override command-line hostnames or domains
ee133ac93 rtnetlink: Fix missing error code in rtnl_bridge_notify()
ad29c24a7 net/x25: Return the correct errno code
0ab471982 net: Return the correct errno code
f26ce176f fib: Return the correct errno code
117fd01b0 dmaengine: ALTERA_MSGDMA depends on HAS_IOMEM
3e235574d dmaengine: QCOM_HIDMA_MGMT depends on HAS_IOMEM
8ad052343 dmaengine: stedma40: add missing iounmap() on error in d40_probe()
30a438c36 mm/memory-failure: make sure wait for page writeback in memory_failure
6d5d1cc74 batman-adv: Avoid WARN_ON timing related checks
e13ddd17e net: ipv4: fix memory leak in netlbl_cipsov4_add_std
5bd4258b3 net: rds: fix memory leak in rds_recvmsg
92a5266b2 udp: fix race between close() and udp_abort()
ab422873c rtnetlink: Fix regression in bridge VLAN configuration
28b1f3383 netfilter: synproxy: Fix out of bounds when parsing TCP options
83850e312 alx: Fix an error handling path in 'alx_probe()'
03015d654 net: stmmac: dwmac1000: Fix extended MAC address registers definition
608d89d7a qlcnic: Fix an error handling path in 'qlcnic_probe()'
c59c995d9 netxen_nic: Fix an error handling path in 'netxen_nic_probe()'
48df0ceac net: cdc_ncm: switch to eth%d interface naming
ae0e7413c net: usb: fix possible use-after-free in smsc75xx_bind
144a630bc net: ipv4: fix memory leak in ip_mc_add1_src
b68bffb6b net/af_unix: fix a data-race in unix_dgram_sendmsg / unix_release_sock
7d12a756d be2net: Fix an error handling path in 'be_probe()'
63fbc8c95 net: hamradio: fix memory leak in mkiss_close
f5fc920f2 net: cdc_eem: fix tx fixup skb leak
281a470e5 icmp: don't send out ICMP messages with a source address of 0.0.0.0
9b623da57 net: ethernet: fix potential use-after-free in ec_bhf_remove
b4e290be9 radeon: use memcpy_to/fromio for UVD fw upload
12cdad3f2 hwmon: (scpi-hwmon) shows the negative temperature properly
3b87c1f7a can: bcm: fix infoleak in struct bcm_msg_head
84b23ec39 can: mcba_usb: fix memory leak in mcba_usb
c47f25b6f usb: core: hub: Disable autosuspend for Cypress CY7C65632
ed68f8a44 tracing: Do not stop recording cmdlines when tracing is off
a02d05ef6 tracing: Do not stop recording comms if the trace file is being read
1e8c7604f tracing: Do no increment trace_clock_global() by one
4fbb54cad PCI: Mark TI C667X to avoid bus reset
993750579 PCI: Mark some NVIDIA GPUs to avoid bus reset
a60585e70 PCI: Add ACS quirk for Broadcom BCM57414 NIC
58763cb9b PCI: Work around Huawei Intelligent NIC VF FLR erratum
95f13cfba ARCv2: save ABI registers across signal handling
15b553d40 dmaengine: pl330: fix wrong usage of spinlock flags in dma_cyclc
710ff0fc6 net: bridge: fix vlan tunnel dst null pointer dereference
2cf89006c net: bridge: fix vlan tunnel dst refcnt when egressing
fafe78c0f mm/slub.c: include swab.h
02a8de899 net: fec_ptp: add clock rate zero check
4a25d9045 can: bcm/raw/isotp: use per module netdevice notifier
bf1aee0cb inet: use bigger hash table for IP ID generation
e7f5bdca1 usb: dwc3: core: fix kernel panic when do reboot
834d30412 kernfs: deal with kernfs_fill_super() failures
01b0b2619 unfuck sysfs_mount()
cefc7ba2f x86/fpu: Reset state for all signal restore failures
ddab9c84a drm/nouveau: wait for moving fence after pinning v2
d464eefb3 drm/radeon: wait for moving fence after pinning
21c11ecad ARM: 9081/1: fix gcc-10 thumb2-kernel regression
14fe790e9 Makefile: Move -Wno-unused-but-set-variable out of GCC only block
78af5d120 MIPS: generic: Update node names to avoid unit addresses
ed8511c25 arm64: perf: Disable PMU while processing counter overflows
cf25b66a2 Revert "PCI: PM: Do not read power state in pci_enable_device_flags()"
3abf93026 mac80211: remove warning in ieee80211_get_sband()
5e75f7d7d cfg80211: call cfg80211_leave_ocb when switching away from OCB
5412eaf7c mac80211: drop multicast fragments
3b04d84a5 ping: Check return value of function 'ping_queue_rcv_skb'
cfb3d944d inet: annotate date races around sk->sk_txhash
2060b686d net: caif: fix memory leak in ldisc_open
dead6267d net/packet: annotate accesses to po->bind
a36a9875f net/packet: annotate accesses to po->ifindex
f296b43f9 r8152: Avoid memcpy() over-reading of ETH_SS_STATS
84da176a6 sh_eth: Avoid memcpy() over-reading of ETH_SS_STATS
738058d75 r8169: Avoid memcpy() over-reading of ETH_SS_STATS
47f770c56 net: qed: Fix memcpy() overflow of qed_dcbx_params()
5dc2fb0b3 net: ll_temac: Avoid ndo_start_xmit returning NETDEV_TX_BUSY
8edeadefe pinctrl: stm32: fix the reported number of GPIO lines per bank
d7ac72a6f nilfs2: fix memory leak in nilfs_sysfs_delete_device_group
9ff6d118c i2c: robotfuzz-osif: fix control-request directions
dd482a163 Linux 4.14.238
5a3dbf711 include/linux/mmdebug.h: make VM_WARN* non-rvals
38f84c9ad mm: add VM_WARN_ON_ONCE_PAGE() macro
4b2952d23 mm/rmap: remove unneeded semicolon in page_not_mapped()
9f7eae760 mm/rmap: use page_not_mapped in try_to_unmap()
3ce6ea575 mm/thp: try_to_unmap() use TTU_SYNC for safe splitting
f8732fdec mm/thp: fix vma_address() if virtual address below file offset
5078a6fd9 mm/thp: fix page_address_in_vma() on file THP tails
450f8572f mm: thp: replace DEBUG_VM BUG with VM_WARN when unmap fails for split
1be321ebd mm: page_vma_mapped_walk(): use page for pvmw->page
a2b5aae5f mm: page_vma_mapped_walk(): settle PageHuge on entry
f25b3bc27 mm: page_vma_mapped_walk(): use pmde for *pvmw->pmd
e461d901c mm: page_vma_mapped_walk(): prettify PVMW_MIGRATION block
cd175b16e mm: page_vma_mapped_walk(): crossing page table boundary
c189f628d mm: page_vma_mapped_walk(): add a level of indentation
2b78d95ae mm: page_vma_mapped_walk(): use goto instead of while (1)
f13b6eb77 mm: page_vma_mapped_walk(): get vma_address_end() earlier
fcf80eaa6 mm/thp: fix page_vma_mapped_walk() if THP mapped by ptes
a633835c2 mm/thp: another PVMW_SYNC fix in page_vma_mapped_walk()
46e6a527a mm, futex: fix shared futex pgoff on shmem huge page
1d5174db3 scsi: sr: Return appropriate error code when disk is ejected
521126382 drm/nouveau: fix dma_address check for CPU/GPU sync
dbf4270b7 kfifo: DECLARE_KIFO_PTR(fifo, u64) does not work on arm 32 bit
898ce7ddc kthread_worker: split code for canceling the delayed work timer
d38787880 kthread: prevent deadlock when kthread_mod_delayed_work() races with kthread_cancel_delayed_work_sync()
b02a30640 xen/events: reset active flag for lateeoi events later
22e87732d Linux 4.14.239
2f3456289 ALSA: usb-audio: fix rate on Ozone Z90 USB headset
611a8ff4d media: dvb-usb: fix wrong definition
1f56fcfbf Input: usbtouchscreen - fix control-request directions
d2b08cace net: can: ems_usb: fix use-after-free in ems_usb_disconnect()
2fd747664 usb: gadget: eem: fix echo command packet response issue
d0236dbf1 USB: cdc-acm: blacklist Heimann USB Appset device
65a6500a1 ntfs: fix validity check for file name attribute
edc9be97c iov_iter_fault_in_readable() should do nothing in xarray case
9131d8904 Input: joydev - prevent use of not validated data in JSIOCSBTNMAP ioctl
84d617e07 ARM: dts: at91: sama5d4: fix pinctrl muxing
fccb505b3 btrfs: send: fix invalid path for unlink operations after parent orphanization
a89a1fa6d btrfs: clear defrag status of a root if starting transaction fails
f9788a5c3 ext4: cleanup in-core orphan list if ext4_truncate() failed to get a transaction handle
6d783fcfb ext4: correct the cache_nr in tracepoint ext4_es_shrink_exit
e23e9ebd2 ext4: remove check for zero nr_to_scan in ext4_es_scan()
818915c12 ext4: fix avefreec in find_group_orlov
cb87e6169 ext4: use ext4_grp_locked_error in mb_find_extent
854f06962 can: bcm: delay release of struct bcm_op after synchronize_rcu()
96e8fe0a5 can: gw: synchronize rcu operations before removing gw job entry
838031a32 can: peak_pciefd: pucan_handle_status(): fix a potential starvation issue in TX path
53bb46d21 SUNRPC: Fix the batch tasks count wraparound.
51a58f381 SUNRPC: Should wake up the privileged task firstly.
7bf90ecd4 s390/cio: dont call css_wait_for_slow_path() inside a lock
fc970f82b rtc: stm32: Fix unbalanced clk_disable_unprepare() on probe error path
cc4996c7f iio: ltr501: mark register holding upper 8 bits of ALS_DATA{0,1} and PS_DATA as volatile, too
f6cfdc375 iio: ltr501: ltr559: fix initialization of LTR501_ALS_CONTR
cd650efb6 iio: ltr501: ltr501_read_ps(): add missing endianness conversion
37b9fa6ba serial: sh-sci: Stop dmaengine transfer in sci_stop_tx()
0bc35f72b serial_cs: Add Option International GSM-Ready 56K/ISDN modem
b699cef53 serial_cs: remove wrong GLOBETROTTER.cis entry
12e9033a0 ath9k: Fix kernel NULL pointer dereference during ath_reset_internal()
7d1bd4993 ssb: sdio: Don't overwrite const buffer if block_write fails
86b5e5502 rsi: Assign beacon rate settings to the correct rate_info descriptor field
2f0ddcae0 seq_buf: Make trace_seq_putmem_hex() support data longer than 8
9697011b7 fuse: check connected before queueing on fpq->io
e75399131 spi: Make of_register_spi_device also set the fwnode
67dccd21c spi: spi-loopback-test: Fix 'tx_buf' might be 'rx_buf'
0fac96393 spi: spi-topcliff-pch: Fix potential double free in pch_spi_process_messages()
4084f9b0b spi: omap-100k: Fix the length judgment problem
45f94ec7f crypto: nx - add missing MODULE_DEVICE_TABLE
386207b47 media: cpia2: fix memory leak in cpia2_usb_probe
7049afdad media: cobalt: fix race condition in setting HPD
3c49e3c0b media: pvrusb2: fix warning in pvr2_i2c_core_done
926b2ed8d crypto: qat - check return code of qat_hal_rd_rel_reg()
6acaf5622 crypto: qat - remove unused macro in FW loader
2b9ef45a9 media: em28xx: Fix possible memory leak of em28xx struct
9ccd8f68c media: v4l2-core: Avoid the dangling pointer in v4l2_fh_release
7b2f496a2 media: bt8xx: Fix a missing check bug in bt878_probe
3ad305a46 media: st-hva: Fix potential NULL pointer dereferences
6e9f67022 media: dvd_usb: memory leak in cinergyt2_fe_attach
534c455a0 mmc: via-sdmmc: add a check against NULL pointer dereference
db59e2f2d crypto: shash - avoid comparing pointers to exported functions under CFI
646278251 media: dvb_net: avoid speculation from net slot
53d4d2035 media: siano: fix device register error path
5401266a5 btrfs: fix error handling in __btrfs_update_delayed_inode
4bce8630c btrfs: abort transaction if we fail to update the delayed inode
4b0de5138 btrfs: disable build on platforms having page size 256K
6370ee226 regulator: da9052: Ensure enough delay time for .set_voltage_time_sel
6f23cbdd7 HID: do not use down_interruptible() when unbinding devices
2d4b0055b ACPI: processor idle: Fix up C-state latency if not ordered
eafa0f551 hv_utils: Fix passing zero to 'PTR_ERR' warning
8e96b72ac lib: vsprintf: Fix handling of number field widths in vsscanf
c249d2624 ACPI: EC: Make more Asus laptops use ECDT _GPE
eb8c515ed block_dump: remove block_dump feature in mark_inode_dirty()
32c8f2984 fs: dlm: cancel work sync othercon
4d8e3a102 random32: Fix implicit truncation warning in prandom_seed_state()
bd168e657 fs: dlm: fix memory leak when fenced
91a2e1665 ACPICA: Fix memory leak caused by _CID repair function
b6dd571d2 ACPI: bus: Call kobject_put() in acpi_init() error path
4affd4d40 platform/x86: toshiba_acpi: Fix missing error code in toshiba_acpi_setup_keyboard()
65614977d ACPI: tables: Add custom DSDT file as makefile prerequisite
eae73599a HID: wacom: Correct base usage for capacitive ExpressKey status bits
7f8807e12 ia64: mca_drv: fix incorrect array size calculation
96efbb12d media: s5p_cec: decrement usage count if disabled
fdbb888d5 crypto: ixp4xx - dma_unmap the correct address
aac31ed2e crypto: ux500 - Fix error return code in hash_hw_final()
9ff2abbb6 sata_highbank: fix deferred probing
ca21ffb69 pata_rb532_cf: fix deferred probing
509fd560b media: I2C: change 'RST' to "RSET" to fix multiple build errors
1ab57c4b2 pata_octeon_cf: avoid WARN_ON() in ata_host_activate()
82e2768cc crypto: ccp - Fix a resource leak in an error handling path
2d8cd5f42 pata_ep93xx: fix deferred probing
12d551cb7 media: exynos4-is: Fix a use after free in isp_video_release
f9db79bfb media: tc358743: Fix error return code in tc358743_probe_of()
6cb761381 media: siano: Fix out-of-bounds warnings in smscore_load_firmware_family2()
064b7e7d8 mmc: usdhi6rol0: fix error return code in usdhi6_probe()
c4f548c55 media: s5p-g2d: Fix a memory leak on ctx->fh.m2m_ctx
b53505c56 hwmon: (max31722) Remove non-standard ACPI device IDs
32652fd81 hwmon: (max31790) Fix fan speed reporting for fan7..12
3411614bf btrfs: clear log tree recovering status if starting transaction fails
d63e77601 spi: spi-sun6i: Fix chipselect/clock bug
b447a1968 crypto: nx - Fix RCU warning in nx842_OF_upd_status
b95f98b2b ACPI: sysfs: Fix a buffer overrun problem with description_show()
3c11779af ocfs2: fix snprintf() checking
3a6fce2e1 net: pch_gbe: Propagate error from devm_gpio_request_one()
bfe099059 drm/rockchip: cdn-dp-core: add missing clk_disable_unprepare() on error in cdn_dp_grf_write()
39f0ffa66 ehea: fix error return code in ehea_restart_qps()
da985dfb3 RDMA/rxe: Fix failure during driver load
02aec94a1 drm: qxl: ensure surf.data is ininitialized
0da12b129 wireless: carl9170: fix LEDS build errors & warnings
484423e28 brcmsmac: mac80211_if: Fix a resource leak in an error handling path
1d9e38d4b ath10k: Fix an error code in ath10k_add_interface()
15a017b4f netlabel: Fix memory leak in netlbl_mgmt_add_common
4aaaf1d1b netfilter: nft_exthdr: check for IPv6 packet before further processing
554327fc0 samples/bpf: Fix the error return code of xdp_redirect's main()
686db36af net: ethernet: aeroflex: fix UAF in greth_of_remove
22914c571 net: ethernet: ezchip: fix UAF in nps_enet_remove
4a609c42a net: ethernet: ezchip: fix error handling
b35c45fb4 pkt_sched: sch_qfq: fix qfq_change_class() error path
33e8fd1bb vxlan: add missing rcu_read_lock() in neigh_reduce()
0896c0730 net: bcmgenet: Fix attaching to PYH failed on RPi 4B
3c5a8777d i40e: Fix error handling in i40e_vsi_open
7e5c2f450 Revert "ibmvnic: remove duplicate napi_schedule call in open function"
9aec2ccf9 Bluetooth: mgmt: Fix slab-out-of-bounds in tlv_data_is_valid
3b2b106f0 writeback: fix obtain a reference to a freeing memcg css
e2e34e7da net: sched: fix warning in tcindex_alloc_perfect_hash
98579c1f4 tty: nozomi: Fix a resource leak in an error handling function
9b470c521 mwifiex: re-fix for unaligned accesses
979dc4c22 iio: adis_buffer: do not return ints in irq handlers
f3d5d68c1 iio: accel: bma180: Fix buffer alignment in iio_push_to_buffers_with_timestamp()
0a74e3390 iio: accel: bma220: Fix buffer alignment in iio_push_to_buffers_with_timestamp()
ed0f06a5b iio: accel: hid: Fix buffer alignment in iio_push_to_buffers_with_timestamp()
f43eaff5b iio: accel: kxcjk-1013: Fix buffer alignment in iio_push_to_buffers_with_timestamp()
503318bd6 iio: accel: stk8312: Fix buffer alignment in iio_push_to_buffers_with_timestamp()
743a80ea8 iio: accel: stk8ba50: Fix buffer alignment in iio_push_to_buffers_with_timestamp()
fb5da6608 iio: adc: ti-ads1015: Fix buffer alignment in iio_push_to_buffers_with_timestamp()
91e364e68 iio: adc: vf610: Fix buffer alignment in iio_push_to_buffers_with_timestamp()
2c19aedf0 iio: gyro: bmg160: Fix buffer alignment in iio_push_to_buffers_with_timestamp()
f5d5eb8b8 iio: humidity: am2315: Fix buffer alignment in iio_push_to_buffers_with_timestamp()
320408c04 iio: prox: srf08: Fix buffer alignment in iio_push_to_buffers_with_timestamp()
a01251161 iio: prox: pulsed-light: Fix buffer alignment in iio_push_to_buffers_with_timestamp()
728c0453b iio: prox: as3935: Fix buffer alignment in iio_push_to_buffers_with_timestamp()
438018620 iio: light: isl29125: Fix buffer alignment in iio_push_to_buffers_with_timestamp()
eeb9188a8 iio: light: tcs3414: Fix buffer alignment in iio_push_to_buffers_with_timestamp()
daa822099 iio: potentiostat: lmp91000: Fix alignment of buffer in iio_push_to_buffers_with_timestamp()
0cd4297a6 ASoC: hisilicon: fix missing clk_disable_unprepare() on error in hi6210_i2s_startup()
0ad5d9029 Input: hil_kbd - fix error return code in hil_dev_connect()
1bfbb032a char: pcmcia: error out if 'num_bytes_read' is greater than 4 in set_protocol()
b144cfccc tty: nozomi: Fix the error handling path of 'nozomi_card_init()'
29e45e8d4 scsi: FlashPoint: Rename si_flags field
fc3bf8db1 s390: appldata depends on PROC_SYSCTL
fa4e1ace8 eeprom: idt_89hpesx: Put fwnode in matching case during ->probe()
ada835cbc iio: adc: mxs-lradc: Fix buffer alignment in iio_push_to_buffers_with_timestamp()
fdd38562a staging: gdm724x: check for buffer overflow in gdm_lte_multi_sdu_pkt()
0b5ebdf0c staging: gdm724x: check for overflow in gdm_lte_netif_rx()
35c2b6e4a ASoC: cs42l42: Correct definition of CS42L42_ADC_PDN_MASK
c99ac1e03 of: Fix truncation of memory sizes on 32-bit platforms
9c12563c2 scsi: mpt3sas: Fix error return value in _scsih_expander_add()
7eb7ecb21 phy: ti: dm816x: Fix the error handling path in 'dm816x_usb_phy_probe()
906ab9874 extcon: sm5502: Drop invalid register write in sm5502_reg_data
639f3d71b extcon: max8997: Add missing modalias string
4ed861da8 configfs: fix memleak in configfs_release_bin_file
0a3c803ec leds: as3645a: Fix error return code in as3645a_parse_node()
c8ed40926 leds: ktd2692: Fix an error handling path
9e3a9f898 mm/huge_memory.c: don't discard hugepage if other processes are mapping it
f99bf644b selftests/vm/pkeys: fix alloc_random_pkey() to make it really, really random
0dd59e86f mmc: vub3000: fix control-request direction
800c67004 scsi: core: Retry I/O for Notify (Enable Spinup) Required error
5a4c28881 drm/mxsfb: Don't select DRM_KMS_FB_HELPER
07761e267 drm/zte: Don't select DRM_KMS_FB_HELPER
27b61fbbc drm/amd/amdgpu/sriov disable all ip hw status by default
625be0112 net: pch_gbe: Use proper accessors to BE data in pch_ptp_match()
26324c47e hugetlb: clear huge pte during flush function on mips platform
54f1b115c atm: iphase: fix possible use-after-free in ia_module_exit()
a365e6476 mISDN: fix possible use-after-free in HFC_cleanup()
83d4ec3f9 atm: nicstar: Fix possible use-after-free in nicstar_cleanup()
0b8af33db net: Treat __napi_schedule_irqoff() as __napi_schedule() on PREEMPT_RT
0544745b3 reiserfs: add check for invalid 1st journal block
d712fc245 drm/virtio: Fix double free on probe failure
4f338ba6f udf: Fix NULL pointer dereference in udf_symlink function
d1d0a9fbd e100: handle eeprom as little endian
2958530b7 clk: renesas: r8a77995: Add ZA2 clock
7ca909ff0 clk: tegra: Ensure that PLLU configuration is applied properly
0a3c823cc ipv6: use prandom_u32() for ID generation
d8ba0b925 RDMA/cxgb4: Fix missing error code in create_qp()
b6f527214 dm space maps: don't reset space map allocation cursor when committing
70b7dbb5b virtio_net: Remove BUG() to avoid machine dead
fbd757fcc net: bcmgenet: check return value after calling platform_get_resource()
ed6c69819 net: micrel: check return value after calling platform_get_resource()
e9584b72b fjes: check return value after calling platform_get_resource()
3a4fead9f selinux: use __GFP_NOWARN with GFP_NOWAIT in the AVC
4c280d12e xfrm: Fix error reporting in xfrm_state_construct.
91d5780c5 wlcore/wl12xx: Fix wl12xx get_mac error if device is in ELP
0f72d9f53 wl1251: Fix possible buffer overflow in wl1251_cmd_scan
790f9b1ba cw1200: add missing MODULE_DEVICE_TABLE
3e4ccae73 MIPS: add PMD table accounting into MIPS'pmd_alloc_one
8ace605ba atm: nicstar: use 'dma_free_coherent' instead of 'kfree'
a96c71c0a atm: nicstar: register the interrupt handler in the right place
ea8c1960a vsock: notify server to shutdown when client has pending signal
cf0fd251c RDMA/rxe: Don't overwrite errno from ib_umem_get()
ccdf992a9 iwlwifi: mvm: don't change band on bound PHY contexts
fe7148d25 sfc: avoid double pci_remove of VFs
bf1449376 sfc: error code if SRIOV cannot be disabled
85bb92efd wireless: wext-spy: Fix out-of-bounds warning
5a5bc357b RDMA/cma: Fix rdma_resolve_route() memory leak
b25c2eff4 Bluetooth: Fix the HCI to MGMT status conversion table
3f5bc8168 Bluetooth: Shutdown controller after workqueues are flushed or cancelled
f44808e7e Bluetooth: btusb: fix bt fiwmare downloading failure issue for qca btsoc.
36e92cdbd sctp: validate from_addr_param return
edcde3855 sctp: add size validation when walking chunks
3aea1d5e0 fscrypt: don't ignore minor_hash when hash is 0
3d6e51733 bdi: Do not use freezable workqueue
a2c28e0ef fuse: reject internal errno
eee6bcdfc mac80211: fix memory corruption in EAPOL handling
7ed2f6e4e powerpc/barrier: Avoid collision with clang's __lwsync macro
97d900023 usb: gadget: f_fs: Fix setting of device and driver data cross-references
12e75877b drm/radeon: Add the missed drm_gem_object_put() in radeon_user_framebuffer_create()
86d1011b1 pinctrl/amd: Add device HID for new AMD GPIO controller
5d7a147de mmc: sdhci: Fix warning message when accessing RPMB in HS400 mode
e1fcce2c5 mmc: core: clear flags before allowing to retune
7f6664545 mmc: core: Allow UHS-I voltage switch for SDSC cards if supported
dca8e77b1 ata: ahci_sunxi: Disable DIPM
7f2a45643 cpu/hotplug: Cure the cpusets trainwreck
3ca9378d9 ASoC: tegra: Set driver_name=tegra for all machine drivers
7536f1900 qemu_fw_cfg: Make fw_cfg_rev_attr a proper kobj_attribute
53ca790a8 ipmi/watchdog: Stop watchdog timer when the current action is 'none'
3fa096cae power: supply: ab8500: Fix an old bug
969bd2852 seq_buf: Fix overflow in seq_buf_putmem_hex()
c3dad6cd5 tracing: Simplify & fix saved_tgids logic
a6300432c ipack/carriers/tpci200: Fix a double free in tpci200_pci_probe
52db83356 dm btree remove: assign new_root only when removal succeeds
a7e8a3f1d media: dtv5100: fix control-request directions
52b4324c9 media: zr364xx: fix memory leak in zr364xx_start_readpipe
efa015242 media: gspca/sq905: fix control-request direction
7c2e35394 media: gspca/sunplus: fix zero-length control requests
66d81a275 media: uvcvideo: Fix pixel format change for Elgato Cam Link 4K
1261303e7 jfs: fix GPF in diFree
c10dcbaed smackfs: restrict bytes count in smk_set_cipso()
08c4c2376 KVM: x86: Use guest MAXPHYADDR from CPUID.0x8000_0008 iff TDP is enabled
45d765758 KVM: X86: Disable hardware breakpoints unconditionally before kvm_x86->run()
d406c0626 scsi: core: Fix bad pointer dereference when ehandler kthread is invalid
004e9ec44 tracing: Do not reference char * as a string in histograms
c2c333b52 PCI: aardvark: Don't rely on jiffies while holding spinlock
83e55812a PCI: aardvark: Fix kernel panic during PIO transfer
96b8b7da0 tty: serial: fsl_lpuart: fix the potential risk of division or modulo by zero
efe825004 misc/libmasm/module: Fix two use after free in ibmasm_init_one
7a9cf55f2 Revert "ALSA: bebob/oxfw: fix Kconfig entry for Mackie d.2 Pro"
3bf54c110 w1: ds2438: fixing bug that would always get page0
3fd3ea785 scsi: lpfc: Fix "Unexpected timeout" error in direct attach topology
4382d778a scsi: lpfc: Fix crash when lpfc_sli4_hba_setup() fails to initialize the SGLs
d02ed9f53 scsi: core: Cap scsi_host cmd_per_lun at can_queue
ede757f32 tty: serial: 8250: serial_cs: Fix a memory leak in error handling path
41bb7b616 fs/jfs: Fix missing error code in lmLogInit()
f9cf67854 scsi: iscsi: Add iscsi_cls_conn refcount helpers
de6490e2e scsi: iscsi: Fix shost->max_id use
116119e26 scsi: qedi: Fix null ref during abort handling
e206aec0e mfd: da9052/stmpe: Add and modify MODULE_DEVICE_TABLE
130b160e5 s390/sclp_vt220: fix console name to match device
ac347b1d1 ALSA: sb: Fix potential double-free of CSP mixer elements
67cdee5ff powerpc/ps3: Add dma_mask to ps3_dma_region
b17d1043a gpio: zynq: Check return value of pm_runtime_get_sync
a5c51db12 ALSA: ppc: fix error return code in snd_pmac_probe()
a484ed013 selftests/powerpc: Fix "no_handler" EBB selftest
f09ab1360 ASoC: soc-core: Fix the error return code in snd_soc_of_parse_audio_routing()
c63018786 ALSA: bebob: add support for ToneWeal FW66
a8470d729 usb: gadget: f_hid: fix endianness issue with descriptors
11dbaa703 usb: gadget: hid: fix error return code in hid_bind()
6d4a57d95 powerpc/boot: Fixup device-tree on little endian
29e6baca6 backlight: lm3630a: Fix return code of .update_status() callback
515350ba2 ALSA: hda: Add IRQ check for platform_get_irq()
94fffc574 staging: rtl8723bs: fix macro value for 2.4Ghz only device
62fde51d6 intel_th: Wait until port is in reset before programming it
7c3439f4f i2c: core: Disable client irq on reboot/shutdown
c786c8de0 lib/decompress_unlz4.c: correctly handle zero-padding around initrds.
c528a0ad7 pwm: spear: Don't modify HW state in .remove callback
91971d8cb power: supply: ab8500: Avoid NULL pointers
7c0eb27bc power: supply: max17042: Do not enforce (incorrect) interrupt trigger type
96ed18ccd power: reset: gpio-poweroff: add missing MODULE_DEVICE_TABLE
1747f7de4 ARM: 9087/1: kprobes: test-thumb: fix for LLVM_IAS=1
f583431b9 watchdog: Fix possible use-after-free in wdt_startup()
2f24052d1 watchdog: sc520_wdt: Fix possible use-after-free in wdt_turnoff()
23112276b watchdog: Fix possible use-after-free by calling del_timer_sync()
890f8f4a5 watchdog: iTCO_wdt: Account for rebooting on second timeout
12986dbba x86/fpu: Return proper error codes from user access functions
bd7a31e80 orangefs: fix orangefs df output.
78ab5045b ceph: remove bogus checks and WARN_ONs from ceph_set_page_dirty
d42bf1845 NFS: nfs_find_open_context() may only select open files
8c5dcd907 power: supply: charger-manager: add missing MODULE_DEVICE_TABLE
6c48dd131 power: supply: ab8500: add missing MODULE_DEVICE_TABLE
2292351fc pwm: tegra: Don't modify HW state in .remove callback
8d41397d5 ACPI: AMBA: Fix resource name in /proc/iomem
1a3cad8cc ACPI: video: Add quirk for the Dell Vostro 3350
8d4af63a6 virtio-blk: Fix memory leak among suspend/resume procedure
60dd5fe31 virtio_net: Fix error handling in virtnet_restore()
75ec02184 virtio_console: Assure used length from device is limited
c453b15c8 f2fs: add MODULE_SOFTDEP to ensure crc32 is included in the initramfs
51ce6b6f9 PCI/sysfs: Fix dsm_label_utf16s_to_utf8s() buffer overrun
a906557b5 power: supply: rt5033_battery: Fix device tree enumeration
c341344b1 um: fix error return code in slip_open()
d6d8e6f2e um: fix error return code in winch_tramp()
fc6ee9e3a watchdog: aspeed: fix hardware timeout calculation
3d5fd9112 nfs: fix acl memory leak of posix_acl_create()
7acebeb0f ubifs: Set/Clear I_LINKABLE under i_lock for whiteout inode
002daf1cb x86/fpu: Limit xstate copy size in xstateregs_set()
36f647493 ALSA: isa: Fix error return code in snd_cmi8330_probe()
ee76e947c NFSv4/pNFS: Don't call _nfs4_pnfs_v3_ds_connect multiple times
42390054c hexagon: use common DISCARDS macro
3a2ac97ee reset: a10sr: add missing of_match_table reference
2666a7e72 ARM: dts: exynos: fix PWM LED max brightness on Odroid XU/XU3
ac4659958 ARM: dts: exynos: fix PWM LED max brightness on Odroid XU4
1ed997411 memory: atmel-ebi: add missing of_node_put for loop iteration
87895dcff rtc: fix snprintf() checking in is_rtc_hctosys()
937d3e2c6 ARM: dts: r8a7779, marzen: Fix DU clock names
a96b6037b ARM: dts: BCM5301X: Fixup SPI binding
1af69c312 reset: bail if try_module_get() fails
fe1f466a7 memory: fsl_ifc: fix leak of IO mapping on probe failure
26f32dfba memory: fsl_ifc: fix leak of private memory on probe failure
456da1202 ARM: dts: am335x: align ti,pindir-d0-out-d1-in property with dt-shema
d7e8d6205 scsi: be2iscsi: Fix an error handling path in beiscsi_dev_probe()
4c2abc0cb mips: always link byteswap helpers into decompressor
d8ffb0add mips: disable branch profiling in boot/decompress.o
f530704c0 MIPS: vdso: Invalid GIC access through VDSO
28eca8aa8 net: bridge: multicast: fix PIM hello router port marking race
6dabb6c8d seq_file: disallow extremely large seq buffer allocations
b99464e06 Linux 4.14.240
5cebdcbe2 ARM: dts: gemini: add device_type on pci
4a440e6e0 ARM: dts: rockchip: fix pinctrl sleep nodename for rk3036-kylin and rk3288
0bea831b3 arm64: dts: rockchip: fix pinctrl sleep nodename for rk3399.dtsi
733b45571 ARM: dts: rockchip: Fix the timer clocks order
8fb8cd089 ARM: dts: rockchip: Fix power-controller node names for rk3288
75c216f37 arm64: dts: rockchip: Fix power-controller node names for rk3328
6735f7ab3 reset: ti-syscon: fix to_ti_syscon_reset_data macro
82e9695bd ARM: brcmstb: dts: fix NAND nodes names
7dfee812e ARM: Cygnus: dts: fix NAND nodes names
81b4b355f ARM: NSP: dts: fix NAND nodes names
9442e414e ARM: dts: BCM63xx: Fix NAND nodes names
2f9c3b7a0 ARM: dts: imx6: phyFLEX: Fix UART hardware flow control
43b028744 ARM: imx: pm-imx5: Fix references to imx5_cpu_suspend_info
88d991b87 ARM: dts: stm32: fix RCC node name on stm32f429 MCU
5f8b30a7a arm64: dts: juno: Update SCPI nodes as per the YAML schema
bd7c7163b arm64: dts: ls208xa: remove bus-num from dspi node
9a4dec2c3 thermal/core: Correct function name thermal_zone_device_unregister()
2a48422d7 kbuild: mkcompile_h: consider timestamp if KBUILD_BUILD_TIMESTAMP is set
31873b2d9 rtc: max77686: Do not enforce (incorrect) interrupt trigger type
bf17e10ef scsi: aic7xxx: Fix unintentional sign extension issue on left shift of u8
52a7a409d scsi: libfc: Fix array index out of bound exception
9ac6eb7b4 sched/fair: Fix CFS bandwidth hrtimer expiry type
a7ec26d0f net: ipv6: fix return value of ip6_skb_dst_mtu
baec04c8f netfilter: ctnetlink: suspicious RCU usage in ctnetlink_dump_helpinfo
02219862e net: bridge: sync fdb to new unicast-filtering ports
300c318f0 net: bcmgenet: Ensure all TX/RX queues DMAs are disabled
1e141fad1 net: moxa: fix UAF in moxart_mac_probe
e731a6fb2 net: qcom/emac: fix UAF in emac_remove
0942dd16c net: ti: fix UAF in tlan_remove_one
cfaa5aec2 net: send SYNACK packet with accepted fwmark
adfac1abc net: validate lwtstate->data before returning from skb_tunnel_info()
01aedfd79 dma-buf/sync_file: Don't leak fences on merge failure
3550a6d11 tcp: annotate data races around tp->mtu_info
233d0aba6 ipv6: tcp: drop silly ICMPv6 packet too big messages
8bc6741d7 igb: Fix use-after-free error during reset
840a7ed15 ixgbe: Fix an error handling path in 'ixgbe_probe()'
b3dd4e91b igb: Fix an error handling path in 'igb_probe()'
3ce5d6e50 fm10k: Fix an error handling path in 'fm10k_probe()'
2ac8649d7 e1000e: Fix an error handling path in 'e1000_probe()'
fe1d39d30 iavf: Fix an error handling path in 'iavf_probe()'
cd7ee401f igb: Check if num of q_vectors is smaller than max before array access
b08ffc109 perf map: Fix dso->nsinfo refcounting
f0266bd74 perf probe: Fix dso->nsinfo refcounting
99a33767a perf lzma: Close lzma stream on exit
597e450c3 perf test bpf: Free obj_buf
118ff7acb perf probe-file: Delete namelist in del_events() on the error path
c20b1f248 spi: mediatek: fix fifo rx mode
42a591e5a liquidio: Fix unintentional sign extension issue on left shift of u16
bcfbc4c2e s390/bpf: Perform r1 range checking before accessing jit->seen_reg[r1]
1addf5504 net: fix uninit-value in caif_seqpkt_sendmsg
9ca42af81 net: decnet: Fix sleeping inside in af_decnet
477bc0a4b netrom: Decrease sock refcount when sock timers expire
c654cadeb scsi: iscsi: Fix iface sysfs attr detection
712ace6da scsi: target: Fix protect handling in WRITE SAME(32)
6e3231fac spi: cadence: Correct initialisation of runtime PM again
456cf5722 Revert "USB: quirks: ignore remote wake-up on Fibocom L850-GL LTE modem"
51623b341 proc: Avoid mixing integer types in mem_rw()
4b3510179 Revert "MIPS: add PMD table accounting into MIPS'pmd_alloc_one"
4269f8311 s390/ftrace: fix ftrace_update_ftrace_func implementation
e6e60dad7 ALSA: sb: Fix potential ABBA deadlock in CSP driver
9a85e8a80 xhci: Fix lost USB 2 remote wake
fe7cdeb10 KVM: PPC: Book3S: Fix H_RTAS rets buffer overflow
963c85cfc usb: hub: Disable USB 3 device initiated lpm if exit latency is too high
3ded5722f USB: usb-storage: Add LaCie Rugged USB3-FW to IGNORE_UAS
a1540f355 usb: max-3421: Prevent corruption of freed memory
3063b5462 usb: renesas_usbhs: Fix superfluous irqs happen after usb_pkt_pop()
79e7dd363 USB: serial: option: add support for u-blox LARA-R6 family
2b895115a USB: serial: cp210x: fix comments for GE CS1000
ae0dee809 USB: serial: cp210x: add ID for CEL EM3588 USB ZigBee stick
ed81e6ac3 usb: dwc2: gadget: Fix sending zero length packet in DDMA mode.
2c6c0c51f tracing: Fix bug in rb_per_cpu_empty() that might cause deadloop.
ed04d251a media: ngene: Fix out-of-bounds bug in ngene_command_config_free_buf()
6f285a250 ixgbe: Fix packet corruption due to missing DMA sync
34694bcc3 selftest: use mmap instead of posix_memalign to allocate memory
bdb1a6405 drm: Return -ENOTTY for non-drm ioctls
3536be571 net: bcmgenet: ensure EXT_ENERGY_DET_MASK is clear
c591433fd iio: accel: bma180: Use explicit member assignment
3284c9701 iio: accel: bma180: Fix BMA25x bandwidth register values
950d7654b btrfs: compression: don't try to compress if we don't have enough pages
80bfa93f1 spi: spi-fsl-dspi: Fix a resource leak in an error handling path
6a0c30361 xhci: add xhci_get_virt_ep() helper
3ca8c4420 Linux 4.14.241
b03df4a0e selftest: fix build error in tools/testing/selftests/vm/userfaultfd.c
172f01073 KVM: x86: determine if an exception has an error code only when injecting it.
2264ff789 net: split out functions related to registering inflight socket files
95b1f6105 af_unix: fix garbage collect vs MSG_PEEK
5d466f1fc workqueue: fix UAF in pwq_unbound_release_workfn()
e7457520a net/802/mrp: fix memleak in mrp_request_join()
6de1b0c47 net/802/garp: fix memleak in garp_request_join()
21aa6d121 net: annotate data race around sk_ll_usec
0a5364894 sctp: move 198 addresses from unusable to private scope
4869ce83f hfs: add missing clean-up in hfs_fill_super
3c24000c1 hfs: fix high memory mapping in hfs_bnode_read
973f9b6d4 hfs: add lock nesting notation to hfs_find_init
9b09ab522 ARM: dts: versatile: Fix up interrupt controller node names
318ae77e2 virtio_net: Do not pull payload in skb->head
8bbdbfae8 gro: ensure frag0 meets IP header alignment
0565e834c x86/kvm: fix vcpu-id indexed array sizes
d916ee1a0 ocfs2: fix zero out valid data
86120d26f ocfs2: issue zeroout to EOF blocks
c5b3248b2 can: raw: raw_setsockopt(): fix raw_rcv panic for sock UAF
8711259e7 can: mcba_usb_start(): add missing urb->transfer_dma initialization
ba907aa8b can: usb_8dev: fix memory leak
915bd815f can: ems_usb: fix memory leak
5078f3c5a can: esd_usb2: fix memory leak
d3111f7fa NIU: fix incorrect error return, missed in previous revert
89512e103 nfc: nfcsim: fix use after free during module unload
70e7f4935 x86/asm: Ensure asm/proto.h can be included stand-alone
3cdedf564 cfg80211: Fix possible memory leak in function cfg80211_bss_update
f78d805d5 netfilter: conntrack: adjust stop timestamp to real expiry value
c0c992043 netfilter: nft_nat: allow to specify layer 4 protocol NAT only
a97b7cda4 tipc: fix sleeping in tipc accept routine
21530d3a0 mlx4: Fix missing error code in mlx4_load_one()
ca0de0173 net: llc: fix skb_over_panic
1d9896bc8 net/mlx5: Fix flow table chaining
ee1941510 sctp: fix return value check in __sctp_rcv_asconf_lookup
9b4401cd9 tulip: windbond-840: Fix missing pci_disable_device() in probe and remove
5532bb16d sis900: Fix missing pci_disable_device() in probe and remove
ea6b4a301 can: hi311x: fix a signedness bug in hi3110_cmd()
f80cad45f Revert "perf map: Fix dso->nsinfo refcounting"
82d48102f Linux 4.14.242
3c200ad1d btrfs: mark compressed range uptodate only if all bio succeed
ea793a293 regulator: rt5033: Fix n_voltages settings for BUCK and LDO
a7880c2a2 r8152: Fix potential PM refcount imbalance
9624fb494 qed: fix possible unpaired spin_{un}lock_bh in _qed_mcp_cmd_and_union()
da0c3bad6 net: Fix zero-copy head len calculation.
c4ffce375 Revert "Bluetooth: Shutdown controller after workqueues are flushed or cancelled"
d5ca7acb3 KVM: do not assume PTE is writable after follow_pfn
e02939bde KVM: do not allow mapping valid but non-reference-counted pages
d45017abd KVM: Use kvm_pfn_t for local PFN variable in hva_to_pfn_remapped()
90f1c175b Revert "watchdog: iTCO_wdt: Account for rebooting on second timeout"
a157591af spi: mediatek: Fix fifo transfer
40be9e58d Linux 4.14.243
f546243d7 Revert "ACPICA: Fix memory leak caused by _CID repair function"
e03693ebc ALSA: seq: Fix racy deletion of subscriber
b9e30d9ac clk: stm32f4: fix post divisor setup for I2S/SAI PLLs
ddb3f8a97 omap5-board-common: remove not physically existing vdds_1v8_main fixed-regulator
0057d44bf scsi: sr: Return correct event when media event code is 3
62343e7a4 media: videobuf2-core: dequeue if start_streaming fails
555ee1f87 net: natsemi: Fix missing pci_disable_device() in probe and remove
940d8b9d7 nfp: update ethtool reporting of pauseframe control
894519e58 mips: Fix non-POSIX regexp
cb58e1b75 bnx2x: fix an error code in bnx2x_nic_load()
fed0d5f6a net: pegasus: fix uninit-value in get_interrupt_interval
902332159 net: fec: fix use-after-free in fec_drv_remove
2ec25729c net: vxge: fix use-after-free in vxge_device_unregister
a7c14cc52 Bluetooth: defer cleanup of resources in hci_unregister_dev()
5a2faa0cf USB: usbtmc: Fix RCU stall warning
5f795c323 USB: serial: option: add Telit FD980 composition 0x1056
da8d86061 USB: serial: ch341: fix character loss at high transfer rates
635c9912e USB: serial: ftdi_sio: add device ID for Auto-M3 OP-COM v2
71ade1a2b usb: gadget: f_hid: added GET_IDLE and SET_IDLE handlers
496caf0e2 usb: gadget: f_hid: fixed NULL pointer dereference
ce4239c1d usb: gadget: f_hid: idle uses the highest byte for duration
5bc7cf42a usb: otg-fsm: Fix hrtimer list corruption
77af89d0c scripts/tracing: fix the bug that can't parse raw_trace_func
1db6e1ef9 staging: rtl8723bs: Fix a resource leak in sd_int_dpc
bafdae14b media: rtl28xxu: fix zero-length control request
cf0e9c522 pipe: increase minimum default pipe size to 2 pages
6547148fc ext4: fix potential htree corruption when growing large_dir directories
ee66364d4 serial: 8250: Mask out floating 16/32-bit bus bits
572ecaa59 MIPS: Malta: Do not byte-swap accesses to the CBUS UART
bc24a8cbc pcmcia: i82092: fix a null pointer dereference bug
54b2caa0a spi: meson-spicc: fix memory leak in meson_spicc_remove
87285a5d9 perf/x86/amd: Don't touch the AMD64_EVENTSEL_HOSTONLY bit inside the guest
586b83b19 qmi_wwan: add network device usage statistics for qmimux devices
814104858 libata: fix ata_pio_sector for CONFIG_HIGHMEM
6931d6864 reiserfs: add check for root_inode in reiserfs_fill_super
eb1957e50 reiserfs: check directory items on read from disk
9e9efc1c9 alpha: Send stop IPI to send to online CPUs
e24ec5767 net/qla3xxx: fix schedule while atomic in ql_wait_for_drvr_lock and ql_adapter_reset
8ff568198 USB:ehci:fix Kunpeng920 ehci hardware problem
96405e09f ppp: Fix generating ppp unit id when ifname is not specified
9d4963ba0 ovl: prevent private clone if bind mount is not allowed
c0c765490 net: xilinx_emaclite: Do not print real IOMEM pointer
e8d169a45 Linux 4.14.244
167d0999c iio: humidity: hdc100x: Add margin to the conversion time
559225f91 iio: adc: Fix incorrect exit of for-loop
720cab19f ASoC: intel: atom: Fix reference to PCM buffer address
f014d66be i2c: dev: zero out array used for i2c reads from userspace
17e76670a ACPI: NFIT: Fix support for virtual SPA ranges
9c6713723 ASoC: cs42l42: Correct definition of ADC Volume control
f251e8a51 ASoC: cs42l42: Don't allow SND_SOC_DAIFMT_LEFT_J
1553deebc ASoC: cs42l42: Fix inversion of ADC Notch Switch control
28f64bdf9 ASoC: cs42l42: Remove duplicate control for WNF filter frequency
0a0833b36 net: dsa: mt7530: add the missing RxUnicast MIB counter
5d5b373ec ppp: Fix generating ifname when empty IFLA_IFNAME is specified
e95b3ab5a psample: Add a fwd declaration for skbuff
39b89d0fa net: Fix memory leak in ieee802154_raw_deliver
e5e7772a6 net: bridge: fix memleak in br_add_if()
bfe7d4ce5 tcp_bbr: fix u32 wrap bug in round logic if bbr_init() called after 2B packets
e9604aa91 xen/events: Fix race in set_evtchn_to_irq
f0bb59896 vsock/virtio: avoid potential deadlock when vsock device remove
c5d841064 powerpc/kprobes: Fix kprobe Oops happens in booke
ef1985852 x86/tools: Fix objdump version check again
4af0a79f9 x86/resctrl: Fix default monitoring groups reporting
c4c783176 PCI/MSI: Enable and mask MSI-X early
87a3aa6a2 PCI/MSI: Do not set invalid bits in MSI mask
5ffc44b24 PCI/MSI: Correct misleading comments
40d2d7b99 PCI/MSI: Use msi_mask_irq() in pci_msi_shutdown()
6192a91bb PCI/MSI: Protect msi_desc::masked for multi-MSI
31c034131 PCI/MSI: Mask all unused MSI-X entries
a089da3cb PCI/MSI: Enforce that MSI-X table entry is masked for update
011d685fd PCI/MSI: Enforce MSI[X] entry updates to be visible
55eca8dfe vmlinux.lds.h: Handle clang's module.{c,d}tor sections
af7de1ccd mac80211: drop data frames without key on encrypted links
0ddf03233 KVM: nSVM: always intercept VMLOAD/VMSAVE when nested (CVE-2021-3656)
4bee331f3 KVM: nSVM: avoid picking up unsupported bits from L2 in int_ctl (CVE-2021-3653)
a1c2e8618 x86/fpu: Make init_fpstate correct with optimized XSAVE
e30ad317b ath: Use safer key clearing with key cache entries
18844c492 ath9k: Clear key cache explicitly on disabling hardware
143902fa4 ath: Export ath_hw_keysetmac()
08993b35a ath: Modify ath_key_delete() to not need full key entry
4f7dcf07a ath9k: Postpone key cache entry deletion for TXQ frames reference it
e41bce99d dmaengine: usb-dmac: Fix PM reference leak in usb_dmac_probe()
e586c197c ARM: dts: am43x-epos-evm: Reduce i2c0 bus speed for tps65218
e5a3f5dbb dmaengine: of-dma: router_xlate to return -EPROBE_DEFER if controller is not yet available
71eb12b82 scsi: megaraid_mm: Fix end of loop tests for list_for_each_entry()
cc328021a scsi: scsi_dh_rdac: Avoid crash during rdac_bus_attach()
c392fb1ed scsi: core: Avoid printing an error if target_alloc() returns -ENXIO
db471a1a6 ARM: dts: nomadik: Fix up interrupt controller node names
7ea9b9b02 net: usb: lan78xx: don't modify phy_device state concurrently
d257f139c Bluetooth: hidp: use correct wait queue when removing ctrl_wait
0a93a5297 dccp: add do-while-0 stubs for dccp_pr_debug macros
ac5c2caa6 vhost: Fix the calculation in vhost_overflow()
8599b34a8 bnxt: don't lock the tx queue from napi poll
55a4c0622 net: 6pack: fix slab-out-of-bounds in decode_data
8b60d4629 ptp_pch: Restore dependency on PCI
e83381f52 net: qlcnic: add missed unlock in qlcnic_83xx_flash_read32
4ce98b6c5 net: mdio-mux: Don't ignore memory allocation errors
afe2e6fba net: mdio-mux: Handle -EPROBE_DEFER correctly
636a46113 mmc: dw_mmc: Fix hang on data CRC error
82d7544b1 ALSA: hda - fix the 'Capture Switch' value change notifications
83236de6d ipack: tpci200: fix many double free issues in tpci200_pci_probe
e502be908 btrfs: prevent rename2 from exchanging a subvol with a directory from different parents
cddbcfa6f ASoC: intel: atom: Fix breakage for PCM buffer address setup
81bc0f506 locks: print a warning when mount fails due to lack of "mand" support
65c1668f2 fs: warn about impending deprecation of mandatory locks
f3ff9c1a7 netfilter: nft_exthdr: fix endianness of tcp option cast
0a6ddbc0f Linux 4.14.245
54bad8883 ARC: Fix CONFIG_STACKDEPOT
cd02d196e can: usb: esd_usb2: esd_usb2_rx_event(): fix the interchange of the CAN RX and TX error counters
abeaccc93 Revert "USB: serial: ch341: fix character loss at high transfer rates"
08b6ca7b4 USB: serial: option: add new VID/PID to support Fibocom FG150
060f2f117 usb: dwc3: gadget: Fix dwc3_calc_trbs_left()
31df5692b usb: dwc3: gadget: Stop EP0 transfers during pullup disable
67ccdbf62 IB/hfi1: Fix possible null-pointer dereference in _extend_sdma_tx_descs()
2fed42a7c e1000e: Fix the max snoop/no-snoop latency for 10M
b626472b1 ip_gre: add validation for csum_start
0e1181a32 xgene-v2: Fix a resource leak in the error handling path of 'xge_probe()'
0ea357ea6 net: marvell: fix MVNETA_TX_IN_PRGRS bit number
38efc8856 usb: gadget: u_audio: fix race condition on endpoint stop
5aecb3c87 opp: remove WARN when no valid OPPs remain
359883807 virtio: Improve vq->broken access to avoid any compiler optimization
e13b72da1 vringh: Use wiov->used to check for read/write desc order
cb9a0af28 drm: Copy drm_wait_vblank to user before returning
4c29de719 drm/nouveau/disp: power down unused DP links during init
6879ef661 net/rds: dma_map_sg is entitled to merge entries
8c1792599 vt_kdsetmode: extend console locking
4424054f5 fbmem: add margin check to fb_check_caps()
9d13f0c4d KVM: x86/mmu: Treat NX as used (not reserved) for all !TDP shadow MMUs
ff92773ad KVM: X86: MMU: Use the correct inherited permissions to get shadow page
e377fb4ee Revert "floppy: reintroduce O_NDELAY fix"
92a9585f3 Linux 4.14.246
09220068e ext4: fix race writing to an inline_data file while its xattrs are changing
03a32cb1e xtensa: fix kconfig unmet dependency warning for HAVE_FUTEX_CMPXCHG
54d2c28d0 qed: Fix the VF msix vectors flow
3224b347d net: macb: Add a NULL check on desc_ptp
984829633 qede: Fix memset corruption
c1d6a0876 perf/x86/intel/pt: Fix mask of num_address_ranges
f08f95e9d perf/x86/amd/ibs: Work around erratum #1197
54ff8baa2 cryptoloop: add a deprecation warning
39260c5b3 ARM: 8918/2: only build return_address() if needed
ac6f67d9f ALSA: pcm: fix divide error in snd_pcm_lib_ioctl
eb8307411 clk: fix build warning for orphan_list
c63f5defb media: stkwebcam: fix memory leak in stk_camera_probe
6b5ab98ee igmp: Add ip_mc_list lock in ip_check_mc_rcu
a9a4fdb5e USB: serial: mos7720: improve OOM-handling in read_mos_reg()
4876f59f0 f2fs: fix potential overflow
7a19f4c71 ath10k: fix recent bandwidth conversion bug
f07aed118 ipv4/icmp: l3mdev: Perform icmp error route lookup on source device routing table (v2)
3e4b24673 s390/disassembler: correct disassembly lines alignment
c46b81bd6 mm/kmemleak.c: make cond_resched() rate-limiting more efficient
77bf4d875 crypto: talitos - reduce max key size for SEC1
9ce45561f powerpc/module64: Fix comment in R_PPC64_ENTRY handling
7ddd46e94 powerpc/boot: Delete unneeded .globl _zimage_start
d03f2362c net: ll_temac: Remove left-over debug message
85e05f8ae mm/page_alloc: speed up the iteration of max_order
2ee1905d5 Revert "btrfs: compression: don't try to compress if we don't have enough pages"
b211ee7f8 usb: host: xhci-rcar: Don't reload firmware after the completion
7a6e4b2de x86/reboot: Limit Dell Optiplex 990 quirk to early BIOS versions
3af197c56 PCI: Call Max Payload Size-related fixup quirks early
ba770c5ef regmap: fix the offset of register error log
54d1ad700 crypto: mxs-dcp - Check for DMA mapping errors
d988fda32 power: supply: axp288_fuel_gauge: Report register-address on readb / writeb errors
5a972fc0c crypto: omap-sham - clear dma flags only after omap_sham_update_dma_stop()
f06f1ffdc udf: Check LVID earlier
ce82c8270 isofs: joliet: Fix iocharset=utf8 mount option
eb2a6fd30 nvme-rdma: don't update queue count when failing to set io queues
4663b267f power: supply: max17042_battery: fix typo in MAx17042_TOFF
698e0946a s390/cio: add dev_busid sysfs entry for each subchannel
d8fa68321 libata: fix ata_host_start()
c57d07a9a crypto: qat - do not ignore errors from enable_vf2pf_comms()
28d1e71e4 crypto: qat - handle both source of interrupt in VF ISR
fa1824bba crypto: qat - fix reuse of completion variable
36db87f40 crypto: qat - fix naming for init/shutdown VF to PF notifications
ba6e6e5e5 crypto: qat - do not export adf_iov_putmsg()
901a4cb3a udf_get_extendedattr() had no boundary checks.
7d473838b m68k: emu: Fix invalid free in nfeth_cleanup()
5641d9606 spi: spi-fsl-dspi: Fix issue with uninitialized dma_slave_config
566bacb5a spi: spi-pic32: Fix issue with uninitialized dma_slave_config
9b54e5c99 clocksource/drivers/sh_cmt: Fix wrong setting if don't request IRQ for clock source channel
883662262 crypto: qat - use proper type for vf_mask
91a357dc7 certs: Trigger creation of RSA module signing key if it's not an RSA key
69e034ac7 soc: rockchip: ROCKCHIP_GRF should not default to y, unconditionally
440568dc6 media: dvb-usb: fix uninit-value in dvb_usb_adapter_dvb_init
e446ec3e2 media: dvb-usb: fix uninit-value in vp702x_read_mac_addr
1ace6fcc1 media: go7007: remove redundant initialization
c83a8e738 Bluetooth: sco: prevent information leak in sco_conn_defer_accept()
30440180e tcp: seq_file: Avoid skipping sk during tcp_seek_last_pos
0a028c647 net: cipso: fix warnings in netlbl_cipsov4_add_std
95a179bcd i2c: highlander: add IRQ check
f98fe53d4 media: em28xx-input: fix refcount bug in em28xx_usb_disconnect
08d5ffd62 PCI: PM: Avoid forcing PCI_D0 for wakeup reasons inconsistently
cca955067 PCI: PM: Enable PME if it can be signaled from D3cold
5b9c87a11 soc: qcom: smsm: Fix missed interrupts if state changes while masked
930cb8d6c Bluetooth: increase BTNAMSIZ to 21 chars to fix potential buffer overflow
7364b8295 arm64: dts: exynos: correct GIC CPU interfaces address range on Exynos7
9b6f8af41 Bluetooth: fix repeated calls to sco_sock_kill
4d1a81618 drm/msm/dsi: Fix some reference counted resource leaks
b2d46341f usb: gadget: udc: at91: add IRQ check
ec9527a54 usb: phy: fsl-usb: add IRQ check
907165124 usb: phy: twl6030: add IRQ checks
e07a7d36b Bluetooth: Move shutdown callback before flushing tx and rx queue
527efe404 usb: host: ohci-tmio: add IRQ check
78ea3487e usb: phy: tahvo: add IRQ check
e9ec55410 mac80211: Fix insufficient headroom issue for AMSDU
3cca0def1 usb: gadget: mv_u3d: request_irq() after initializing UDC
509532468 Bluetooth: add timeout sanity check to hci_inquiry
afa1ab2a9 i2c: iop3xx: fix deferred probing
069cea2b2 i2c: s3c2410: fix IRQ check
835718d62 mmc: dw_mmc: Fix issue with uninitialized dma_slave_config
1b3f9a710 mmc: moxart: Fix issue with uninitialized dma_slave_config
3ed013d54 CIFS: Fix a potencially linear read overflow
377d1590c i2c: mt65xx: fix IRQ check
f1aac98e3 usb: ehci-orion: Handle errors of clk_prepare_enable() in probe
5c5a80052 usb: bdc: Fix an error handling path in 'bdc_probe()' when no suitable DMA config is available
41f0df5a4 tty: serial: fsl_lpuart: fix the wrong mapbase value
2897aa05b ath6kl: wmi: fix an error code in ath6kl_wmi_sync_point()
876dfd94e bcma: Fix memory leak for internally-handled cores
3aed89830 ipv4: make exception cache less predictible
f6758a186 net: sched: Fix qdisc_rate_table refcount leak when get tcf_block failed
3fe8d56f4 net: qualcomm: fix QCA7000 checksum handling
f03d77dd1 netns: protect netns ID lookups with RCU
d685aa42e tty: Fix data race between tiocsti() and flush_to_ldisc()
6a889369f x86/resctrl: Fix a maybe-uninitialized build warning treated as error
1ed4713ce KVM: x86: Update vCPU's hv_clock before back to guest when tsc_offset is adjusted
aa2c6e054 IMA: remove -Wmissing-prototypes warning
b6e21174a backlight: pwm_bl: Improve bootloader/kernel device handover
3bae15503 clk: kirkwood: Fix a clocking boot regression
76d6f9548 fbmem: don't allow too huge resolutions
9696d5b33 rtc: tps65910: Correct driver module alias
370038c60 blk-zoned: allow zone management send operations without CAP_SYS_ADMIN
b739777af blk-zoned: allow BLKREPORTZONE without CAP_SYS_ADMIN
eb37b2eb8 PCI/MSI: Skip masking MSI-X on Xen PV
d121ed59a powerpc/perf/hv-gpci: Fix counter value parsing
2154d225d xen: fix setting of max_pfn in shared_info
00dd4de44 include/linux/list.h: add a macro to test if entry is pointing to the head
aa9ca8369 9p/xen: Fix end of loop tests for list_for_each_entry
0596b8315 soc: aspeed: lpc-ctrl: Fix boundary check for mmap
c7adc3b2c crypto: public_key: fix overflow during implicit conversion
791129315 block: bfq: fix bfq_set_next_ioprio_data()
599512a31 power: supply: max17042: handle fails of reading status register
11c1ddd5c dm crypt: Avoid percpu_counter spinlock contention in crypt_page_alloc()
d1e01945b VMCI: fix NULL pointer dereference when unmapping queue pair
163504b54 media: uvc: don't do DMA on stack
ab351ee65 media: rc-loopback: return number of emitters rather than error
dca8a0d05 libata: add ATA_HORKAGE_NO_NCQ_TRIM for Samsung 860 and 870 SSDs
21b1ea28d ARM: 9105/1: atags_to_fdt: don't warn about stack size
cd44e2c3f PCI: Restrict ASMedia ASM1062 SATA Max Payload Size Supported
913e23742 PCI: Return ~0 data on pciconfig_read() CAP_SYS_ADMIN failure
f146aa720 PCI: xilinx-nwl: Enable the clock through CCF
1afc347a4 PCI: aardvark: Increase polling delay to 1.5s while waiting for PIO response
8951f536a PCI: aardvark: Fix masking and unmasking legacy INTx interrupts
c96775c66 HID: input: do not report stylus battery state as "full"
a2215f490 RDMA/iwcm: Release resources if iw_cm module initialization fails
7a82926e2 docs: Fix infiniband uverbs minor number
dc8f34d31 pinctrl: samsung: Fix pinctrl bank pin count
54e207a36 vfio: Use config not menuconfig for VFIO_NOIOMMU
9a6d29eca openrisc: don't printk() unconditionally
59dc9bc83 pinctrl: single: Fix error return code in pcs_parse_bits_in_pinctrl_entry()
3c079a8bc scsi: qedi: Fix error codes in qedi_alloc_global_queues()
a998e1c15 MIPS: Malta: fix alignment of the devicetree buffer
973653303 media: dib8000: rewrite the init prbs logic
a1b85eb94 crypto: mxs-dcp - Use sg_mapping_iter to copy data
ffb259edd PCI: Use pci_update_current_state() in pci_enable_device_flags()
ad1bbf909 iio: dac: ad5624r: Fix incorrect handling of an optional regulator.
d068e26bb ARM: dts: qcom: apq8064: correct clock names
ce10c3537 video: fbdev: kyro: fix a DoS bug by restricting user input
a080100ca netlink: Deal with ESRCH error in nlmsg_notify()
1ab1f9935 Smack: Fix wrong semantics in smk_access_entry()
f89451ba8 usb: host: fotg210: fix the endpoint's transactional opportunities calculation
1d8fbbefc usb: host: fotg210: fix the actual_length of an iso packet
b568317cf usb: gadget: u_ether: fix a potential null pointer dereference
5bdd769e1 usb: gadget: composite: Allow bMaxPower=0 if self-powered
a7dccccef staging: board: Fix uninitialized spinlock when attaching genpd
654e57704 tty: serial: jsm: hold port lock when reporting modem line changes
a956c75f7 bpf/tests: Fix copy-and-paste error in double word test
8c9a5a286 bpf/tests: Do not PASS tests without actually testing the result
43206e1b0 video: fbdev: asiliantfb: Error out if 'pixclock' equals zero
55ee1c059 video: fbdev: kyro: Error out if 'pixclock' equals zero
a31b4bba1 video: fbdev: riva: Error out if 'pixclock' equals zero
d89ae1ff2 ipv4: ip_output.c: Fix out-of-bounds warning in ip_copy_addrs()
aa18494a5 flow_dissector: Fix out-of-bounds warnings
d395fc2bf s390/jump_label: print real address in a case of a jump label bug
2e03f0ded serial: 8250: Define RX trigger levels for OxSemi 950 devices
0214003a9 xtensa: ISS: don't panic in rs_init
54acf7dd2 hvsi: don't panic on tty_register_driver failure
1edbf3a19 serial: 8250_pci: make setup_port() parameters explicitly unsigned
a2286aa6e staging: ks7010: Fix the initialization of the 'sleep_status' structure
c0882eeaf ata: sata_dwc_460ex: No need to call phy_exit() befre phy_init()
3ec9a553e Bluetooth: skip invalid hci_sync_conn_complete_evt
35bcaa781 ASoC: Intel: bytcr_rt5640: Move "Platform Clock" routes to the maps for the matching in-/output
3543b55c8 media: v4l2-dv-timings.c: fix wrong condition in two for-loops
771c80f4b arm64: dts: qcom: sdm660: use reg value for memory node
cc1b8e372 net: ethernet: stmmac: Do not use unreachable() in ipq806x_gmac_probe()
d43d41abb Bluetooth: avoid circular locks in sco_sock_connect
23a8687be gpu: drm: amd: amdgpu: amdgpu_i2c: fix possible uninitialized-variable access in amdgpu_i2c_router_select_ddc_port()
4760f456c ARM: tegra: tamonten: Fix UART pad setting
8caf0c021 rpc: fix gss_svc_init cleanup on failure
a4b3326e2 staging: rts5208: Fix get_ms_information() heap buffer size
d37c582ca gfs2: Don't call dlm after protocol is unmounted
3deb621c3 mmc: sdhci-of-arasan: Check return value of non-void funtions
d786573aa mmc: rtsx_pci: Fix long reads when clock is prescaled
2ce01daad selftests/bpf: Enlarge select() timeout for test_maps
0b7442959 cifs: fix wrong release in sess_alloc_buffer() failed path
edc7a9e3e Revert "USB: xhci: fix U1/U2 handling for hardware with XHCI_INTEL_HOST quirk set"
0be73f26b usb: musb: musb_dsps: request_irq() after initializing musb
78df14685 usbip: give back URBs for unsent unlink requests during cleanup
510b483a1 usbip:vhci_hcd USB port can get stuck in the disabled state
3b2e0203d ASoC: rockchip: i2s: Fix regmap_ops hang
957449f57 ASoC: rockchip: i2s: Fixup config for DAIFMT_DSP_A/B
06d604868 parport: remove non-zero check on count
ab1f2b22b ath9k: fix OOB read ar9300_eeprom_restore_internal
155849357 ath9k: fix sleeping in atomic context
e7addadb7 net: fix NULL pointer reference in cipso_v4_doi_free
0e00ac83d net: w5100: check return value after calling platform_get_resource()
5a687c4c3 parisc: fix crash with signals and alloca
5f114267f scsi: BusLogic: Fix missing pr_cont() use
594077eab scsi: qla2xxx: Sync queue idx with queue_pair_map idx
355bdc68b cpufreq: powernv: Fix init_chip_info initialization in numa=off
1ea0ce0a6 mm/hugetlb: initialize hugetlb_usage in mm_init
2c839eced memcg: enable accounting for pids in nested pid namespaces
a578fcbfc platform/chrome: cros_ec_proto: Send command again when timeout occurs
76c245e9c xen: reset legacy rtc flag for PV domU
5050eb398 bnx2x: Fix enabling network interfaces without VFs
def258e73 PM: base: power: don't try to use non-existing RTC for storing data
46d8b6646 x86/mm: Fix kern_addr_valid() to cope with existing but not present entries
ff2321c66 net-caif: avoid user-triggerable WARN_ON(1)
2a61a0f2a ptp: dp83640: don't define PAGE0
abca5f9c2 dccp: don't duplicate ccid when cloning dccp sock
eacb51bb4 net/l2tp: Fix reference count leak in l2tp_udp_recv_core
e847a81a7 r6040: Restore MDIO clock frequency after MAC reset
3385c1778 tipc: increase timeout in tipc_sk_enqueue()
00ce533b1 events: Reuse value read using READ_ONCE instead of re-reading it
4d4a06c22 net/af_unix: fix a data-race in unix_dgram_poll
a4ae2d392 tcp: fix tp->undo_retrans accounting in tcp_sacktag_one()
f5b01e98e mm/memory_hotplug: use "unsigned long" for PFN in zone_for_pfn_range()
13dc7a7bc dt-bindings: mtd: gpmc: Fix the ECC bytes vs. OOB bytes equation
970b4d0bd mfd: Don't use irq_create_mapping() to resolve a mapping
74d0f2502 PCI: Add ACS quirks for Cavium multi-function devices
de9cc06d9 net: usb: cdc_mbim: avoid altsetting toggling for Telit LN920
4e9b55da3 ethtool: Fix an error code in cxgb2.c
a539393cb PCI: Sync __pci_register_driver() stub for CONFIG_PCI=n
7984282cc mtd: rawnand: cafe: Fix a resource leak in the error handling path of 'cafe_nand_probe()'
e4adec636 ARC: export clear_user_page() for modules
3d3ef6d8c net: dsa: b53: Fix calculating number of switch ports
677ca9a5f netfilter: socket: icmp6: fix use-after-scope
6e6b5c342 qlcnic: Remove redundant unlock in qlcnic_pinit_from_rom
f2381efc7 net: renesas: sh_eth: Fix freeing wrong tx descriptor
60627742e s390/bpf: Fix 64-bit subtraction of the -0x80000000 constant
db3da0ab6 Linux 4.14.247
4c4a84c0f s390/bpf: Fix optimizing out zero-extensions
c0aa600f1 rcu: Fix missed wakeup of exp_wq waiters
816323c58 apparmor: remove duplicate macro list_entry_is_head()
8de42dd5a crypto: talitos - fix max key size for sha384 and sha512
b557ef091 sctp: validate chunk size in __rcv_asconf_lookup
4d8918fd7 sctp: add param size validation for SCTP_PARAM_SET_PRIMARY
3ee35d1eb dmaengine: acpi: Avoid comparison GSI with Linux vIRQ
a5aaaf724 thermal/drivers/exynos: Fix an error code in exynos_tmu_probe()
405a11fb3 9p/trans_virtio: Remove sysfs file on probe failure
84744c06c prctl: allow to setup brk for et_dyn executables
e96f0ef14 profiling: fix shift-out-of-bounds bugs
e3d6764a8 pwm: lpc32xx: Don't modify HW state in .probe() after the PWM chip was registered
f329e99b5 Kconfig.debug: drop selecting non-existing HARDLOCKUP_DETECTOR_ARCH
8d16f22b7 parisc: Move pci_dev_is_behind_card_dino to where it is used
164227cc0 dmaengine: ioat: depends on !UML
f8a5926dd dmaengine: xilinx_dma: Set DMA mask for coherent APIs
9c44f9d22 ceph: lockdep annotations for try_nonblocking_invalidate
10324ebb7 nilfs2: fix memory leak in nilfs_sysfs_create_device_group
54a252ccc nilfs2: fix NULL pointer in nilfs_##name##_attr_release
a13d6387d nilfs2: fix memory leak in nilfs_sysfs_create_##name##_group
41e4cc6ee nilfs2: fix memory leak in nilfs_sysfs_delete_##name##_group
c15c91e56 nilfs2: fix memory leak in nilfs_sysfs_create_snapshot_group
d60152d96 nilfs2: fix memory leak in nilfs_sysfs_delete_snapshot_group
96dd0b974 pwm: rockchip: Don't modify HW state in .remove() callback
f2a5c2c4b blk-throttle: fix UAF by deleteing timer in blk_throtl_exit()
1cadec20f drm/nouveau/nvkm: Replace -ENOSYS with -ENODEV
35b20574e Linux 4.14.248
9a2d1f746 ocfs2: drop acl cache for directories too
254dcabc9 usb: gadget: r8a66597: fix a loop in set_feature()
9d9c27f95 usb: musb: tusb6010: uninitialized data in tusb_fifo_write_unaligned()
1e7113447 cifs: fix incorrect check for null pointer in header_assemble
4f6ba7517 xen/x86: fix PV trap handling on secondary processors
7a5e7164d usb-storage: Add quirk for ScanLogic SL11R-IDE older than 2.6c
9ecaf4d24 USB: serial: cp210x: add ID for GW Instek GDM-834x Digital Multimeter
d2b0bae95 staging: greybus: uart: fix tty use after free
51ce2a959 Re-enable UAS for LaCie Rugged USB3-FW with fk quirk
f73131343 USB: serial: mos7840: remove duplicated 0xac24 device ID
828364e3d USB: serial: option: add Telit LN920 compositions
c99977742 USB: serial: option: remove duplicate USB device ID
f55174fe9 USB: serial: option: add device id for Foxconn T99W265
398716d8e mcb: fix error handling in mcb_alloc_bus()
9f087401d serial: mvebu-uart: fix driver's tx_empty callback
d6e3a7933 net: hso: fix muxed tty registration
915ad4796 bnxt_en: Fix TX timeout when TX ring size is set to the smallest
2523d3121 net/mlx4_en: Don't allow aRFS for encapsulated packets
d613063ee scsi: iscsi: Adjust iface sysfs attr detection
5ed9dc0aa thermal/core: Potential buffer overflow in thermal_build_list_of_policies()
5b2a690c1 irqchip/gic-v3-its: Fix potential VPE leak on error
9a0c10559 md: fix a lock order reversal in md_alloc
b9f88ac85 blktrace: Fix uaf in blk_trace access after removing by sysfs
274954b49 net: macb: fix use after free on rmmod
89d130c22 net: stmmac: allow CSR clock of 300MHz
9bf337272 m68k: Double cast io functions to unsigned long
abe966ca0 xen/balloon: use a kernel thread instead a workqueue
ab5dca3bd compiler.h: Introduce absolute_pointer macro
e8695d0dc net: i825xx: Use absolute_pointer for memcpy from fixed memory location
9c4c7855f sparc: avoid stringop-overread errors
9fd72c11a qnx4: avoid stringop-overread errors
3f20ae97b parisc: Use absolute_pointer() to define PAGE0
e18195e93 arm64: Mark __stack_chk_guard as __ro_after_init
bda005a95 alpha: Declare virt_to_phys and virt_to_bus parameter as pointer to volatile
a99cdc14a net: 6pack: Fix tx timeout and slot time
b28bef6d8 spi: Fix tegra20 build with CONFIG_PM=n
5ed353e8c arm64: dts: marvell: armada-37xx: Extend PCIe MEM space
e5b2002c3 PCI: aardvark: Fix checking for PIO Non-posted Request
4a4074649 PCI: aardvark: Fix checking for PIO status
a679a0c2e xen/balloon: fix balloon kthread freezing
27351c1f5 qnx4: work around gcc false positive warning bug
b38b319c1 tty: Fix out-of-bound vmalloc access in imageblit
46994ef1c cpufreq: schedutil: Use kobject release() method to free sugov_tunables
be16a7707 cpufreq: schedutil: Destroy mutex before kobject_put() frees the memory
0c67788cc mac80211: fix use-after-free in CCMP/GCMP RX
e842815f8 ipvs: check that ip_vs_conn_tab_bits is between 8 and 20
b60ee0841 mac80211: Fix ieee80211_amsdu_aggregate frag_tail bug
993ea0069 mac80211: limit injected vht mcs/nss in ieee80211_parse_tx_radiotap
eb9603f64 sctp: break out if skb_header_pointer returns NULL in sctp_rcv_ootb
75d7bb9b3 hwmon: (tmp421) fix rounding for negative values
d40f290fa e100: fix length calculation in e100_get_regs_len
347266837 e100: fix buffer overrun in e100_get_regs
86797b650 scsi: csiostor: Add module softdep on cxgb4
ec405b429 af_unix: fix races in sk_peer_pid and sk_peer_cred accesses
7d5d16dc7 ipack: ipoctal: fix stack information leak
58e1cb36e ipack: ipoctal: fix tty registration race
da66f8322 ipack: ipoctal: fix tty-registration error handling
35bcfa1cd ipack: ipoctal: fix missing allocation-failure check
b834e62ea ipack: ipoctal: fix module reference leak
2a5211c9c ext4: fix potential infinite loop in ext4_dx_readdir()
0a6531e3d net: udp: annotate data race around udp_sk(sk)->corkflag
84c579365 EDAC/synopsys: Fix wrong value type assignment for edac_mode
34cde1e46 ARM: 9077/1: PLT: Move struct plt_entries definition to header
58d5a7bde ARM: 9078/1: Add warn suppress parameter to arm_gen_branch_link()
7bfe9f83d ARM: 9079/1: ftrace: Add MODULE_PLTS support
aeeeb3681 ARM: 9098/1: ftrace: MODULE_PLT: Fix build problem without DYNAMIC_FTRACE
6e680e9d7 arm64: Extend workaround for erratum 1024718 to all versions of Cortex-A55
94d2cb57d hso: fix bailout in error case of probe
38127bae9 usb: hso: fix error handling code of hso_create_net_device
463f6e462 usb: hso: remove the bailout parameter
4b8e6a450 crypto: ccp - fix resource leaks in ccp_run_aes_gcm_cmd()
0f6522f43 HID: betop: fix slab-out-of-bounds Write in betop_probe
9c397fe36 netfilter: ipset: Fix oversized kvmalloc() calls
0722ce0ad HID: usbhid: free raw_report buffers in usbhid_stop
45362a4af cred: allow get_cred() and put_cred() to be given NULL.
f6239f3c6 Linux 4.14.249
747e61eb1 net: mdio: introduce a shutdown method to mdio device drivers
441346f18 xen-netback: correct success/error reporting for the SKB-with-fraglist case
8c1d0f206 sparc64: fix pci_iounmap() when CONFIG_PCI is not set
adf2c8e2f ext2: fix sleeping in atomic bugs on error
de72893cd scsi: sd: Free scsi_disk device via put_device()
d0090e14a usb: testusb: Fix for showing the connection speed
b9a67626e usb: dwc2: check return value after calling platform_get_resource()
579892256 scsi: ses: Retry failed Send/Receive Diagnostic commands
3a3b51277 libata: Add ATA_HORKAGE_NO_NCQ_ON_ATI for Samsung 860 and 870 SSD.
1fe59c9bc lib/timerqueue: Rely on rbtree semantics for next timer
091652420 Linux 4.14.250
b64c99b65 Partially revert "usb: Kconfig: using select for USB_COMMON dependency"
cdf9ead57 USB: cdc-acm: fix racy tty buffer accesses
4bfe78911 USB: cdc-acm: fix break reporting
c254a2e99 ovl: fix missing negative dentry check in ovl_rename()
bf4ce23e5 nfsd4: Handle the NFSv4 READDIR 'dircount' hint being zero
e602a86cb xen/balloon: fix cancelled balloon action
646294ba4 ARM: dts: omap3430-sdp: Fix NAND device node
1954729fb ARM: dts: qcom: apq8064: use compatible which contains chipid
5e1ca92c3 bpf: add also cbpf long jump test cases with heavy expansion
ac9285c00 bpf, mips: Validate conditional branch offsets
777324c29 xtensa: call irqchip_init only when CONFIG_USE_OF is selected
a592eb020 bpf: Fix integer overflow in prealloc_elems_and_freelist()
7b1308563 phy: mdio: fix memory leak
55701b0fa net_sched: fix NULL deref in fifo_set_limit()
052778c55 powerpc/fsl/dts: Fix phy-connection-type for fm1mac3
6304f77ec ptp_pch: Load module automatically if ID matches
57d54e1cf ARM: imx6: disable the GIC CPU interface before calling stby-poweroff sequence
3f8f682a8 net: bridge: use nla_total_size_64bit() in br_get_linkxstats_size()
2b57fe020 netlink: annotate data races around nlk->bound
7b8db5d6a drm/nouveau/debugfs: fix file release memory leak
0ab95256a rtnetlink: fix if_nlmsg_stats_size() under estimation
079e23bb0 i40e: fix endless loop under rtnl
234ba2a50 i2c: acpi: fix resource leak in reconfiguration device addition
a97151781 net: phy: bcm7xxx: Fixed indirect MMD operations
09989f2c4 HID: apple: Fix logical maximum and usage maximum of Magic Keyboard JIS
a0d8a7acc netfilter: ip6_tables: zero-initialize fragment offset
5628f2449 mac80211: Drop frames from invalid MAC address in ad-hoc mode
8795d1ea7 m68k: Handle arrivals of multiple signals correctly
a611e1079 net: sun: SUNVNET_COMMON should depend on INET
669ffa4e8 scsi: ses: Fix unsigned comparison with less than zero
1ab6ea23e scsi: virtio_scsi: Fix spelling mistake "Unsupport" -> "Unsupported"
af29e5d2d perf/x86: Reset destroy callback on event init failure
bca728fb3 sched: Always inline is_percpu_thread()
6ac45af45 Linux 4.14.251
30586fa82 stable: clamp SUBLEVEL in 4.14
4f1c378ae ALSA: seq: Fix a potential UAF by wrong private_free call order
5cc0eab73 s390: fix strrchr() implementation
f24711811 btrfs: deal with errors when replaying dir entry during log replay
b6cb09865 btrfs: deal with errors when adding inode reference during log replay
6b55f0b46 btrfs: check for error when looking up inode during dir entry replay
5a8a37c30 xhci: Fix command ring pointer corruption while aborting a command
a6989d055 xhci: Enable trust tx length quirk for Fresco FL11 USB controller
7582804e9 cb710: avoid NULL pointer subtraction
95761c647 efi/cper: use stack buffer for error record decoding
fe8cc249f efi: Change down_interruptible() in virt_efi_reset_system() to down_trylock()
a46e3df98 usb: musb: dsps: Fix the probe error path
0d8bc075f Input: xpad - add support for another USB ID of Nacon GC-100
3b4588f42 USB: serial: qcserial: add EM9191 QDL support
1081fc1d9 USB: serial: option: add Quectel EC200S-CN module support
aa687e86a USB: serial: option: add Telit LE910Cx composition 0x1204
d508b13ad USB: serial: option: add prod. id for Quectel EG91
4be083d2a virtio: write back F_VERSION_1 before validate
111e14a86 nvmem: Fix shift-out-of-bound (UBSAN) with byte size cells
0ebd1e4cb x86/Kconfig: Do not enable AMD_MEM_ENCRYPT_ACTIVE_BY_DEFAULT automatically
cad054614 iio: adc: aspeed: set driver data when adc probe.
03cd1e0a6 iio: adc128s052: Fix the error handling path of 'adc128_probe()'
6ba99567a iio: light: opt3001: Fixed timeout error when 0 lux
353461149 iio: ssp_sensors: add more range checking in ssp_parse_dataframe()
2393d2da3 iio: ssp_sensors: fix error code in ssp_print_mcu_debug()
193ff9738 sctp: account stream padding length for reconf chunk
14b7b68d7 net: arc: select CRC32
efebe4266 net: korina: select CRC32
635ed4c50 net: encx24j600: check error in devm_regmap_init_encx24j600
a026f470c ethernet: s2io: fix setting mac address during resume
5f16c6156 nfc: fix error handling of nfc_proto_register()
8534c9f95 NFC: digital: fix possible memory leak in digital_tg_listen_mdaa()
f61531451 NFC: digital: fix possible memory leak in digital_in_send_sdd_req()
36451421a pata_legacy: fix a couple uninitialized variable bugs
a4c54c122 drm/msm: Fix null pointer dereference on pointer edp
a201f69d0 drm/msm/dsi: fix off by one in dsi_bus_clk_enable error handling
b33671297 acpi/arm64: fix next_platform_timer() section mismatch error
ef84412ad qed: Fix missing error code in qed_slowpath_start()
b572f03ed r8152: select CRC32 and CRYPTO/CRYPTO_HASH/CRYPTO_SHA256
b5777c613 Linux 4.14.252
ebef3b24d btrfs: always wait on ordered extents at fsync time
2027f3854 ARM: dts: at91: sama5d2_som1_ek: disable ISC node by default
3be766d8e xtensa: xtfpga: use CONFIG_USE_OF instead of CONFIG_OF
48f364c7d xtensa: xtfpga: Try software restart before simulating CPU reset
8f37531a3 NFSD: Keep existing listeners on portlist error
c2a9e9aa6 netfilter: ipvs: make global sysctl readonly in non-init netns
880ffe126 NIOS2: irqflags: rename a redefined register name
71f7c156f can: rcar_can: fix suspend/resume
244920a19 can: peak_usb: pcan_usb_fd_decode_status(): fix back to ERROR_ACTIVE state notification
99f6cd693 can: peak_pci: peak_pci_remove(): fix UAF
fa3ac92a0 ocfs2: fix data corruption after conversion from inline format
50e26b3bd ocfs2: mount fails with buffer overflow in strlen
4a38de622 elfcore: correct reference to CONFIG_UML
a7ee489cb vfs: check fd has read access in kernel_read_file_from_fd()
f42d9fb6e ALSA: usb-audio: Provide quirk for Sennheiser GSP670 Headset
8355dd85a ASoC: DAPM: Fix missing kctl change notifications
c34c9590c nfc: nci: fix the UAF of rf_conn_info object
48735479c isdn: cpai: check ctr->cnr to avoid array index out of bound
65f256169 netfilter: Kconfig: use 'default y' instead of 'm' for bool config option
832843e78 btrfs: deal with errors when checking if a dir entry exists during log replay
17fb14b72 net: stmmac: add support for dwmac 3.40a
a8710123c ARM: dts: spear3xx: Fix gmac node
413d5e0da isdn: mISDN: Fix sleeping function called from invalid context
96e3554bf platform/x86: intel_scu_ipc: Update timeout value in comment
73ffbdac3 ALSA: hda: avoid write to STATESTS if controller is in reset
7991f5f21 scsi: core: Fix shost->cmd_per_lun calculation in scsi_add_host_with_dma()
9b742fee7 net: mdiobus: Fix memory leak in __mdiobus_register
f11447eb9 tracing: Have all levels of checks prevent recursion
4eefc4bc5 ARM: 9122/1: select HAVE_FUTEX_CMPXCHG
ab9b50c98 Linux 4.14.253
adaf93a11 ARM: 9133/1: mm: proc-macros: ensure *_tlb_fns are 4B aligned
a603208e9 ARM: 9134/1: remove duplicate memcpy() definition
9deeeb6fa ARM: 9139/1: kprobes: fix arch_init_kprobes() prototype
8e8523635 powerpc/bpf: Fix BPF_MOD when imm == 1
69567caa0 ARM: 8819/1: Remove '-p' from LDFLAGS
a72142f21 usbnet: sanity check for maxpacket
b22286dc4 usbnet: fix error return code in usbnet_probe()
fcea5591c ata: sata_mv: Fix the error handling of mv_chip_id()
0345f9aed nfc: port100: fix using -ERRNO as command type mask
dbfa6aeb4 Revert "net: mdiobus: Fix memory leak in __mdiobus_register"
5cada5349 ipv4: use siphash instead of Jenkins in fnhe_hashfun()
69637b944 mmc: vub300: fix control-message timeouts
ca5dcd4b1 mmc: dw_mmc: exynos: fix the finding clock sample value
1dd61885f mmc: sdhci: Map more voltage level to SDHCI_POWER_330
4064b9cbb mmc: sdhci-esdhc-imx: clear the buffer_read_ready to reset standard tuning circuit
b1a7be30e net: lan78xx: fix division by zero in send path
0ccba6ce7 regmap: Fix possible double-free in regcache_rbtree_exit()
32237c695 net: batman-adv: fix error handling
295086db6 nios2: Make NIOS2_DTB_SOURCE_BOOL depend on !COMPILE_TEST
e44471cd9 net: nxp: lpc_eth.c: avoid hang when bringing interface down
8732222ea sctp: use init_tag from inithdr for ABORT chunk
272570a0c sctp: fix the processing for COOKIE_ECHO chunk
00b744c3f sctp: add vtag check in sctp_sf_violation
b346d03f4 sctp: add vtag check in sctp_sf_do_8_5_1_E_sa
9ecab5a8e sctp: add vtag check in sctp_sf_ootb
2e3de9fb0 Linux 4.14.254
116d9d3f5 scsi: core: Put LLD module refcnt after SCSI device is released
416e87ec0 media: firewire: firedtv-avc: fix a buffer overflow in avc_ca_pmt()
877c45bc3 mm/zsmalloc: Prepare to variable MAX_PHYSMEM_BITS
6cfb640b7 arch: pgtable: define MAX_POSSIBLE_PHYSMEM_BITS where needed
8b3e25b1d ARM: 9120/1: Revert "amba: make use of -1 IRQs warn"
b1f4f2ffd IB/qib: Use struct_size() helper
72fc93c22 IB/qib: Protect from buffer overflow in struct qib_user_sdma_pkt fields
e25e24531 block: introduce multi-page bvec helpers
aa8abc4cc Revert "x86/kvm: fix vcpu-id indexed array sizes"
45cdcfe33 usb: gadget: Mark USB_FSL_QE broken on 64-bit
de2dfd975 usb: musb: Balance list entry in musb_gadget_queue
c7f1e8fa5 usb-storage: Add compatibility quirk flags for iODD 2531/2541
d6cc7a610 printk/console: Allow to disable console output by using console="" or console=null
1ae90d783 isofs: Fix out of bound access for corrupted isofs image
fa7f953d0 comedi: dt9812: fix DMA buffers on stack
5967a31af comedi: ni_usb6501: fix NULL-deref in command paths
02358565b comedi: vmk80xx: fix transfer-buffer overflows
048e7f82c comedi: vmk80xx: fix bulk-buffer overflow
11d8b92ec comedi: vmk80xx: fix bulk and interrupt message timeouts
773659d40 staging: r8712u: fix control-message timeout
bf1495047 staging: rtl8192u: fix control-message timeouts
b47a88cfe rsi: fix control-message timeout
65e4cffa1 Linux 4.14.255
80466513c xhci: Fix USB 3.1 enumeration issues by increasing roothub power-on-good delay
498b470d8 binder: use euid from cred instead of using task
96b2ea534 binder: use cred instead of task for selinux checks
3110ce0ec Input: elantench - fix misreporting trackpoint coordinates
34c2a37d5 Input: i8042 - Add quirk for Fujitsu Lifebook T725
85c4a8ecb libata: fix read log timeout value
d4e6a15fd ocfs2: fix data corruption on truncate
b7b091bdc mmc: dw_mmc: Dont wait for DRTO on Write RSP error
ebc53be3c parisc: Fix ptrace check on syscall return
0bde8f74d tpm: Check for integer overflow in tpm2_map_response_body()
f9d283147 media: ite-cir: IR receiver stop working after receive overflow
13d847086 ALSA: ua101: fix division by zero at probe
6f02a3a5d ALSA: 6fire: fix control and bulk message timeouts
1939d6324 ALSA: line6: fix control and interrupt message timeouts
863f58322 ALSA: synth: missing check for possible NULL after the call to kstrdup
2636428a7 ALSA: timer: Fix use-after-free problem
69785402b ALSA: timer: Unconditionally unlink slave instances, too
8997f00bc x86/irq: Ensure PI wakeup handler is unregistered before module unload
091161baa cavium: Return negative value when pci_alloc_irq_vectors() fails
2e5096170 scsi: qla2xxx: Fix unmap of already freed sgl
118f8aa20 cavium: Fix return values of the probe function
35d203f7d sfc: Don't use netif_info before net_device setup
f4ed44912 hyperv/vmbus: include linux/bitops.h
f86335560 mmc: winbond: don't build on M68K
6ae7e36db bpf: Prevent increasing bpf_jit_limit above max
89e1f7245 xen/netfront: stop tx queues during live migration
2e3b030ec spi: spl022: fix Microwire full duplex mode
14e9c035c watchdog: Fix OMAP watchdog early handling
465cc6dbb vmxnet3: do not stop tx queues after netif_device_detach()
632cd30d9 btrfs: fix lost error handling when replaying directory deletes
9300b9115 hwmon: (pmbus/lm25066) Add offset coefficients
2136da4f8 regulator: s5m8767: do not use reset value as DVS voltage if GPIO DVS is disabled
c63ec3b61 regulator: dt-bindings: samsung,s5m8767: correct s5m8767,pmic-buck-default-dvs-idx property
67581a8a2 EDAC/sb_edac: Fix top-of-high-memory value for Broadwell/Haswell
d64408323 mwifiex: fix division by zero in fw download path
f53db885b ath6kl: fix division by zero in send path
8617ce713 ath6kl: fix control-message timeout
9650fa2d2 ath10k: fix control-message timeout
b1a82c4fb ath10k: fix division by zero in send path
1c5ddbe38 PCI: Mark Atheros QCA6174 to avoid bus reset
aa4e5e210 rtl8187: fix control-message timeouts
bd449fa92 evm: mark evm_fixmode as __ro_after_init
484ebb169 wcn36xx: Fix HT40 capability for 2Ghz band
0a52c6931 mwifiex: Read a PCI register after writing the TX ring write pointer
f25b8d4c6 libata: fix checking of DMA state
bba4cc6e1 wcn36xx: handle connection loss indication
0e424bfed RDMA/qedr: Fix NULL deref for query_qp on the GSI QP
811c8620c signal: Remove the bogus sigkill_pending in ptrace_stop
16f9bc177 signal/mips: Update (_save|_restore)_fp_context to fail with -EFAULT
27713899f power: supply: max17042_battery: Prevent int underflow in set_soc_threshold
90b7e7c29 power: supply: max17042_battery: use VFSOC for capacity when no rsns
20b2ce429 powerpc/85xx: Fix oops when mpc85xx_smp_guts_ids node cannot be found
8ba9d6033 serial: core: Fix initializing and restoring termios speed
39594fc52 ALSA: mixer: oss: Fix racy access to slots
d10679534 ALSA: mixer: fix deadlock in snd_mixer_oss_set_volume
256514587 xen/balloon: add late_initcall_sync() for initial ballooning done
1e7a89bc5 PCI: aardvark: Do not clear status bits of masked interrupts
f01171091 PCI: aardvark: Do not unmask unused interrupts
ca490a858 PCI: aardvark: Fix return value of MSI domain .alloc() method
45b2d0734 PCI: aardvark: Read all 16-bits from PCIE_MSI_PAYLOAD_REG
282da3c71 quota: check block number when reading the block in quota file
e68afe76e quota: correct error number in free_dqentry()
788d36d01 pinctrl: core: fix possible memory leak in pinctrl_enable()
823e7d338 iio: dac: ad5446: Fix ad5622_write() return value
e6f7ac989 USB: serial: keyspan: fix memleak on probe errors
4d52e4cc5 USB: iowarrior: fix control-message timeouts
35cc781c7 Bluetooth: sco: Fix lock_sock() blockage by memcpy_from_msg()
2c3b2a447 Bluetooth: fix use-after-free error in lock_sock_nested()
1679fd88e platform/x86: wmi: do not fail if disabling fails
e873a2adc MIPS: lantiq: dma: add small delay after reset
ae5300bec MIPS: lantiq: dma: reset correct number of channel
4fd656cf1 locking/lockdep: Avoid RCU-induced noinstr fail
379c86c71 smackfs: Fix use-after-free in netlbl_catmap_walk()
5b4fb1bc6 x86: Increase exception stack sizes
9db4a11e5 mwifiex: Run SET_BSS_MODE when changing from P2P to STATION vif-type
2cbebcebe mwifiex: Properly initialize private structure on interface type changes
5ed262e2d media: mt9p031: Fix corrupted frame after restarting stream
8b68887b2 media: netup_unidvb: handle interrupt properly according to the firmware
1baaaedbd media: uvcvideo: Set capability in s_param
be65e0820 media: s5p-mfc: fix possible null-pointer dereference in s5p_mfc_probe()
8b669b206 media: s5p-mfc: Add checking to s5p_mfc_probe().
7de2c6caf media: mceusb: return without resubmitting URB in case of -EPROTO error.
5637f7386 ia64: don't do IA64_CMPXCHG_DEBUG without CONFIG_PRINTK
508accef5 ACPICA: Avoid evaluating methods too early during system resume
e7d899359 media: usb: dvd-usb: fix uninit-value bug in dibusb_read_eeprom_byte()
d0305c8cf tracefs: Have tracefs directories not set OTH permission bits by default
e2c5c5eb3 ath: dfs_pattern_detector: Fix possible null-pointer dereference in channel_detector_create()
b5b399e7f ACPI: battery: Accept charges over the design capacity as full
a6d6e4a49 leaking_addresses: Always print a trailing newline
effdfcae8 memstick: r592: Fix a UAF bug when removing the driver
9a9ddbfb6 lib/xz: Avoid overlapping memcpy() with invalid input with in-place decompression
24b434e50 lib/xz: Validate the value before assigning it to an enum variable
5d1a5024b tracing/cfi: Fix cmp_entries_* functions signature mismatch
9bf2c3717 mwl8k: Fix use-after-free in mwl8k_fw_state_machine()
f1c64fde8 PM: hibernate: Get block device exclusively in swsusp_check()
7736137e1 iwlwifi: mvm: disable RX-diversity in powersave
28c11fdfe smackfs: use __GFP_NOFAIL for smk_cipso_doi()
696de9f36 ARM: clang: Do not rely on lr register for stacktrace
6d615c664 gre/sit: Don't generate link-local addr if addr_gen_mode is IN6_ADDR_GEN_MODE_NONE
067a308ae ARM: 9136/1: ARMv7-M uses BE-8, not BE-32
7381e9d5f spi: bcm-qspi: Fix missing clk_disable_unprepare() on error in bcm_qspi_probe()
c8555d93b parisc: fix warning in flush_tlb_all
3aef95eb5 task_stack: Fix end_of_stack() for architectures with upwards-growing stack
85f2f2ed6 parisc/kgdb: add kgdb_roundup() to make kgdb work with idle polling
e26eccafa cgroup: Make rebind_subsystems() disable v2 controllers all at once
20b9d7f97 media: dvb-usb: fix ununit-value in az6027_rc_query
75924aafa media: mtk-vpu: Fix a resource leak in the error handling path of 'mtk_vpu_probe()'
cc08483c9 media: si470x: Avoid card name truncation
bb05bf4d1 media: cx23885: Fix snd_card_free call on null card pointer
4365a66e8 cpuidle: Fix kobject memory leaks in error paths
c756d23c3 ath9k: Fix potential interrupt storm on queue reset
711fed73b crypto: qat - detect PFVF collision after ACK
020aa1e3e crypto: qat - disregard spurious PFVF interrupts
2fabb4c17 hwrng: mtk - Force runtime pm ops for sleep ops
c0f9e46a0 b43legacy: fix a lower bounds test
0934113b1 b43: fix a lower bounds test
70fa75443 memstick: avoid out-of-range warning
859921d5d memstick: jmb38x_ms: use appropriate free function in jmb38x_ms_alloc_host()
450beedc5 hwmon: Fix possible memleak in __hwmon_device_register()
eb831a9cf ath10k: fix max antenna gain unit
b41d44a8c drm/msm: uninitialized variable in msm_gem_import()
1ff4b7b48 net: stream: don't purge sk_error_queue in sk_stream_kill_queues()
ad8c1389b mmc: mxs-mmc: disable regulator on error and in the remove function
6c0ef41b8 platform/x86: thinkpad_acpi: Fix bitwise vs. logical warning
cb6fd2d03 mwifiex: Send DELBA requests according to spec
9c895924e phy: micrel: ksz8041nl: do not use power down mode
90a491a05 PM: hibernate: fix sparse warnings
1ba5d4402 smackfs: use netlbl_cfg_cipsov4_del() for deleting cipso_v4_doi
bf12ea543 s390/gmap: don't unconditionally call pte_unmap_unlock() in __gmap_zap()
1b9589e8f irq: mips: avoid nested irq_enter()
c6f34d5da samples/kretprobes: Fix return value if register_kretprobe() failed
726563bc3 libertas_tf: Fix possible memory leak in probe and disconnect
49852718a libertas: Fix possible memory leak in probe and disconnect
9be20a5f9 net: amd-xgbe: Toggle PLL settings during rate change
a9298c666 net: phylink: avoid mvneta warning when setting pause parameters
35b4e6b52 crypto: pcrypt - Delay write to padata->info
ca18e9fa6 ibmvnic: Process crqs after enabling interrupts
66d6dae62 RDMA/rxe: Fix wrong port_cap_flags
88b9584f7 ARM: s3c: irq-s3c24xx: Fix return value check for s3c24xx_init_intc()
fe25ff8e4 ARM: dts: at91: tse850: the emac<->phy interface is rmii
60013a946 scsi: dc395: Fix error case unwinding
1b6595e0a MIPS: loongson64: make CPU_LOONGSON64 depends on MIPS_FP_SUPPORT
557c547f9 JFS: fix memleak in jfs_mount
7a51953e4 ALSA: hda: Reduce udelay() at SKL+ position reporting
282a218ad arm: dts: omap3-gta04a4: accelerometer irq fix
0760d948f soc/tegra: Fix an error handling path in tegra_powergate_power_up()
20f73fd15 memory: fsl_ifc: fix leak of irq and nand_irq in fsl_ifc_ctrl_probe
177fe2413 video: fbdev: chipsfb: use memset_io() instead of memset()
c7f8e9206 serial: 8250_dw: Drop wrong use of ACPI_PTR()
b9d3b33a3 usb: gadget: hid: fix error code in do_config()
ecdf51fed power: supply: rt5033_battery: Change voltage values to µV
6c1facb9e scsi: csiostor: Uninitialized data in csio_ln_vnp_read_cbfn()
083702537 RDMA/mlx4: Return missed an error if device doesn't support steering
f4fab5a06 ASoC: cs42l42: Correct some register default values
8d85221d5 ASoC: cs42l42: Defer probe if request_threaded_irq() returns EPROBE_DEFER
e7db86eb1 serial: xilinx_uartps: Fix race condition causing stuck TX
50c9c9508 mips: cm: Convert to bitfield API to fix out-of-bounds access
6046a55e8 power: supply: bq27xxx: Fix kernel crash on IRQ handler register error
abe27bbef apparmor: fix error check
7cda564d5 rpmsg: Fix rpmsg_create_ept return when RPMSG config is not defined
599f7dc1d pnfs/flexfiles: Fix misplaced barrier in nfs4_ff_layout_prepare_ds
217fc1fa3 drm/plane-helper: fix uninitialized variable reference
30fded293 PCI: aardvark: Don't spam about PIO Response Status
0c73d1525 NFS: Fix deadlocks in nfs_scan_commit_list()
7d79f9281 fs: orangefs: fix error return code of orangefs_revalidate_lookup()
8a282c8c3 mtd: spi-nor: hisi-sfc: Remove excessive clk_disable_unprepare()
33e10b53c dmaengine: at_xdmac: fix AT_XDMAC_CC_PERID() macro
04e6f1d80 auxdisplay: img-ascii-lcd: Fix lock-up when displaying empty string
268288155 auxdisplay: ht16k33: Connect backlight to fbdev
d31f254ed auxdisplay: ht16k33: Fix frame buffer device blanking
bce38b882 netfilter: nfnetlink_queue: fix OOB when mac header was cleared
b1cb26f94 dmaengine: dmaengine_desc_callback_valid(): Check for `callback_result`
7fbcda73e m68k: set a default value for MEMORY_RESERVE
39d9804c9 watchdog: f71808e_wdt: fix inaccurate report in WDIOC_GETTIMEOUT
c22b16a1b ar7: fix kernel builds for compiler test
c47e6edfe scsi: qla2xxx: Turn off target reset during issue_lip
75448e1be i2c: xlr: Fix a resource leak in the error handling path of 'xlr_i2c_probe()'
48ac89a24 xen-pciback: Fix return in pm_ctrl_init()
774deba0c net: davinci_emac: Fix interrupt pacing disable
8bcc496c3 ACPI: PMIC: Fix intel_pmic_regs_handler() read accesses
fb3decd02 bonding: Fix a use-after-free problem when bond_sysfs_slave_add() failed
00fc8049d mm/zsmalloc.c: close race window between zs_pool_dec_isolated() and zs_unregister_migration()
f3736ba87 llc: fix out-of-bound array index in llc_sk_dev_hash()
988ac5af8 nfc: pn533: Fix double free when pn533_fill_fragment_skbs() fails
8955d7aa6 vsock: prevent unnecessary refcnt inc for nonblocking connect
7a8dacaf1 USB: chipidea: fix interrupt deadlock
9f4a789f9 ARM: 9155/1: fix early early_iounmap()
4818c1fc1 ARM: 9156/1: drop cc-option fallbacks for architecture selection
3fd9f31db powerpc/lib: Add helper to check if offset is within conditional branch range
4550b9c0e powerpc/bpf: Validate branch ranges
a3cc0a5c9 powerpc/bpf: Fix BPF_SUB when imm == 0x80000000
6a22634e2 mm, oom: pagefault_out_of_memory: don't force global OOM for dying tasks
89b31c7a4 mm, oom: do not trigger out_of_memory from the #PF
74e30558c s390/cio: check the subchannel validity for dev_busid
2c85d6e1b PCI: Add PCI_EXP_DEVCTL_PAYLOAD_* macros
3f5da3250 ext4: fix lazy initialization next schedule time computation in more granular unit
10a2ef3ae tracing: Resize tgid_map to pid_max, not PID_MAX_DEFAULT
45ae00b62 parisc/entry: fix trace test in syscall exit path
8f573415d PCI/MSI: Destroy sysfs before freeing entries
bd6d01681 arm64: zynqmp: Fix serial compatible string
792098301 scsi: lpfc: Fix list_add() corruption in lpfc_drain_txq()
3af0845ec usb: musb: tusb6010: check return value after calling platform_get_resource()
f049d8f54 scsi: advansys: Fix kernel pointer leak
9ee6b9911 ARM: dts: omap: fix gpmc,mux-add-data type
162776609 usb: host: ohci-tmio: check return value after calling platform_get_resource()
3a6b91b07 tty: tty_buffer: Fix the softlockup issue in flush_to_ldisc
c0d8ecb11 MIPS: sni: Fix the build
5b427454d scsi: target: Fix ordered tag handling
214d55e77 scsi: target: Fix alua_tg_pt_gps_count tracking
d7660b9de powerpc/5200: dts: fix memory node unit name
74bb5f205 ALSA: gus: fix null pointer dereference on pointer block
0dc4e0280 powerpc/dcr: Use cmplwi instead of 3-argument cmpli
980de58f0 sh: check return code of request_irq
1ccfa0dcb maple: fix wrong return value of maple_bus_init().
a098a082e sh: fix kconfig unmet dependency warning for FRAME_POINTER
0115c4e99 sh: define __BIG_ENDIAN for math-emu
cf77b6210 mips: BCM63XX: ensure that CPU_SUPPORTS_32BIT_KERNEL is set
b3b0b01c2 sched/core: Mitigate race cpus_share_cache()/update_top_cache_domain()
01c63c3dd net: bnx2x: fix variable dereferenced before check
bc17fdb96 iavf: Fix for the false positive ASQ/ARQ errors while issuing VF reset
ee127f28e MIPS: generic/yamon-dt: fix uninitialized variable error
4a1378d50 mips: bcm63xx: add support for clk_get_parent()
e61604e4d mips: lantiq: add support for clk_get_parent()
df8683e01 platform/x86: hp_accel: Fix an error handling path in 'lis3lv02d_probe()'
b173325e9 net: virtio_net_hdr_to_skb: count transport header in UFO
2d1cc298f i40e: Fix NULL ptr dereference on VSI filter sync
7615ff9d2 NFC: reorganize the functions in nci_request
8ed9b720d NFC: reorder the logic in nfc_{un,}register_device
84b5f73ed perf/x86/intel/uncore: Fix filter_tid mask for CHA events on Skylake Server
95b674a9e perf/x86/intel/uncore: Fix IIO event constraints for Skylake Server
fdad859c2 tun: fix bonding active backup with arp monitoring
c9ab57f56 hexagon: export raw I/O routines for modules
5517086e8 mm: kmemleak: slob: respect SLAB_NOLEAKTRACE flag
5446f0bd1 btrfs: fix memory ordering between normal and ordered work functions
5fa81f802 parisc/sticon: fix reverse colors
357841279 cfg80211: call cfg80211_stop_ap when switch from P2P_GO type
241c34e30 drm/udl: fix control-message timeout
7f36255a0 drm/amdgpu: fix set scaling mode Full/Full aspect/Center not works on vga and dvi connectors
8d6ed7de8 perf/core: Avoid put_page() when GUP fails
7212e9518 batman-adv: mcast: fix duplicate mcast packets in BLA backbone from LAN
0e5dd81a7 batman-adv: mcast: fix duplicate mcast packets from BLA backbone to mesh
f1b4705f1 batman-adv: Consider fragmentation for needed_headroom
e4cfcce4e batman-adv: Reserve needed_*room for fragments
e94f8d3d2 batman-adv: Don't always reallocate the fragmentation skb head
15d564091 RDMA/netlink: Add __maybe_unused to static inline in C file
65218cf5b ASoC: DAPM: Cover regression by kctl change notification fix
f8d290bca usb: max-3421: Use driver data instead of maintaining a list of bound devices
855d0d909 soc/tegra: pmc: Fix imbalanced clock disabling in error code path
4127027f8 Linux 4.14.256
b843f9998 USB: serial: option: add Telit LE910S1 0x9200 composition
0ce3bef39 USB: serial: option: add Fibocom FM101-GL variants
15bbf17d3 usb: hub: Fix usb enumeration issue due to address0 race
c5d24a016 usb: hub: Fix locking issues with address0_mutex
720760b5a binder: fix test regression due to sender_euid change
f35d450fb ALSA: ctxfi: Fix out-of-range access
c22c3a1ff media: cec: copy sequence field for the reply
a5d0b7a55 HID: wacom: Use "Confidence" flag to prevent reporting invalid contacts
3eca4aed8 staging: rtl8192e: Fix use after free in _rtl92e_pci_disconnect()
34190c4d7 fuse: fix page stealing
56e95dd0a xen: don't continue xenstore initialization in case of errors
72f682bb8 xen: detect uninitialized xenbus in xenbus_init
204756b35 tracing: Fix pid filtering when triggers are attached
cc28bdc16 netfilter: ipvs: Fix reuse connection if RS weight is 0
f685b1f6d ARM: dts: BCM5301X: Fix I2C controller interrupt
b997654c5 ARM: dts: BCM5301X: Add interrupt properties to GPIO node
c4d741d0a ASoC: topology: Add missing rwsem around snd_ctl_remove() calls
5d800d908 net: ieee802154: handle iftypes as u32
b6340f7df NFSv42: Don't fail clone() unless the OP_CLONE operation failed
732a1ca31 ARM: socfpga: Fix crash with CONFIG_FORTIRY_SOURCE
1e2425710 scsi: mpt3sas: Fix kernel panic during drive powercycle test
eefd39366 drm/vc4: fix error code in vc4_create_object()
66ede92af ipv6: fix typos in __ip6_finish_output()
d058991f0 net/smc: Ensure the active closing peer first closes clcsock
6e0b8cd2a PM: hibernate: use correct mode for swsusp_close()
0a302f627 tcp_cubic: fix spurious Hystart ACK train detections for not-cwnd-limited flows
9c6bda21c MIPS: use 3-level pgtable for 64KB page size on MIPS_VA_BITS_48
d7c75c1bb net/smc: Don't call clcsock shutdown twice when smc shutdown
e005d7e66 vhost/vsock: fix incorrect used length reported to the guest
59a591b4c tracing: Check pid filtering when creating events
14bb73e46 s390/mm: validate VMA in PGSTE manipulation functions
a6c8b46e9 PCI: aardvark: Fix I/O space page leak
a23ade34c PCI: aardvark: Fix a leaked reference by adding missing of_node_put()
3d709f8cd PCI: aardvark: Wait for endpoint to be ready before training link
fe29a4c23 PCI: aardvark: Train link immediately after enabling training
4007ba7c3 PCI: aardvark: Improve link training
32ac17da8 PCI: aardvark: Issue PERST via GPIO
1148805ba PCI: aardvark: Replace custom macros by standard linux/pci_regs.h macros
485c04cd5 PCI: aardvark: Indicate error in 'val' when config read fails
16142dc85 PCI: aardvark: Introduce an advk_pcie_valid_device() helper
8c0ea77d1 PCI: aardvark: Don't touch PCIe registers if no card connected
4c1986262 PCI: aardvark: Fix compilation on s390
84ce24ebb PCI: aardvark: Move PCIe reset card code to advk_pcie_train_link()
62c5c2f75 PCI: aardvark: Update comment about disabling link training
87245e7ca PCI: aardvark: Remove PCIe outbound window configuration
a094b4ebf PCI: aardvark: Configure PCIe resources from 'ranges' DT property
d0c53be6d PCI: aardvark: Fix PCIe Max Payload Size setting
a736dec45 PCI: Add PCI_EXP_LNKCTL2_TLS* macros
e8e1dcd69 PCI: aardvark: Fix link training
4a54f873a PCI: aardvark: Fix checking for link up via LTSSM state
342b6d886 pinctrl: armada-37xx: Correct mpp definitions
791dd8c07 pinctrl: armada-37xx: add missing pin: PCIe1 Wakeup
3a55e7936 pinctrl: armada-37xx: Correct PWM pins definitions
5ed9db84c arm64: dts: marvell: armada-37xx: declare PCIe reset pin
03fda04e6 arm64: dts: marvell: armada-37xx: Set pcie_reset_pin to gpio function
ea3e09480 hugetlbfs: flush TLBs correctly after huge_pmd_unshare
0e817fa23 proc/vmcore: fix clearing user buffer by properly using clear_user()
8aac72816 NFC: add NCI_UNREG flag to eliminate the race
65030e9ff fuse: release pipe buf after last use
3d7f1e73a xen: sync include/xen/interface/io/ring.h with Xen's newest version
27876e88a xen/blkfront: read response from backend only once
eb8bcdc71 xen/blkfront: don't take local copy of a request from the ring page
458fbd459 xen/blkfront: don't trust the backend response data blindly
2d6de97b5 xen/netfront: read response from backend only once
a7bb9c7c0 xen/netfront: don't read data from request on the ring page
f1044b388 xen/netfront: disentangle tx_skb_freelist
aa82e6ac7 xen/netfront: don't trust the backend response data blindly
67e7586e3 tty: hvc: replace BUG_ON() with negative return value
1fcc2cb05 shm: extend forced shm destroy to support objects from several IPC nses
2528b2c4c ipc: WARN if trying to remove ipc object which is absent
c57e6ddb9 NFSv42: Fix pagecache invalidation after COPY/CLONE
fc06b6f8c hugetlb: take PMD sharing into account when flushing tlb/caches
6a8d0f4e4 net: return correct error code
247351229 platform/x86: thinkpad_acpi: Fix WWAN device disabled issue after S3 deep
cdf8dedb6 s390/setup: avoid using memblock_enforce_memory_limit
cd8f25119 btrfs: check-integrity: fix a warning on write caching disabled disk
9c4ca851a thermal: core: Reset previous low and high trip during thermal zone init
d729849c6 scsi: iscsi: Unblock session then wake up error handler
a8bd12121 ethernet: hisilicon: hns: hns_dsaf_misc: fix a possible array overflow in hns_dsaf_ge_srst_by_port()
ddf4f8dc3 net: tulip: de4x5: fix the problem that the array 'lp->phy[8]' may be out of bound
b3d8acc6a net: ethernet: dec: tulip: de4x5: fix possible array overflows in type3_infoblock()
d3b4fd221 perf hist: Fix memory leak of a perf_hpp_fmt
5a91a423f vrf: Reset IPCB/IP6CB when processing outbound pkts in vrf dev xmit
3eb4f3495 kprobes: Limit max data_size of the kretprobe instances
a1439198c sata_fsl: fix UAF in sata_fsl_port_stop when rmmod sata_fsl
b4a735b85 sata_fsl: fix warning in remove_proc_entry when rmmod sata_fsl
7636b40d6 fs: add fget_many() and fput_many()
8819a4ea0 fget: check that the fd still exists after getting a ref to it
561589fef natsemi: xtensa: fix section mismatch warnings
a0e0a830a net: qlogic: qlcnic: Fix a NULL pointer dereference in qlcnic_83xx_add_rings()
cce934cf8 net: mpls: Fix notifications when deleting a device
a2b8d1b93 siphash: use _unaligned version by default
71c1add9c net/mlx4_en: Fix an use-after-free bug in mlx4_en_try_alloc_resources()
4c868abc3 net: usb: lan78xx: lan78xx_phy_init(): use PHY_POLL instead of "0" if no IRQ is available
7f8a13622 net/rds: correct socket tunable error in rds_tcp_tune()
96d222dab net/smc: Keep smc_close_final rc during active close
53a33d5a9 parisc: Fix KBUILD_IMAGE for self-extracting kernel
4070e700a parisc: Fix "make install" on newer debian releases
cf3dd31ec vgacon: Propagate console boot parameters before calling `vc_resize'
0b7f1175a xhci: Fix commad ring abort, write all 64 bits to CRCR register.
fc89ed258 usb: typec: tcpm: Wait in SNK_DEBOUNCED until disconnect
c49f13757 x86/64/mm: Map all kernel memory into trampoline_pgd
007a69d1c tty: serial: msm_serial: Deactivate RX DMA for polling support
5f648b2ca serial: pl011: Add ACPI SBSA UART match id
9ca7a448d serial: core: fix transmit-buffer reset and memleak
8de255e3a parisc: Mark cr16 CPU clocksource unstable on all SMP machines
46c782f57 Linux 4.14.257
18d063f6b HID: add hid_is_usb() function to make it simpler for USB detection
4254b66d3 HID: add USB_HID dependancy to hid-prodikeys
f455b70f2 HID: add USB_HID dependancy to hid-chicony
b0d10faff HID: add USB_HID dependancy on some USB HID drivers
76806502a HID: wacom: fix problems when device is not a valid USB device
69b62dbe7 HID: check for valid USB device for many HID drivers
6fcae8156 can: sja1000: fix use after free in ems_pcmcia_add_card()
b11026c2b nfc: fix potential NULL pointer deref in nfc_genl_dump_ses_done
242a29199 bpf: Fix the off-by-two error in range markings
b7c191903 nfp: Fix memory leak in nfp_cpp_area_cache_add()
7a4430098 seg6: fix the iif in the IPv6 socket control block
d15142fd5 IB/hfi1: Correct guard on eager buffer deallocation
1ea7a2108 mm: bdi: initialize bdi_min_ratio when bdi is unregistered
a5ba79c0c ALSA: ctl: Fix copy of updated id with element read/write
b070f6a9c ALSA: pcm: oss: Fix negative period/buffer sizes
73db27cb4 ALSA: pcm: oss: Limit the period size to 16MB
570cbda1e ALSA: pcm: oss: Handle missing errors in snd_pcm_oss_change_params*()
02539c354 tracefs: Have new files inherit the ownership of their parent
4ad5f54f8 can: pch_can: pch_can_rx_normal: fix use after free
28117268e can: m_can: Disable and ignore ELO interrupt
341cd2fca libata: add horkage for ASMedia 1092
e07eabb42 wait: add wake_up_pollfree()
1ee9a1289 binder: use wake_up_pollfree()
bc0e3fc7b signalfd: use wake_up_pollfree()
ae3851f30 tracefs: Set all files to the same group ownership as the mount option
5c7b05824 block: fix ioprio_get(IOPRIO_WHO_PGRP) vs setuid(2)
edb1e8484 qede: validate non LSO skb length
fa12d9368 net: cdc_ncm: Allow for dwNtbOutMaxSize to be unset or zero
4e9520f20 net: altera: set a couple error code in probe()
c3f307bd8 net: fec: only clear interrupt of handling queue in fec_enet_rx_queue()
fb9b41c0c net, neigh: clear whole pneigh_entry at alloc time
2fdc4acb9 net/qla3xxx: fix an error code in ql_adapter_up()
69c36a68d USB: gadget: detect too-big endpoint 0 requests
e2afe335d USB: gadget: zero allocate endpoint 0 buffers
482d48493 usb: core: config: fix validation of wMaxPacketValue entries
f1b3eb4cb xhci: Remove CONFIG_USB_DEFAULT_PERSIST to prevent xHCI from runtime suspending
755dbb4d0 usb: core: config: using bit mask instead of individual bits
5f9fac58a iio: trigger: Fix reference counting
d079d3385 iio: trigger: stm32-timer: fix MODULE_ALIAS
c76a1a102 iio: stk3310: Don't return error code in interrupt handler
dfce20f63 iio: mma8452: Fix trigger reference couting
5bdb3bbbd iio: ltr501: Don't return error code in trigger handler
11b44d48c iio: kxsd9: Don't return error code in trigger handler
5bd9cf0f4 iio: itg3200: Call iio_trigger_notify_done() on error
fd8749828 iio: dln2-adc: Fix lockdep complaint
553bfd1c7 iio: dln2: Check return value of devm_iio_trigger_register()
07dc735a1 iio: adc: axp20x_adc: fix charging current reporting on AXP22x
f0ee33485 iio: accel: kxcjk-1013: Fix possible memory leak in probe and remove
ca68535ce irqchip/armada-370-xp: Fix return value of armada_370_xp_msi_alloc()
d2e7d26e1 irqchip/armada-370-xp: Fix support for Multi-MSI interrupts
9afa27f75 irqchip/irq-gic-v3-its.c: Force synchronisation when issuing INVALL
36bffc69b irqchip: nvic: Fix offset for Interrupt Priority Offsets
a1bad6aea Linux 4.14.258
da94ff7c7 nfc: fix segfault in nfc_genl_dump_devices_done
5bdf99a11 drm/msm/dsi: set default num_data_lanes
30cece830 net/mlx4_en: Update reported link modes for 1/10G
fc700784a parisc/agp: Annotate parisc agp init functions with __init
40f850a67 i2c: rk3x: Handle a spurious start completion interrupt flag
633551885 net: netlink: af_netlink: Prevent empty skb by adding a check on len.
a1b3742cd tracing: Fix a kmemleak false positive in tracing_map
e2f1857fe bpf: fix panic due to oob in bpf_prog_test_run_skb
b8bb97529 hwmon: (dell-smm) Fix warning on /proc/i8k creation error
df05560db mac80211: send ADDBA requests using the tid/queue of the aggregation session
f9aa036b0 recordmcount.pl: look for jgnop instruction as well as bcrl on s390
862be8869 dm btree remove: fix use after free in rebalance_children()
ef719c451 audit: improve robustness of the audit queue handling
faa8711cb nfsd: fix use-after-free due to delegation race
a91b00b63 x86: Make ARCH_USE_MEMREMAP_PROT a generic Kconfig symbol
3fcb1b835 x86/sme: Explicitly map new EFI memmap table as encrypted
9ccd48c18 ARM: socfpga: dts: fix qspi node compatible
9e93d8fdc dmaengine: st_fdma: fix MODULE_ALIAS
3e08a60ae soc/tegra: fuse: Fix bitwise vs. logical OR warning
71e8ce863 igbvf: fix double free in `igbvf_probe`
1d7677705 ixgbe: set X550 MDIO speed before talking to PHY
55526d187 net/packet: rx_owner_map depends on pg_vec
924793e55 sit: do not call ipip6_dev_free() from sit_init_net()
a01158fb6 USB: gadget: bRequestType is a bitfield, not a enum
ee47aa2e7 PCI/MSI: Clear PCI_MSIX_FLAGS_MASKALL on error
b402f449c PCI/MSI: Mask MSI-X vectors only on success
71c13fbe4 USB: serial: option: add Telit FN990 compositions
f8e55d876 timekeeping: Really make sure wall_to_monotonic isn't positive
1d215a037 libata: if T_LENGTH is zero, dma direction should be DMA_NONE
f01959eae net: systemport: Add global locking for descriptor lifecycle
35a00f1ed firmware: arm_scpi: Fix string overflow in SCPI genpd driver
2987443b7 ARM: dts: imx6ull-pinfunc: Fix CSI_DATA07__ESAI_TX0 pad name
3987c8ca1 fuse: annotate lock in fuse_reverse_inval_entry()
cb453f845 scsi: scsi_debug: Sanity check block descriptor length in resp_mode_select()
222deb933 net: lan78xx: Avoid unnecessary self assignment
18816e97e ARM: 8805/2: remove unneeded naked function usage
34cf04e6a mwifiex: Remove unnecessary braces from HostCmd_SET_SEQ_NO_BSS_INFO
74d6230ed ARM: 8800/1: use choice for kernel unwinders
df6c2f80d Input: touchscreen - avoid bitwise vs logical OR warning
c05cb3cb4 xen/blkfront: harden blkfront against event channel storms
503567b59 xen/netfront: harden netfront against event channel storms
4a0b0f849 xen/console: harden hvc_xen against event channel storms
398e32e8f xen/netback: fix rx queue stall detection
f2f8df919 xen/netback: don't queue unlimited number of packages
9cc8fd40e Linux 4.14.259
e07d4e857 net: usb: lan78xx: add Allied Telesis AT29M2-AF
0558cdf72 can: kvaser_usb: get CAN clock frequency from device
d30409d84 HID: holtek: fix mouse probing
fa14e3e4b spi: change clk_disable_unprepare to clk_unprepare
f96c3138e IB/qib: Fix memory leak in qib_user_sdma_queue_pkts()
3c2c2953e netfilter: fix regression in looped (broad|multi)cast's MAC handling
d7758e44a qlcnic: potential dereference null pointer of rx_queue->page_ring
af20b8a55 net: accept UFOv6 packages in virtio_net_hdr_to_skb
18b88ebd3 net: skip virtio_net_hdr_set_proto if protocol already set
2e9f92fbd bonding: fix ad_actor_system option setting to default
d00e0d86c fjes: Check for error irq
6db1b8f9f drivers: net: smc911x: Check for error irq
523c73972 sfc: falcon: Check null pointer of rx_queue->page_ring
1fe0e0ae8 hwmon: (lm90) Fix usage of CONFIG2 register in detect function
ab1a900e7 ALSA: jack: Check the return value of kstrdup()
8457cabe0 ALSA: drivers: opl3: Fix incorrect use of vp->state
6490a5407 Input: atmel_mxt_ts - fix double free in mxt_read_info_block
55adfc35b x86/pkey: Fix undefined behaviour with PKRU_WD_BIT
b1a54cc7e pinctrl: stm32: consider the GPIO offset to expose all the GPIO lines
7d2887504 ARM: 9169/1: entry: fix Thumb2 bug in iWMMXt exception handling
8f7e10bd5 f2fs: fix to do sanity check on last xattr entry in __f2fs_setxattr()
e70e3b857 usb: gadget: u_ether: fix race in setting MAC address in setup phase
c813bc297 KVM: VMX: Fix stale docs for kvm-intel.emulate_invalid_guest_state
f126c1b21 hwmon: (lm90) Do not report 'busy' status bit as alarm
41b6e3d34 ax25: NPD bug when detaching AX25 device
f07501141 hamradio: defer ax25 kfree after unregister_netdev
5c576180e hamradio: improve the incomplete fix to avoid NPD
34589eef6 phonet/pep: refuse to enable an unbound pipe
8417f21b2 Linux 4.14.260
5a03c4f74 HID: asus: Add depends on USB_HID to HID_ASUS Kconfig option
217951a9b tee: handle lookup of shm with reference count 0
64e00d265 platform/x86: apple-gmux: use resource_size() with res
225ec89c5 recordmcount.pl: fix typo in s390 mcount regex
cf96dc2d2 selinux: initialize proto variable in selinux_ip_postroute_compat()
a203a7ea0 scsi: lpfc: Terminate string in lpfc_debugfs_nvmeio_trc_write()
c3059b93c net: usb: pegasus: Do not drop long Ethernet frames
60335fa4b NFC: st21nfca: Fix memory leak in device probe and remove
1f6af81fe fsl/fman: Fix missing put_device() call in fman_port_probe
20b879e77 nfc: uapi: use kernel size_t to fix user-space builds
18066efa5 uapi: fix linux/nfc.h userspace compilation errors
f4ab4cb8d xhci: Fresco FL1100 controller should not have BROKEN_MSI quirk set.
475954ac6 usb: gadget: f_fs: Clear ffs_eventfd in ffs_data_clear.
b137b1f71 binder: fix async_free_space accounting for empty parcels
ad3084b61 scsi: vmw_pvscsi: Set residual data length conditionally
afd73d308 Input: appletouch - initialize work before device registration
625a7a7af Input: spaceball - fix parsing of movement data packets
bed7905e0 net: fix use-after-free in tw_timer_handler
22c301dfa sctp: use call_rcu to free endpoint
9e0d445e3 Linux 4.14.261
54a798def Bluetooth: btusb: Apply QCA Rome patches for some ATH3012 models
a7b61746b tracing: Fix check for trace_percpu_buffer validity in get_trace_buf()
0cd844333 tracing: Tag trace_percpu_buffer as a percpu pointer
55224f620 virtio_pci: Support surprise removal of virtio pci device
3482552c0 ieee802154: atusb: fix uninit value in atusb_set_extended_addr
f30771156 RDMA/core: Don't infoleak GRH fields
b7b98c2d2 mac80211: initialize variable have_higher_than_11mbit
1badd10c4 i40e: fix use-after-free in i40e_sync_filters_subtask()
33fb6d23a i40e: Fix incorrect netdev's real number of RX/TX queues
5732aff67 ipv6: Check attribute length for RTA_GATEWAY in multipath route
408d42304 ipv6: Check attribute length for RTA_GATEWAY when deleting multipath route
fbe916056 sch_qfq: prevent shift-out-of-bounds in qfq_init_qdisc
9061960ae xfs: map unwritten blocks in XFS_IOC_{ALLOC,FREE}SP just like fallocate
9f674191e power: reset: ltc2952: Fix use of floating point literals
5e946cc80 rndis_host: support Hytera digital radios
cd87648f7 phonet: refcount leak in pep_sock_accep
d9a54384b ipv6: Continue processing multipath route even if gateway attribute is invalid
f85d15ce9 ipv6: Do cleanup if attribute validation fails in multipath route
ba48b2c7e scsi: libiscsi: Fix UAF in iscsi_conn_get_param()/iscsi_conn_teardown()
e7f9f709c ip6_vti: initialize __ip6_tnl_parm struct in vti6_siocdevprivate
f1edcaa25 net: udp: fix alignment problem in udp4_seq_show()
a47e90895 mISDN: change function names to avoid conflicts
b6e360c64 Linux 4.14.262
0db50681c Bluetooth: bfusb: fix division by zero in send path
811ee3cd7 USB: core: Fix bug in resuming hub's handling of wakeup requests
2158f8612 USB: Fix "slab-out-of-bounds Write" bug in usb_hcd_poll_rh_status
67930ff40 mfd: intel-lpss: Fix too early PM enablement in the ACPI ->probe()
7a3748ce4 can: gs_usb: fix use of uninitialized variable, detach device on reception of invalid USB data
a81daf33a can: gs_usb: gs_can_start_xmit(): zero-initialize hf->{flags,reserved}
226cdc5c6 random: fix data race on crng_node_pool
5fa198eb3 random: fix data race on crng init time
634b98859 staging: wlan-ng: Avoid bitwise vs logical OR warning in hfa384x_usb_throttlefn()
6244ce5ab drm/i915: Avoid bitwise vs logical OR warning in snb_wm_latency_quirk()
e83b5f16d orangefs: Fix the size of a memory allocation in orangefs_bufmap_alloc()
1611b16ce media: uvcvideo: fix division by zero at stream start
a3c7cfed5 rtlwifi: rtl8192cu: Fix WARNING when calling local_irq_restore() with interrupts enabled
79a14ad09 Bluetooth: schedule SCO timeouts with delayed_work
f690c912a Bluetooth: fix init and cleanup of sco_conn.timeout_work
606c6559c HID: uhid: Fix worker destroying device without any protection
46a5cf695 HID: wacom: Ignore the confidence flag when a touch is removed
a3d930fa8 HID: wacom: Avoid using stale array indicies to read contact count
1c7dc175c nfc: llcp: fix NULL error pointer dereference on sendmsg() after failed bind()
82a1636a1 rtc: cmos: take rtc_lock while reading from CMOS
1ed872889 media: flexcop-usb: fix control-message timeouts
f9eb0f915 media: mceusb: fix control-message timeouts
2a4f2f4ee media: em28xx: fix control-message timeouts
8de2ad3a7 media: cpia2: fix control-message timeouts
96322119c media: s2255: fix control-message timeouts
ee5209ff5 media: dib0700: fix undefined behavior in tuner shutdown
7c42dfb4e media: redrat3: fix control-message timeouts
e854a6904 media: pvrusb2: fix control-message timeouts
644752e48 media: stk1160: fix control-message timeouts
f071fa1bc can: softing_cs: softingcs_probe(): fix memleak on registration failure
af384a07d shmem: fix a race between shmem_unused_huge_shrink and shmem_evict_inode
36102bb1d PCI: Add function 1 DMA alias quirk for Marvell 88SE9125 SATA controller
14b08a95e Bluetooth: cmtp: fix possible panic when cmtp_init_sockets() fails
525b1aa38 clk: bcm-2835: Pick the closest clock rate
d56f5a036 clk: bcm-2835: Remove rounding up the dividers
be342f601 wcn36xx: Indicate beacon not connection loss on MISSED_BEACON_IND
9b3b0b57a media: em28xx: fix memory leak in em28xx_init_dev
d8854df65 Bluetooth: stop proccessing malicious adv data
8a667c992 media: dmxdev: fix UAF when dvb_register_device() fails
2fbd8cbda crypto: qce - fix uaf on qce_ahash_register_one
028763c81 tty: serial: atmel: Check return code of dmaengine_submit()
47ff8c9fd tty: serial: atmel: Call dma_async_issue_pending()
dde52b910 media: mtk-vcodec: call v4l2_m2m_ctx_release first when file is released
3ea23972b netfilter: bridge: add support for pppoe filtering
86d26c489 arm64: dts: qcom: msm8916: fix MMC controller aliases
9cd69f29f drm/amdgpu: Fix a NULL pointer dereference in amdgpu_connector_lcd_native_mode()
babe53ccd drm/radeon/radeon_kms: Fix a NULL pointer dereference in radeon_driver_open_kms()
a6d30d733 serial: amba-pl011: do not request memory region twice
aff298a2a floppy: Fix hang in watchdog when disk is ejected
7a9e9101e media: dib8000: Fix a memleak in dib8000_init()
5b95fb206 media: saa7146: mxb: Fix a NULL pointer dereference in mxb_attach()
8261e788a media: si2157: Fix "warm" tuner state detection
e099a1406 sched/rt: Try to restart rt period timer when rt runtime exceeded
566425f41 media: dw2102: Fix use after free
ab3e7c0f0 media: msi001: fix possible null-ptr-deref in msi001_probe()
a417f35b8 usb: ftdi-elan: fix memory leak on device disconnect
d2c3d1f58 x86/mce/inject: Avoid out-of-bounds write when setting flags
d7382632e pcmcia: rsrc_nonstatic: Fix a NULL pointer dereference in __nonstatic_find_io_region()
d6aea0319 pcmcia: rsrc_nonstatic: Fix a NULL pointer dereference in nonstatic_find_mem_region()
6739da4ec ppp: ensure minimum packet size in ppp_write()
fa6f747f2 fsl/fman: Check for null pointer after calling devm_ioremap
b8b95c84b spi: spi-meson-spifc: Add missing pm_runtime_disable() in meson_spifc_probe
ebfb88d00 tpm: add request_locality before write TPM_INT_ENABLE
c93efb6be can: softing: softing_startstop(): fix set but not used variable warning
20ac0d42b can: xilinx_can: xcan_probe(): check for error irq
a19cf3d3e pcmcia: fix setting of kthread task states
4d3755928 net: mcs7830: handle usb read errors properly
c9b13afb8 ext4: avoid trim error on fs with small groups
48eac153e ALSA: jack: Add missing rwsem around snd_ctl_remove() calls
2fca1f9b1 ALSA: PCM: Add missing rwsem around snd_ctl_remove() calls
5af308c13 ALSA: hda: Add missing rwsem around snd_ctl_remove() calls
479ca9c3c RDMA/hns: Validate the pkey index
fb8e1891c powerpc/prom_init: Fix improper check of prom_getprop()
556dca972 ALSA: oss: fix compile error when OSS_DEBUG is enabled
d7808abdb char/mwave: Adjust io port register size
6d5a61a8b scsi: ufs: Fix race conditions related to driver data
78a5bdc0b RDMA/core: Let ib_find_gid() continue search even after empty entry
7079ea453 dmaengine: pxa/mmp: stop referencing config->slave_id
94c1b8aef iommu/iova: Fix race between FQ timeout and teardown
8d38aa498 ASoC: samsung: idma: Check of ioremap return value
526dac02e misc: lattice-ecp3-config: Fix task hung when firmware load failed
c8a41506e mips: lantiq: add support for clk_set_parent()
d5ef85597 mips: bcm63xx: add support for clk_set_parent()
7d520cc63 RDMA/cxgb4: Set queue pair state when being queried
836419731 Bluetooth: Fix debugfs entry leak in hci_register_dev()
c49ddf1f5 fs: dlm: filter user dlm messages for kernel locks
8908221bb ar5523: Fix null-ptr-deref with unexpected WDCMSG_TARGET_START reply
261d0b92c drm/nouveau/pmu/gm200-: avoid touching PMU outside of DEVINIT/PREOS/ACR
10922c364 usb: gadget: f_fs: Use stream_open() for endpoint files
dbb748149 HID: apple: Do not reset quirks when the Fn key is not found
2930af37e media: b2c2: Add missing check in flexcop_pci_isr:
49387fe1b mlxsw: pci: Add shutdown method in PCI driver
6cd1b5614 drm/bridge: megachips: Ensure both bridges are probed before registration
da7b96b43 gpiolib: acpi: Do not set the IRQ type if the IRQ is already in use
4d1f3abc4 HSI: core: Fix return freed object in hsi_new_client
a78f5beaf mwifiex: Fix skb_over_panic in mwifiex_usb_recv()
ffe985e21 usb: uhci: add aspeed ast2600 uhci support
5a59fd7d0 floppy: Add max size check for user space request
f6045a460 media: uvcvideo: Increase UVC_CTRL_CONTROL_TIMEOUT to 5 seconds.
f55491428 media: saa7146: hexium_orion: Fix a NULL pointer dereference in hexium_attach()
f81c9d323 media: m920x: don't use stack on USB reads
d41231e31 iwlwifi: mvm: synchronize with FW after multicast commands
ba2d451d3 ath10k: Fix tx hanging
f65413302 net: bonding: debug: avoid printing debug logs when bond is not notifying peers
7c7922cd9 bpf: Do not WARN in bpf_warn_invalid_xdp_action()
8a8c2af77 media: igorplugusb: receiver overflow should be reported
dc18797ed media: saa7146: hexium_gemini: Fix a NULL pointer dereference in hexium_attach()
35edd3a16 mmc: core: Fixup storing of OCR for MMC_QUIRK_NONSTD_SDIO
1ac084d3d arm64: tegra: Adjust length of CCPLEX cluster MMIO region
6bcb1b50a usb: hub: Add delay for SuperSpeed hub resume to let links transit to U0
e251cda2d ath9k: Fix out-of-bound memcpy in ath9k_hif_usb_rx_stream
1c44da187 iwlwifi: fix leaks/bad data after failed firmware load
b887ac6db iwlwifi: remove module loading failure message
01b64c399 um: registers: Rename function names to avoid conflicts and build problems
dfdac0c6b jffs2: GC deadlock reading a page that is used in jffs2_write_begin()
f83c39940 ACPICA: actypes.h: Expand the ACPI_ACCESS_ definitions
f0f3008a6 ACPICA: Utilities: Avoid deleting the same object twice in a row
1e77073e4 ACPICA: Executer: Fix the REFCLASS_REFOF case in acpi_ex_opcode_1A_0T_1R()
cd519e258 ACPICA: Hardware: Do not flush CPU cache when entering S4 and S5
ce4d1a531 btrfs: remove BUG_ON() in find_parent_nodes()
b57964b23 btrfs: remove BUG_ON(!eie) in find_parent_nodes
5bb1145de net: mdio: Demote probed message to debug print
d702efcf9 mac80211: allow non-standard VHT MCS-10/11
7879f2bad dm btree: add a defensive bounds check to insert_at()
88e8d388c dm space map common: add bounds check to sm_ll_lookup_bitmap()
67d6d9373 net: phy: marvell: configure RGMII delays for 88E1118
33a37f2af serial: pl010: Drop CR register reset on set_termios
a8928b74a serial: core: Keep mctrl register state and cached copy in sync
076acacc4 parisc: Avoid calling faulthandler_disabled() twice
06b138ee5 powerpc/6xx: add missing of_node_put
d18f27a4f powerpc/powernv: add missing of_node_put
02ca37308 powerpc/cell: add missing of_node_put
50895fb28 powerpc/btext: add missing of_node_put
cfc60872f powerpc/watchdog: Fix missed watchdog reset due to memory ordering race
c57f64c6c i2c: i801: Don't silently correct invalid transfer size
34e91195f powerpc/smp: Move setup_profiling_timer() under CONFIG_PROFILING
888596f0d i2c: mpc: Correct I2C reset procedure
fa066f612 w1: Misuse of get_user()/put_user() reported by sparse
6978b6986 ALSA: seq: Set upper limit of processed events
4265faa9f MIPS: OCTEON: add put_device() after of_find_device_by_node()
f66ddd6f3 i2c: designware-pci: Fix to change data types of hcnt and lcnt parameters
b4c62e3c2 MIPS: Octeon: Fix build errors using clang
a29764d96 scsi: sr: Don't use GFP_DMA
a895fa002 ASoC: mediatek: mt8173: fix device_node leak
8aa6193f3 power: bq25890: Enable continuous conversion for ADC at charging
6db1abfe0 ubifs: Error path in ubifs_remount_rw() seems to wrongly free write buffers
261ac015a serial: Fix incorrect rs485 polarity on uart open
4a0104635 cputime, cpuacct: Include guest time in user time in cpuacct.stat
87dc240cc iwlwifi: mvm: Increase the scan timeout guard to 30 seconds
4cb834afb ext4: make sure quota gets properly shutdown on error
b98e33ba9 ext4: set csum seed in tmp inode while migrating to extents
aafc2dc1e ext4: Fix BUG_ON in ext4_bread when write quota data
5c3b9fe3a ext4: don't use the orphan list when migrating an inode
0f290c5c9 crypto: stm32/crc32 - Fix kernel BUG triggered in probe()
04e7ceddd drm/radeon: fix error handling in radeon_driver_open_kms
d72006e88 firmware: Update Kconfig help text for Google firmware
2e4fd51cd Documentation: refer to config RANDOMIZE_BASE for kernel address-space randomization
8d0dada62 RDMA/hns: Modify the mapping attribute of doorbell to device
1ac10d0c0 RDMA/rxe: Fix a typo in opcode name
abc83c59e powerpc/cell: Fix clang -Wimplicit-fallthrough warning
96b305cf8 powerpc/fsl/dts: Enable WA for erratum A-009885 on fman3l MDIO buses
eb497a52b net/fsl: xgmac_mdio: Fix incorrect iounmap when removing module
74756102b parisc: pdc_stable: Fix memory leak in pdcs_register_pathentries
e4ba3ce55 af_unix: annote lockless accesses to unix_tot_inflight & gc_in_progress
894937040 net: axienet: Wait for PhyRstCmplt after core reset
3e337a26c net: axienet: fix number of TX ring slots for available check
3118d05b8 netns: add schedule point in ops_exit_list()
ab9506047 libcxgb: Don't accidentally set RTO_ONLINK in cxgb_find_route()
ee59fafae dmaengine: at_xdmac: Don't start transactions at tx_submit level
7b98999d1 dmaengine: at_xdmac: Print debug message after realeasing the lock
d7ba0cab3 dmaengine: at_xdmac: Fix lld view setting
bf1d918ee dmaengine: at_xdmac: Fix at_xdmac_lld struct definition
9f3ad2532 net_sched: restore "mpu xxx" handling
56dfe55fb bcmgenet: add WOL IRQ check
13c5a7804 scripts/dtc: dtx_diff: remove broken example from help text
06eddc810 lib82596: Fix IRQ check in sni_82596_probe
85b05569f mips,s390,sh,sparc: gup: Work around the "COW can break either way" issue
83964bbba drm/ttm/nouveau: don't call tt destroy callback on alloc failure.
dd808bac3 fuse: fix bad inode
badff66df fuse: fix live lock in fuse_iget()
adceb3c3a gianfar: simplify FCS handling and fix memory leak
01892c3ad gianfar: fix jumbo packets+napi+rx overrun crash
3f5ca317d NFSv4: Initialise connection to the server in nfs4_alloc_client()
4db64c68d Linux 4.14.263
efb1ec445 drm/i915: Flush TLBs before releasing backing store
63ecf1a2d can: bcm: fix UAF of bcm op
3e265981e drm/vmwgfx: Fix stale file descriptors on failed usercopy
865f1524e Linux 4.14.264
1bae66f8f Bluetooth: refactor malicious adv data check
a553fb983 s390/hypfs: include z/VM guests with access control group set
0645557df scsi: zfcp: Fix failed recovery on gone remote port with non-NPIV FCP devices
974f6c5c5 udf: Restore i_lenAlloc when inode expansion fails
796d93971 udf: Fix NULL ptr deref when converting from inline format
233da80f2 PM: wakeup: simplify the output logic of pm_show_wakelocks()
16d833b81 netfilter: nft_payload: do not update layer 4 checksum when mangling fragments
8ba54c25c serial: stm32: fix software flow control transfer
f226fc0ee tty: n_gsm: fix SW flow control encoding/handling
58fff8651 tty: Add support for Brainboxes UC cards.
d198d9fef usb-storage: Add unusual-devs entry for VL817 USB-SATA bridge
0292e5306 usb: common: ulpi: Fix crash in ulpi_match()
436453d3b usb: gadget: f_sourcesink: Fix isoc transfer for USB_SPEED_SUPER_PLUS
7dccceb17 USB: core: Fix hang in usb_kill_urb by adding memory barriers
2104d4b9e usb: typec: tcpm: Do not disconnect while receiving VBUS off
b0165fcf8 net: sfp: ignore disabled SFP node
429996856 powerpc/32: Fix boot failure with GCC latent entropy plugin
3de9e958a lkdtm: Fix content of section containing lkdtm_rodata_do_nothing()
0a394e0d8 i40e: Increase delay to 1 s after global EMP reset
02a3c82be i40e: fix unsigned stat widths
2cef3acc4 rpmsg: char: Fix race between the release of rpmsg_ctrldev and cdev
1fa748dba rpmsg: char: Fix race between the release of rpmsg_eptdev and cdev
f8a16e179 scsi: bnx2fc: Flush destroy_work queue before calling bnx2fc_interface_put()
cea7b1395 ipv6_tunnel: Rate limit warning messages
8aebed434 net: fix information leakage in /proc/net/ptype
b0ad69699 ping: fix the sk_bound_dev_if match in ping_lookup
f19d0a58f ipv4: avoid using shared IP generator for connected sockets
a94ff9e6e hwmon: (lm90) Reduce maximum conversion rate for G781
4223791a3 NFSv4: Handle case where the lookup of a directory fails
65d07e3a4 NFSv4: nfs_atomic_open() can race when looking up a non-regular file
62cb357b9 net-procfs: show net devices bound packet types
c32a731c9 drm/msm: Fix wrong size calculation
85ed38a7f drm/msm/dsi: invalid parameter check in msm_dsi_phy_enable
1c448e0d3 ibmvnic: don't spin in tasklet
e2e4c4611 yam: fix a memory leak in yam_siocdevprivate()
b500c7ad9 ipv4: raw: lock the socket in raw_bind()
1ef886aab ipv4: tcp: send zero IPID in SYNACK messages
96fec0dfc bpf: fix truncated jump targets on heavy expansions
1a8eb79fe netfilter: nat: remove l4 protocol port rovers
757ff8727 netfilter: nat: limit port clash resolution attempts
d50ccb935 ipheth: fix EOVERFLOW in ipheth_rcvbulk_callback
04a2e7550 net: amd-xgbe: ensure to reset the tx_timer_active flag
44bf96735 net: amd-xgbe: Fix skb data length underflow
2394cfa0f rtnetlink: make sure to refresh master_dev/m_ops in __rtnl_newlink()
f76348c4a af_packet: fix data-race in packet_setsockopt / packet_setsockopt
fcaf3a333 audit: improve audit queue handling when "audit=1" on cmdline
c54da1ea3 ASoC: ops: Reject out of bounds values in snd_soc_put_volsw()
4d8669769 ASoC: ops: Reject out of bounds values in snd_soc_put_volsw_sx()
948dc94b7 ASoC: ops: Reject out of bounds values in snd_soc_put_xr_sx()
58a4e14ee drm/nouveau: fix off by one in BIOS boundary checking
e2c23597f block: bio-integrity: Advance seed correctly for larger interval sizes
91c79e0c6 RDMA/mlx4: Don't continue event handler after memory allocation failure
199b3e5cd iommu/vt-d: Fix potential memory leak in intel_setup_irq_remapping()
db9095586 iommu/amd: Fix loop timeout issue in iommu_ga_log_enable()
b7c8cacb3 spi: bcm-qspi: check for valid cs before applying chip select
5f9ccf6a9 spi: mediatek: Avoid NULL pointer crash in interrupt
60fb781eb spi: meson-spicc: add IRQ check in meson_spicc_probe
fcab4469e net: ieee802154: ca8210: Stop leaking skb's
ad9477d75 net: ieee802154: Return meaningful error codes from the netlink helpers
a44151138 net: macsec: Verify that send_sci is on when setting Tx sci explicitly
8a1faa64c drm/i915/overlay: Prevent divide by zero bugs in scaling
56744c90f ASoC: fsl: Add missing error handling in pcm030_fabric_probe
bed5ec488 scsi: bnx2fc: Make bnx2fc_recv_frame() mp safe
34cbe82fe nfsd: nfsd4_setclientid_confirm mistakenly expires confirmed client.
87f211c97 selftests: futex: Use variable MAKE instead of make
a7b571bc3 rtc: cmos: Evaluate century appropriate
10929331c EDAC/altera: Fix deferred probing
1548c3641 EDAC/xgene: Fix deferred probing
2d0f72dc4 ext4: fix error handling in ext4_restore_inline_data()
06d993890 Linux 4.14.265
85ec3ea39 Fix if statement replaced by upstream 70b678ca6eedad0459693fa6f9c1387f5bf5e89b
d1555e6ae cgroup-v1: Require capabilities to set release_agent
e684de4d8 moxart: fix potential use-after-free on remove path
e06ae6c1a x86/mm, mm/hwpoison: Fix the unmap kernel 1:1 pages check condition
82bd8a6e2 tipc: improve size validations for received domain records
f9425f4d9 Linux 4.14.266
d9bc2e914 integrity: check the return value of audit_log_start()
878c51425 ima: Remove ima_policy file before directory
ce68b5e97 ima: Allow template selection with ima_template[_fmt]= after ima_hash=
f935a748e mmc: sdhci-of-esdhc: Check for error num after setting mask
251903874 net: phy: marvell: Fix MDI-x polarity setting in 88e1118-compatible PHYs
3b0396a2c NFS: Fix initialisation of nfs_client cl_flags field
9cd2bb7ce NFSD: Clamp WRITE offsets
1d3e4c1b2 NFSv4 only print the label when its queried
bbc162c2e nfs: nfs4clinet: check the return value of kstrdup()
22757e149 NFSv4.1: Fix uninitialised variable in devicenotify
4aceeeaeb NFSv4 remove zero number of fs_locations entries error check
006996119 NFSv4 expose nfs_parse_server_name function
e5bb9b1da scsi: target: iscsi: Make sure the np under each tpg is unique
2473be18f usb: dwc2: gadget: don't try to disable ep0 in dwc2_hsotg_suspend
2ba433468 net: stmmac: dwmac-sun8i: use return val of readl_poll_timeout()
be9b4db9e Revert "net: axienet: Wait for PhyRstCmplt after core reset"
b2c78137f bpf: Add kconfig knob for disabling unpriv bpf by default
8ee75af50 ARM: dts: imx23-evk: Remove MX23_PAD_SSP1_DETECT from hog group
d8e5a02f9 ARM: dts: meson: Fix the UART compatible strings
324b9f8b6 staging: fbtft: Fix error path in fbtft_driver_module_init()
47b32d41c ARM: dts: imx6qdl-udoo: Properly describe the SD card detect
055502baf usb: f_fs: Fix use-after-free for epfile
28c266cae bonding: pair enable_port with slave_arr_updates
ac08d9a8a ipmr,ip6mr: acquire RTNL before calling ip[6]mr_free_table() on failure path
52ab79615 net: do not keep the dst cache when uncloning an skb dst and its metadata
e325a7887 net: fix a memleak when uncloning an skb dst and its metadata
0ac6757ef tipc: rate limit warning for received illegal binding update
1cca2af39 net: amd-xgbe: disable interrupts during pci removal
826421c6d vt_ioctl: fix array_index_nospec in vt_setactivate
85ceb17cd vt_ioctl: add array_index_nospec to VT_ACTIVATE
ecb0cbf3f n_tty: wake up poll(POLLRDNORM) on receiving data
14955dd6e usb: ulpi: Move of_node_put to ulpi_dev_release
1e17db9f1 usb: ulpi: Call of_node_put correctly
a265d6829 usb: dwc3: gadget: Prevent core from processing stale TRBs
2d23772fb USB: gadget: validate interface OS descriptor requests
143e2ca17 usb: gadget: rndis: check size of RNDIS_MSG_SET command
182120e9e USB: serial: ftdi_sio: add support for Brainboxes US-159/235/320
f7b0f008b USB: serial: option: add ZTE MF286D modem
31c97ffb7 USB: serial: ch341: add support for GW Instek USB2.0-Serial devices
09a9d1470 USB: serial: cp210x: add NCR Retail IO box id
c6e33d83c USB: serial: cp210x: add CPI Bulk Coin Recycler id
214768ea6 seccomp: Invalidate seccomp mode to catch death failures
ca2571d3c hwmon: (dell-smm) Speed up setting of fan speed
5251a55ff perf: Fix list corruption in perf_cgroup_switch()
1e23d167f Linux 4.14.267
66132a1f2 Makefile.extrawarn: Move -Wunaligned-access to W=1
d039b7b1a net: usb: ax88179_178a: Fix out-of-bounds accesses in RX fixup
6434bdd19 serial: parisc: GSC: fix build when IOSAPIC is not set
5372e44c9 parisc: Fix data TLB miss in sba_unmap_sg
b4113a1ae parisc: Fix sglist access in ccio-dma.c
03014539d btrfs: send: in case of IO error log it
a88b2d8c8 net: ieee802154: at86rf230: Stop leaking skb's
269643323 selftests/zram: Skip max_comp_streams interface on newer kernel
3c91d3818 selftests/zram01.sh: Fix compression ratio calculation
400d80e10 selftests/zram: Adapt the situation that /dev/zram0 is being used
7cc235a9a ax25: improve the incomplete fix to avoid UAF and NPD bugs
3b8c432cf vfs: make freeze_super abort when sync_filesystem returns error
4db6a27c5 quota: make dquot_quota_sync return errors from ->sync_fs
039bd27bc Revert "module, async: async_synchronize_full() on module init iff async is used"
22cea7cc9 iwlwifi: fix use-after-free
be46ae8e8 drm/radeon: Fix backlight control on iMac 12,1
3eb52179d xfrm: Don't accidentally set RTO_ONLINK in decode_session4()
c7e722243 taskstats: Cleanup the use of task->exit_code
7cb450d59 vsock: remove vsock from connected table when connect is interrupted by a signal
011fd5987 iwlwifi: pcie: fix locking when "HW not ready"
a9cbb3567 iwlwifi: pcie: gen2: fix locking when "HW not ready"
ba57a6c11 net: ieee802154: ca8210: Fix lifs/sifs periods
4eb7462ef ping: fix the dif and sdif check in ping_lookup
46b4eb4ae drop_monitor: fix data-race in dropmon_net_event / trace_napi_poll_hit
60b1c761e bonding: fix data-races around agg_select_timer
0119c902b libsubcmd: Fix use-after-free for realloc(..., 0)
0f87a65fd ALSA: hda: Fix regression on forced probe mask option
b746263aa ALSA: hda: Fix missing codec probe on Shenker Dock 15
85c748daf ASoC: ops: Fix stereo change notifications in snd_soc_put_volsw()
b938a322c ASoC: ops: Fix stereo change notifications in snd_soc_put_volsw_range()
8bc9597fb powerpc/lib/sstep: fix 'ptesync' build error
13fdf630b NFS: LOOKUP_DIRECTORY is also ok with symlinks
eb380e21e EDAC: Fix calculation of returned address and next offset in edac_align_ptr()
4a34dda25 net: sched: limit TC_ACT_REPEAT loops
59825787d dmaengine: sh: rcar-dmac: Check for error num after setting mask
fc4a88f83 i2c: brcmstb: fix support for DSL and CM variants
5851774f9 lib/iov_iter: initialize "flags" in new pipe_buffer
c5db7464a mtd: rawnand: brcmnand: Refactored code to introduce helper functions
038fe5adc mtd: rawnand: brcmnand: Fixed incorrect sub-page ECC status
09c614259 KVM: x86/pmu: Use AMD64_RAW_EVENT_MASK for PERF_TYPE_RAW
749ff48f6 NFS: Do not report writeback errors in nfs_getattr()
3c08f2b9c ARM: OMAP2+: hwmod: Add of_node_put() before break
d8373257e ata: libata-core: Disable TRIM on M88V29
b01891a8d tracing: Fix tp_printk option related with tp_printk_stop_on_boot
53fc2f21e net: usb: qmi_wwan: Add support for Dell DW5829e
fb3773f8b net: macb: Align the dma and coherent dma masks
cfb3a9f8f Linux 4.14.268
8f25cd7d9 cgroup/cpuset: Fix a race between cpuset_attach() and cpu hotplug
b39cf791c vhost/vsock: don't check owner in vhost_vsock_stop() while releasing
60f60048a parisc/unaligned: Fix fldd and fstd unaligned handlers on 32-bit kernel
086cba5b2 parisc/unaligned: Fix ldw() and stw() unalignment handlers
f7f7e1480 sr9700: sanity check for packet length
bf302515c USB: zaurus: support another broken Zaurus
022734f6a serial: 8250: of: Fix mapped region size when using reg-offset property
bded2cbaa ping: remove pr_err from ping_lookup
0bf351646 net: __pskb_pull_tail() & pskb_carve_frag_list() drop_monitor friends
c5d3fbed0 gso: do not skip outer ip header in case of ipip and net_failover
08830b3fc openvswitch: Fix setting ipv6 fields causing hw csum failure
4594768da drm/edid: Always set RGB444
82b38d936 net/mlx5e: Fix wrong return value on ioctl EEPROM query failure
77da00eb3 configfs: fix a race in configfs_{,un}register_subsystem()
4c83a8674 RDMA/ib_srp: Fix a deadlock
2ab926d46 iio: adc: men_z188_adc: Fix a resource leak in an error handling path
de4e07e46 ata: pata_hpt37x: disable primary channel on HPT371
3f60090bf Revert "USB: serial: ch341: add new Product ID for CH341A"
27f039682 usb: gadget: rndis: add spinlock for rndis response list
6ceb58142 USB: gadget: validate endpoint index for xilinx udc
f39b26aee tracefs: Set the group ownership in apply_options() not parse_options()
44a7a250c USB: serial: option: add support for DW5829e
cf2c21db6 USB: serial: option: add Telit LE910R1 compositions
1c68557cc usb: dwc3: gadget: Let the interrupt handler disable bottom halves.
ba7f1743a xhci: re-initialize the HC during resume if HCE was set
a060873b4 xhci: Prevent futile URB re-submissions due to incorrect return value.
30cda24ce tty: n_gsm: fix encoding of control signal octet bit DV
e1e9ac611 tty: n_gsm: fix proper link termination after failed open
c43337884 Revert "drm/nouveau/pmu/gm200-: avoid touching PMU outside of DEVINIT/PREOS/ACR"
09f3d7bba memblock: use kfree() to release kmalloced memblock regions
7617dfea1 fget: clarify and improve __fget_files() implementation
17ac6c052 Linux 4.14.269
537ffc465 mac80211_hwsim: report NOACK frames in tx_status
fea2eb7be mac80211_hwsim: initialize ieee80211_tx_info at hw_scan_work
480c2def0 i2c: bcm2835: Avoid clock stretching timeouts
3f734dd32 Input: clear BTN_RIGHT/MIDDLE on buttonpads
7020435f4 cifs: fix double free race when mount fails in cifs_get_root()
e87d298da dmaengine: shdma: Fix runtime PM imbalance on error
1df0224b3 i2c: cadence: allow COMPILE_TEST
742654f75 i2c: qup: allow COMPILE_TEST
94d8ec898 net: usb: cdc_mbim: avoid altsetting toggling for Telit FN990
cac627ac9 usb: gadget: don't release an existing dev->buf
8a281640d usb: gadget: clear related members when goto fail
ee0d6de21 ata: pata_hpt37x: fix PCI clock detection
787ec9357 ALSA: intel_hdmi: Fix reference to PCM buffer address
068eea0b9 ASoC: ops: Shift tested values in snd_soc_put_volsw() by +min
e0b64d2f8 xfrm: fix MTU regression
56fe2d8b6 netfilter: fix use-after-free in __nf_register_net_hook()
89a96bcfd xfrm: enforce validity of offload input flags
cd023618a netfilter: nf_queue: don't assume sk is full socket
93d807926 netfilter: nf_queue: fix possible use-after-free
a807425e8 batman-adv: Request iflink once in batadv-on-batadv check
d16e149e0 batman-adv: Request iflink once in batadv_get_real_netdevice
14a91408a batman-adv: Don't expect inter-netns unique iflink indices
b6bf8ef2f net: dcb: flush lingering app table entries for unregistered devices
37b8857bb net/smc: fix unexpected SMC_CLC_DECL_ERR_REGRMB error generated by client
fe6c609f0 net/smc: fix unexpected SMC_CLC_DECL_ERR_REGRMB error cause by server
c305fee57 firmware: Fix a reference count leak.
f8bf3d154 firmware: qemu_fw_cfg: fix kobject leak in probe error path
eb7b053b1 mac80211: fix forwarded mesh frames AC & queue selection
f27c4555a net: stmmac: fix return value of __setup handler
0e6c2b9f0 net: sxgbe: fix return value of __setup handler
fe4f3133e net: arcnet: com20020: Fix null-ptr-deref in com20020pci_probe()
1593d6517 efivars: Respect "block" flag in efivar_entry_set_safe()
07388dfd4 can: gs_usb: change active_channels's type from atomic_t to u8
554c50ba8 ARM: 9182/1: mmu: fix returns from early_param() and __setup() functions
1895174a1 soc: fsl: qe: Check of ioremap return value
7c7a7801a net: chelsio: cxgb3: check the return value of pci_find_capability()
2bd1592c4 nl80211: Handle nla_memdup failures in handle_nan_filter
0edf0f1e9 Input: elan_i2c - move regulator_[en|dis]able() out of elan_[en|dis]able_power()
8dc1a4584 Input: elan_i2c - fix regulator enable count imbalance after suspend/resume
d72be646d HID: add mapping for KEY_ALL_APPLICATIONS
1e763bc42 memfd: fix F_SEAL_WRITE after shmem huge page allocated
3994c6366 net: dcb: disable softirqs in dcbnl_flush_dev()
1196019ad hamradio: fix macro redefine warning
7727a00db Linux 4.14.270
1aa3d3ac4 x86/speculation: Merge one test in spectre_v2_user_select_mitigation()
2c0ac4071 x86,bugs: Unconditionally allow spectre_v2=retpoline,amd
4d43bb353 x86/speculation: Rename RETPOLINE_AMD to RETPOLINE_LFENCE
15d76f6b2 x86/speculation: Add eIBRS + Retpoline options
c0fb094c1 Documentation/hw-vuln: Update spectre doc
8c5c69adb x86/speculation: Include unprivileged eBPF status in Spectre v2 mitigation reporting
146cfd467 x86/speculation: Use generic retpoline by default on AMD
2181e2f44 x86/speculation: Update link to AMD speculation whitepaper
07b7f6882 x86/speculation: Warn about Spectre v2 LFENCE mitigation
8b3453c58 x86/speculation: Warn about eIBRS + LFENCE + Unprivileged eBPF + SMT
24dc9469a arm/arm64: Provide a wrapper for SMCCC 1.1 calls
5acd24073 arm/arm64: smccc/psci: add arm_smccc_1_1_get_conduit()
45165a667 ARM: report Spectre v2 status through sysfs
6e8928fa5 ARM: early traps initialisation
bd6ebf050 ARM: use LOADADDR() to get load address of sections
a36f2c847 ARM: Spectre-BHB workaround
c544055d0 ARM: include unprivileged BPF status in Spectre V2 reporting
ce4bebfdf ARM: fix build error when BPF_SYSCALL is disabled
32af54a81 ARM: fix co-processor register typo
c1ff428ad ARM: Do not use NOCROSSREFS directive with ld.lld
47a465071 ARM: fix build warning in proc-v7-bugs.c
8e50e75e1 xen/xenbus: don't let xenbus_grant_ring() remove grants in error case
7c4d3bb18 xen/grant-table: add gnttab_try_end_foreign_access()
ecaa5f39e xen/blkfront: don't use gnttab_query_foreign_access() for mapped status
128af5c8f xen/netfront: don't use gnttab_query_foreign_access() for mapped status
0be8c6aa8 xen/scsifront: don't use gnttab_query_foreign_access() for mapped status
3ebd61f5c xen/gntalloc: don't use gnttab_query_foreign_access()
c46a77e43 xen: remove gnttab_query_foreign_access()
dcedc3aad xen/9p: use alloc/free_pages_exact()
9a932036c xen/gnttab: fix gnttab_end_foreign_access() without page specified
11c0dc500 xen/netfront: react properly to failing gnttab_end_foreign_access_ref()
ab4395634 Linux 4.14.271
2ad9ae73e net: qlogic: check the return value of dma_alloc_coherent() in qed_vf_hw_prepare()
279921234 qed: return status of qed_iov_get_link
c2a1136c2 ethernet: Fix error handling in xemaclite_of_probe
f444d2359 net: ethernet: ti: cpts: Handle error for clk_enable
033a526a5 net: ethernet: lpc_eth: Handle error for clk_enable
dcd5ffade ax25: Fix NULL pointer dereference in ax25_kill_by_device
3981b4fd9 net/mlx5: Fix size field in bufferx_reg struct
3545b29d1 NFC: port100: fix use-after-free in port100_send_complete
8b2fbe1d1 gpio: ts4900: Do not set DAT and OE together
12f1b79fb sctp: fix kernel-infoleak for SCTP sockets
d477e6d47 net-sysfs: add check for netdevice being present to speed_show
00ab6e38a Revert "xen-netback: remove 'hotplug-status' once it has served its purpose"
ddf4840c1 Revert "xen-netback: Check for hotplug-status existence before watching"
21d830d7f tracing: Ensure trace buffer is at least 4096 bytes large
94534b58d selftests/memfd: clean up mapping in mfd_fail_write
fdb96c5c0 ARM: Spectre-BHB: provide empty stub for non-config
75047cec1 staging: gdm724x: fix use after free in gdm_lte_rx()
d1d49bd1b virtio: unexport virtio_finalize_features
df20b036c virtio: acknowledge all features before access
594a68de3 ARM: fix Thumb2 regression with Spectre BHB
fd0543b89 ext4: add check to prevent attempting to resize an fs with sparse_super2
4887a879a btrfs: unlock newly allocated extent buffer after error
536d8156d Linux 4.14.272
2a8b2904d sctp: fix the processing for INIT chunk
7ddb1bcc2 sctp: fix the processing for INIT_ACK chunk
b6507ab1a xfrm: Fix xfrm migrate issues when address family changes
b2cff7301 arm64: dts: rockchip: fix rk3399-puma eMMC HS400 signal integrity
04a059410 ARM: dts: rockchip: fix a typo on rk3288 crypto-controller
63063fac7 MIPS: smp: fill in sibling and core maps earlier
1fa6222c2 ARM: 9178/1: fix unmet dependency on BITREVERSE for HAVE_ARCH_BITREVERSE
98880c1cc can: rcar_canfd: rcar_canfd_channel_probe(): register the CAN device when fully ready
f21d19244 atm: firestream: check the return value of ioremap() in fs_init()
9042ef102 nl80211: Update bss channel on channel switch for P2P_CLIENT
82b59db82 tcp: make tcp_read_sock() more robust
bcaa7fa7d sfc: extend the locking on mcdi->seqno
9da305462 kselftest/vm: fix tests build with old libc
e1004b70a fs: sysfs_emit: Remove PAGE_SIZE alignment check
7b0c19807 efi: fix return value of __setup handlers
6e6053266 net/packet: fix slab-out-of-bounds access in packet_recvmsg()
3c03c8f1c atm: eni: Add check for dma_map_single
13caa6b34 net: handle ARPHRD_PIMREG in dev_is_mac_header_xmit()
3483a2d1b usb: gadget: Fix use-after-free bug by not setting udc->dev.driver
f874dbda5 Input: aiptek - properly check endpoint type
13480c242 perf symbols: Fix symbol size calculation condition
43deb83b6 Linux 4.14.273
1174562a6 nfc: st21nfca: Fix potential buffer overflows in EVT_TRANSACTION
16e22291c net: ipv6: fix skb_over_panic in __ip6_append_data
c13e69388 esp: Fix possible buffer overflow in ESP transformation
4b8e67187 staging: fbtft: fb_st7789v: reset display before initialization
1babd92fd thermal: int340x: fix memory leak in int3400_notify()
53fa42da6 llc: fix netdevice reference leaks in llc_ui_bind()
e9f36bdeb ALSA: pcm: Add stream lock during PCM reset ioctl operations
e5a53859a ALSA: usb-audio: Add mute TLV for playback volumes on RODE NT-USB
4ee100998 ALSA: cmipci: Restore aux vol on suspend/resume
8291afbcf ALSA: pci: fix reading of swapped values from pcmreg in AC97 codec
30c593ab2 drivers: net: xgene: Fix regression in CRC stripping
ae5615a9f netfilter: nf_tables: initialize registers in nft_do_chain()
b3306fc67 ACPI / x86: Work around broken XSDT on Advantech DAC-BJ01 board
2a1aa6f69 ACPI: battery: Add device HID and quirk for Microsoft Surface Go 3
cf012e71c ACPI: video: Force backlight native for Clevo NL5xRU and NL5xNU
1456ee7c1 crypto: qat - disable registration of algorithms
4eb23547a mac80211: fix potential double free on mesh join
0715af9df llc: only change llc->dev when bind() succeeds
c7ad0d98c Linux 4.14.274
ceba656ad arm64: arch_timer: Add workaround for ARM erratum 1188873
10f65e331 arm64: arch_timer: avoid unused function warning
890075978 arm64: Add silicon-errata.txt entry for ARM erratum 1188873
110392612 arm64: Make ARM64_ERRATUM_1188873 depend on COMPAT
6547c6dad arm64: Add part number for Neoverse N1
b6ae05ac4 arm64: Add part number for Arm Cortex-A77
3535e51b3 arm64: Add Neoverse-N2, Cortex-A710 CPU part definition
6de964726 arm64: Add Cortex-X2 CPU part definition
2dc1b4c38 arm64: entry.S: Add ventry overflow sanity checks
398837bb3 arm64: entry: Make the trampoline cleanup optional
f9686763d arm64: entry: Free up another register on kpti's tramp_exit path
b77aa286a arm64: entry: Move the trampoline data page before the text page
2b802245b arm64: entry: Allow tramp_alias to access symbols after the 4K boundary
163366ecf arm64: entry: Don't assume tramp_vectors is the start of the vectors
71bb89120 arm64: entry: Move trampoline macros out of ifdef'd section
3d8526bd5 arm64: entry: Make the kpti trampoline's kpti sequence optional
f6db02edf arm64: entry: Allow the trampoline text to occupy multiple pages
35c1d4785 arm64: entry: Add non-kpti __bp_harden_el1_vectors for mitigations
f4d7af7a3 arm64: entry: Add vectors that have the bhb mitigation sequences
87780e124 arm64: entry: Add macro for reading symbol addresses from the trampoline
80cfab1c2 arm64: Add percpu vectors for EL1
0efb7c89b arm64: proton-pack: Report Spectre-BHB vulnerabilities as part of Spectre-v2
a61ff37c9 KVM: arm64: Add templates for BHB mitigation sequences
277d6790f arm64: Mitigate spectre style branch history side channels
ac4c379c7 KVM: arm64: Allow SMCCC_ARCH_WORKAROUND_3 to be discovered and migrated
55ec749d7 arm64: add ID_AA64ISAR2_EL1 sys register
df50cfba2 arm64: Use the clearbhb instruction in mitigations
ecc3d0839 Linux 4.14.275
56fcd7060 Remove all the redefinations from arch/arm64/kernel/cpu_errata.c
b44c6291d USB: serial: pl2303: add IBM device IDs
79cfd84e8 USB: serial: simple: add Nokia phone driver
4d0604d37 netdevice: add the case if dev is NULL
92db89545 virtio_console: break out of buf poll on remove
c2eb73da2 ethernet: sun: Free the coherent when failing in probing
ce6b77780 spi: Fix invalid sgs value
a751ab280 spi: Fix erroneous sgs value with min_t()
20912d3b5 af_key: add __GFP_ZERO flag for compose_sadb_supported in function pfkey_register
da61ba164 fuse: fix pipe buffer lifetime for direct_io
c87956e09 tpm: fix reference counting for struct tpm_chip
a2ffc8f38 block: Add a helper to validate the block size
bd33852ac virtio-blk: Use blk_validate_block_size() to validate block size
4d523a19d USB: usb-storage: Fix use of bitfields for hardware data in ene_ub6250.c
670f3a32c coresight: Fix TRCCONFIGR.QE sysfs interface
d7c5c53ad iio: inkern: apply consumer scale on IIO_VAL_INT cases
2b3d68bab iio: inkern: apply consumer scale when no channel scale is available
d482e3d06 iio: inkern: make a best effort on offset calculation
e02737b8c clk: uniphier: Fix fixed-rate initialization
564b7a6e1 ptrace: Check PTRACE_O_SUSPEND_SECCOMP permission on PTRACE_SEIZE
d35820985 Documentation: add link to stable release candidate tree
fdb9e75cc Documentation: update stable tree link
bdf0f12be SUNRPC: avoid race between mod_timer() and del_timer_sync()
8b4a6ee8b NFSD: prevent underflow in nfssvc_decode_writeargs()
553120147 pinctrl: samsung: drop pin banks references on error paths
246782988 can: ems_usb: ems_usb_start_xmit(): fix double dev_kfree_skb() in error path
0f3d6ac9f jffs2: fix use-after-free in jffs2_clear_xattr_subsystem
07e358498 jffs2: fix memory leak in jffs2_do_mount_fs
fbf13b9d8 jffs2: fix memory leak in jffs2_scan_medium
4d86804e5 mm/pages_alloc.c: don't create ZONE_MOVABLE beyond the end of a node
64770c465 mempolicy: mbind_range() set_policy() after vma_merge()
2d1d6f16a scsi: libsas: Fix sas_ata_qc_issue() handling of NCQ NON DATA commands
418a89b16 qed: display VF trust config
29e016a8b qed: validate and restrict untrusted VFs vlan promisc mode
7a01415bd Revert "Input: clear BTN_RIGHT/MIDDLE on buttonpads"
1d808ecf4 ALSA: cs4236: fix an incorrect NULL check on list iterator
16db0ac8e drbd: fix potential silent data corruption
ff5a11589 ACPI: properties: Consistently return -ENOENT if there are no more references
01b0428a0 drivers: hamradio: 6pack: fix UAF bug caused by mod_timer()
ef643779d video: fbdev: sm712fb: Fix crash in smtcfb_read()
95d5c8b5a video: fbdev: atari: Atari 2 bpp (STe) palette bugfix
7b9d21742 ARM: dts: at91: sama5d2: Fix PMERRLOC resource size
7a9107263 ARM: dts: exynos: fix UART3 pins configuration in Exynos5250
2a21de34f ARM: dts: exynos: add missing HDMI supplies on SMDK5250
4da60fe54 ARM: dts: exynos: add missing HDMI supplies on SMDK5420
3f98c2e8b carl9170: fix missing bit-wise or operator for tx_params
cc20e897f thermal: int340x: Increase bitmap size
5ab31a7f7 lib/raid6/test: fix multiple definition linking error
09928c616 DEC: Limit PMAX memory probing to R3k systems
165ea6254 media: davinci: vpif: fix unbalanced runtime PM get
e7ed4665a brcmfmac: firmware: Allocate space for default boardrev in nvram
7da473f70 brcmfmac: pcie: Replace brcmf_pcie_copy_mem_todev with memcpy_toio
83776265a PCI: pciehp: Clear cmd_busy bit in polling mode
5826c3bb4 crypto: authenc - Fix sleep in atomic context in decrypt_tail
738e430ee crypto: mxs-dcp - Fix scatterlist processing
265f02447 spi: tegra114: Add missing IRQ check in tegra_spi_probe
620540eb1 selftests/x86: Add validity check and allow field splitting
21309a9db spi: pxa2xx-pci: Balance reference count for PCI DMA device
cefddcda4 hwmon: (pmbus) Add mutex to regulator ops
291a274cd hwmon: (sch56xx-common) Replace WDOG_ACTIVE with WDOG_HW_RUNNING
ecf8a55b2 PM: hibernate: fix __setup handler error handling
8c19fc89b PM: suspend: fix return value of __setup handler
a0082bb95 hwrng: atmel - disable trng on failure path
37ddfc03a crypto: vmx - add missing dependencies
3202cebb1 ACPI: APEI: fix return value of __setup handlers
ecf4bd097 crypto: ccp - ccp_dmaengine_unregister release dma channels
d9d673835 hwmon: (pmbus) Add Vin unit off handling
a5d0454c6 clocksource: acpi_pm: fix return value of __setup handler
814d9e11b sched/debug: Remove mpol_get/put and task_lock/unlock from sched_show_numa
f80e03546 perf/core: Fix address filter parser for multiple filters
d6a7dfef8 perf/x86/intel/pt: Fix address filter config for 32-bit kernel
3f8de9dbd media: coda: Fix missing put_device() call in coda_get_vdoa_data
070e3b9b8 video: fbdev: smscufx: Fix null-ptr-deref in ufx_usb_probe()
f191d330c video: fbdev: fbcvt.c: fix printing in fb_cvt_print_name()
8a5b1e0da ARM: dts: qcom: ipq4019: fix sleep clock
09d50b12b soc: ti: wkup_m3_ipc: Fix IRQ check in wkup_m3_ipc_probe
fcda8ed4f media: usb: go7007: s2250-board: fix leak in probe()
40fa85ff7 ASoC: ti: davinci-i2s: Add check for clk_enable()
6b872c024 ALSA: spi: Add check for clk_enable()
05cd2d209 arm64: dts: ns2: Fix spi-cpol and spi-cpha property
7f1dbfef3 arm64: dts: broadcom: Fix sata nodename
61fb1dc7d printk: fix return value of printk.devkmsg __setup handler
94cf69802 ASoC: mxs-saif: Handle errors for clk_enable
9b6c88b5d ASoC: atmel_ssc_dai: Handle errors for clk_enable
31d2b2368 memory: emif: Add check for setup_interrupts
33258ee95 memory: emif: check the pointer temp in get_device_details()
fcc0c47b8 ALSA: firewire-lib: fix uninitialized flag for AV/C deferred transaction
81ca4856e media: stk1160: If start stream fails, return buffers with VB2_BUF_STATE_QUEUED
6290e9c45 ASoC: atmel: Add missing of_node_put() in at91sam9g20ek_audio_probe
edb6194ac ASoC: wm8350: Handle error for wm8350_register_irq
b4e60f4b9 ASoC: fsi: Add check for clk_enable
33c169511 video: fbdev: omapfb: Add missing of_node_put() in dvic_probe_of
d265e358b ASoC: dmaengine: do not use a NULL prepare_slave_config() callback
402862867 ASoC: mxs: Fix error handling in mxs_sgtl5000_probe
28d5adb9e ASoC: imx-es8328: Fix error return code in imx_es8328_probe()
dac987c10 ASoC: msm8916-wcd-digital: Fix missing clk_disable_unprepare() in msm8916_wcd_digital_probe
1881c3953 mtd: onenand: Check for error irq
5123df6ca drm/edid: Don't clear formats if using deep color
a31ef98c6 ath9k_htc: fix uninit value bugs
f099b9e7a power: reset: gemini-poweroff: Fix IRQ check in gemini_poweroff_probe
bd4f50496 ray_cs: Check ioremap return value
b855f415c power: supply: ab8500: Fix memory leak in ab8500_fg_sysfs_init
32f5658de HID: i2c-hid: fix GET/SET_REPORT for unnumbered reports
9fd088f9b iwlwifi: Fix -EIO error code that is never returned
f4844b969 dm crypt: fix get_key_size compiler warning if !CONFIG_KEYS
26ae5c06a scsi: pm8001: Fix command initialization in pm80XX_send_read_log()
9c6d62776 scsi: pm8001: Fix command initialization in pm8001_chip_ssp_tm_req()
998c1fcc2 scsi: pm8001: Fix payload initialization in pm80xx_set_thermal_config()
35ee096ff scsi: pm8001: Fix abort all task initialization
7318afcd0 TOMOYO: fix __setup handlers return values
3fc39d448 ext2: correct max file size computing
b574e11ce drm/tegra: Fix reference leak in tegra_dsi_ganged_probe
f2f5250e7 power: supply: bq24190_charger: Fix bq24190_vbus_is_enabled() wrong false return
6a72bc0fd KVM: x86: Fix emulation in writing cr8
a0156fc62 KVM: x86/emulator: Defer not-present segment check in __load_segment_descriptor()
f7c8ea612 i2c: xiic: Make bus names unique
e7b1cf63c power: supply: wm8350-power: Handle error for wm8350_register_irq
d7081ec19 power: supply: wm8350-power: Add missing free in free_charger_irq
692427821 PCI: Reduce warnings on possible RW1C corruption
3a4e5bd0d powerpc/sysdev: fix incorrect use to determine if list is empty
188277816 mfd: mc13xxx: Add check for mc13xxx_irq_request
1700b6cde vxcan: enable local echo for sent CAN frames
5151f838d MIPS: RB532: fix return value of __setup handler
1ac79dc6a mtd: rawnand: atmel: fix refcount issue in atmel_nand_controller_init
07623b722 USB: storage: ums-realtek: fix error code in rts51x_read_mem()
0692e6c4c af_netlink: Fix shift out of bounds in group mask calculation
cf4affc07 i2c: mux: demux-pinctrl: do not deactivate a master that is not active
c4da542e7 tcp: ensure PMTU updates are processed during fastopen
7c9ddf164 mfd: asic3: Add missing iounmap() on error asic3_mfd_probe
b798f9cad mxser: fix xmit_buf leak in activate when LSR == 0xff
f5992c354 pwm: lpc18xx-sct: Initialize driver data and hardware before pwmchip_add()
45a190820 staging:iio:adc:ad7280a: Fix handing of device address bit reversing.
dcffeb8f1 serial: 8250_mid: Balance reference count for PCI DMA device
32a5254e9 serial: 8250: Fix race condition in RTS-after-send handling
deb890c79 iio: adc: Add check for devm_request_threaded_irq
6f7686bb8 clk: qcom: clk-rcg2: Update the frac table for pixel clock
f3c3664f6 remoteproc: qcom_wcnss: Add missing of_node_put() in wcnss_alloc_memory_region
0778ce85f clk: loongson1: Terminate clk_div_table with sentinel element
861c53bcf clk: clps711x: Terminate clk_div_table with sentinel element
ef69a0a5c clk: tegra: tegra124-emc: Fix missing put_device() call in emc_ensure_emc_driver
6bcae87b6 NFS: remove unneeded check in decode_devicenotify_args()
269353a26 pinctrl: mediatek: Fix missing of_node_put() in mtk_pctrl_init
5a1daca20 pinctrl: nomadik: Add missing of_node_put() in nmk_pinctrl_probe
bf371a3d6 pinctrl/rockchip: Add missing of_node_put() in rockchip_pinctrl_probe
04cf9bf9f tty: hvc: fix return value of __setup handler
97f6b31f9 kgdboc: fix return value of __setup handler
14d1868e1 kgdbts: fix return value of __setup handler
00e975697 jfs: fix divide error in dbNextAG
8814372f1 netfilter: nf_conntrack_tcp: preserve liberal flag in tcp options
d14d11253 xen: fix is_xen_pmu()
cce3528b8 net: phy: broadcom: Fix brcm_fet_config_init()
bd917a0c6 qlcnic: dcb: default to returning -EOPNOTSUPP
630c3b345 net/x25: Fix null-ptr-deref caused by x25_disconnect
8fe4d592b NFSv4/pNFS: Fix another issue with a list iterator pointing to the head
371c9a892 lib/test: use after free in register_test_dev_kmod()
a7b33ad0c selinux: use correct type for context length
9bb55b16e loop: use sysfs_emit() in the sysfs xxx show()
305d98c17 Fix incorrect type in assignment of ipv6 port for audit
97b9cdfea irqchip/nvic: Release nvic_base upon failure
1e59f0d0c ACPICA: Avoid walking the ACPI Namespace if it is not there
94267ef8e ACPI/APEI: Limit printable size of BERT table data
c22d75b7e PM: core: keep irq flags in device_pm_check_callbacks()
71e48c421 spi: tegra20: Use of_device_get_match_data()
f25d64aed ext4: don't BUG if someone dirty pages without asking ext4 first
008b3ee96 ntfs: add sanity check on allocation size
0d85aa706 video: fbdev: nvidiafb: Use strscpy() to prevent buffer overflow
cd24bb448 video: fbdev: w100fb: Reset global state
a57abe93c video: fbdev: cirrusfb: check pixclock to avoid divide by zero
b40d613ee video: fbdev: omapfb: acx565akm: replace snprintf with sysfs_emit
88836dfdc ARM: dts: qcom: fix gic_irq_domain_translate warnings for msm8960
0d218a6ae ARM: dts: bcm2837: Add the missing L1/L2 cache information
a4b2371dd video: fbdev: omapfb: panel-dsi-cm: Use sysfs_emit() instead of snprintf()
7afdbb8b4 video: fbdev: omapfb: panel-tpo-td043mtea1: Use sysfs_emit() instead of snprintf()
1cf518699 ASoC: soc-core: skip zero num_dai component in searching dai name
3ec49d826 media: cx88-mpeg: clear interrupt status register before streaming video
e42f994bd ARM: tegra: tamonten: Fix I2C3 pad setting
aed1b368a ARM: mmp: Fix failure to remove sram device
e09937b98 video: fbdev: sm712fb: Fix crash in smtcfb_write()
9572734d8 media: hdpvr: initialize dev->worker at hdpvr_register_videodev
f9004aec9 mmc: host: Return an error when ->enable_sdio_irq() ops is missing
ae43351bf powerpc/lib/sstep: Fix 'sthcx' instruction
d469485c2 powerpc/lib/sstep: Fix build errors with newer binutils
07a8a8691 scsi: qla2xxx: Fix warning for missing error code
e2f929828 scsi: qla2xxx: Suppress a kernel complaint in qla_create_qpair()
03bebdb6a KVM: Prevent module exit until all VMs are freed
0de9a475a ubifs: rename_whiteout: Fix double free for whiteout_ui->data
88f7c857a ubifs: Add missing iput if do_tmpfile() failed in rename whiteout
087115943 ubifs: setflags: Make dirtied_ino_d 8 bytes aligned
057e0de87 ubifs: rename_whiteout: correct old_dir size computing
c0760af5e can: mcba_usb: mcba_usb_start_xmit(): fix double dev_kfree_skb in error path
19b69c928 can: mcba_usb: properly check endpoint type
7c8ab445e gfs2: Make sure FITRIM minlen is rounded up to fs block size
81b204c73 pinctrl: pinconf-generic: Print arguments for bias-pull-*
a5bedb973 ubi: Fix race condition between ctrl_cdev_ioctl and ubi_cdev_ioctl
f5489098f ACPI: CPPC: Avoid out of bounds access when parsing _CPC data
8424cf069 mm/mmap: return 1 from stack_guard_gap __setup() handler
2acc2a1e6 mm/memcontrol: return 1 from cgroup.memory __setup() handler
03d3dc63d ubi: fastmap: Return error code if memory allocation fails in add_aeb()
a54da03c5 ASoC: topology: Allow TLV control to be either read or write
cd0a2182f ARM: dts: spear1340: Update serial node properties
05441763a ARM: dts: spear13xx: Update SPI dma properties
41b18d19f openvswitch: Fixed nd target mask field in the flow dump.
d2f4ed159 KVM: x86: Forbid VMM to set SYNIC/STIMER MSRs when SynIC wasn't activated
5191ab7ad ubifs: Rectify space amount budget for mkdir/tmpfile operations
f945e93b6 rtc: wm8350: Handle error for wm8350_register_irq
037e4a052 ARM: 9187/1: JIVE: fix return value of __setup handler
52831c928 KVM: x86/svm: Clear reserved bits written to PerfEvtSeln MSRs
76e9373be ath5k: fix OOB in ath5k_eeprom_read_pcal_info_5111
6099ce418 ptp: replace snprintf with sysfs_emit
b0f62087a powerpc: dts: t104xrdb: fix phy type for FMAN 4/5
0148a6c01 scsi: mvsas: Replace snprintf() with sysfs_emit()
dedb5b2dc scsi: bfa: Replace snprintf() with sysfs_emit()
7328307e9 power: supply: axp20x_battery: properly report current when discharging
36e70035d powerpc: Set crashkernel offset to mid of RMA region
4e70c10e8 PCI: aardvark: Fix support for MSI interrupts
64d475acb iommu/arm-smmu-v3: fix event handling soft lockup
683851ea1 dm ioctl: prevent potential spectre v1 gadget
706b94373 scsi: pm8001: Fix pm8001_mpi_task_abort_resp()
9f80a75bf scsi: aha152x: Fix aha152x_setup() __setup handler return value
8b2847881 net/smc: correct settings of RMB window update limit
96ab68eff macvtap: advertise link netns via netlink
b62720a0c bnxt_en: Eliminate unintended link toggle during FW reset
0a24df11b MIPS: fix fortify panic when copying asm exception handlers
285bb6d17 scsi: libfc: Fix use after free in fc_exch_abts_resp()
65d35bc52 usb: dwc3: omap: fix "unbalanced disables for smps10_out1" on omap5evm
9b32717ef xtensa: fix DTC warning unit_address_format
54ce15f52 Bluetooth: Fix use after free in hci_send_acl
640cb8ea5 init/main.c: return 1 from handled __setup() functions
0a17a10ae w1: w1_therm: fixes w1_seq for ds28ea00 sensors
28f3e10c5 SUNRPC/call_alloc: async tasks mustn't block waiting for memory
15ef67e6d NFS: swap IO handling is slightly different for O_DIRECT IO
91b076aec NFS: swap-out must always use STABLE writes.
3e2928ad4 serial: samsung_tty: do not unlock port->lock for uart_write_wakeup()
bea86e2b2 virtio_console: eliminate anonymous module_init & module_exit
57721bec6 jfs: prevent NULL deref in diFree
11b14d2a3 parisc: Fix CPU affinity for Lasi, WAX and Dino chips
60dad88ba ipv6: add missing tx timestamping on IPPROTO_RAW
63598ce98 net: add missing SOF_TIMESTAMPING_OPT_ID support
488316200 mm: fix race between MADV_FREE reclaim and blkdev direct IO read
5eb928386 drm/amdgpu: fix off by one in amdgpu_gfx_kiq_acquire()
d02b19934 scsi: zorro7xx: Fix a resource leak in zorro7xx_remove_one()
f29f864f4 net: stmmac: Fix unset max_speed difference between DT and non-DT platforms
16327818d drm/imx: Fix memory leak in imx_pd_connector_get_modes
6c78a02d1 drbd: Fix five use after free bugs in get_initial_state
50723f747 Revert "mmc: sdhci-xenon: fix annoying 1.8V regulator warning"
7a2d98590 mmmremap.c: avoid pointless invalidate_range_start/end on mremap(old_size=0)
e9547d131 mm/mempolicy: fix mpol_new leak in shared_policy_replace
4c7123d3d x86/pm: Save the MSR validity status at context setup
941046b62 x86/speculation: Restore speculation related MSRs during S3 resume
e09794d16 btrfs: fix qgroup reserve overflow the qgroup limit
7f8bfa692 arm64: patch_text: Fixup last cpu should be master
1c057ba6a perf: qcom_l2_pmu: fix an incorrect NULL check on list iterator
a68179e7b tools build: Use $(shell ) instead of `` to get embedded libperl's ccopts
5c504a293 dmaengine: Revert "dmaengine: shdma: Fix runtime PM imbalance on error"
c1603797f mm: don't skip swap entry even if zap_details specified
235a98a18 arm64: module: remove (NOLOAD) from linker script
bcc3313b4 mm/sparsemem: fix 'mem_section' will never be NULL gcc 12 warning
056495463 cgroup: Use open-time credentials for process migraton perm checks
0fceda9fd cgroup: Allocate cgroup_file_ctx for kernfs_open_file->priv
00c15dbb9 cgroup: Use open-time cgroup namespace for process migration perm checks
608d8b558 xfrm: policy: match with both mark and mask on user interfaces
8bbbb717b memory: atmel-ebi: Fix missing of_node_put in atmel_ebi_probe
be51fa1ed veth: Ensure eth header is in skb's linear part
5c2f278f7 gpiolib: acpi: use correct format characters
cda9b125d mlxsw: i2c: Fix initialization error flow
0d339badb net: ethernet: stmmac: fix altr_tse_pcs function when using a fixed-link
dc4e4145c nfc: nci: add flush_workqueue to prevent uaf
504215977 cifs: potential buffer overflow in handling symlinks
922dfdfa8 drm/amd: Add USBC connector ID
44b2b3313 drm/amdkfd: Check for potential null return of kmalloc_array()
d964f0578 Drivers: hv: vmbus: Prevent load re-ordering when reading ring buffer
780a04345 scsi: target: tcmu: Fix possible page UAF
de06c13af scsi: ibmvscsis: Increase INITIAL_SRP_LIMIT to 1024
cfd0af4ef net: micrel: fix KS8851_MLL Kconfig
a8d0529d8 ata: libata-core: Disable READ LOG DMA EXT for Samsung 840 EVOs
2bc9d853f gpu: ipu-v3: Fix dev_dbg frequency output
67a9ddc47 scsi: mvsas: Add PCI ID of RocketRaid 2640
7e6a65466 drivers: net: slip: fix NPD bug in sl_tx_timeout()
569582b1e mm, page_alloc: fix build_zonerefs_node()
121b85e39 mm: kmemleak: take a full lowmem check in kmemleak_*_phys()
ea5e2b53a gcc-plugins: latent_entropy: use /dev/urandom
83f730b19 ALSA: pcm: Test for "silence" field in struct "pcm_format_data"
7d6b51ffd ARM: davinci: da850-evm: Avoid NULL pointer dereference
e9b5cfa10 smp: Fix offline cpu check in flush_smp_call_function_queue()
0392357a2 i2c: pasemi: Wait for write xfers to finish
c76ab0683 Linux 4.14.276
47360e073 etherdevice: Adjust ether_addr* prototypes to silence -Wstringop-overead
e5e0abbd8 mm: page_alloc: fix building error on -Werror=array-compare
53ca0eaa2 tracing: Have traceon and traceoff trigger honor the instance
109018e27 tracing: Dump stacktrace trigger to the corresponding instance
8e178c798 can: usb_8dev: usb_8dev_start_xmit(): fix double dev_kfree_skb() in error path
4b7c873ac gfs2: assign rgrp glock before compute_bitstructs
89d3cc8c5 ALSA: usb-audio: Clear MIDI port active flag after draining
eb021ff1d tcp: fix race condition when creating child sockets from syncookies
8c984fd02 tcp: Fix potential use-after-free due to double kfree()
c18978f34 dmaengine: imx-sdma: Fix error checking in sdma_event_remap
a18abcbc8 net/packet: fix packet_sock xmit return value checking
0785de6e1 netlink: reset network and mac headers in netlink_dump()
03aa41826 ARM: vexpress/spc: Avoid negative array index when !SMP
34ecce16b platform/x86: samsung-laptop: Fix an unsigned comparison which can never be negative
7d2478caf ALSA: usb-audio: Fix undefined behavior due to shift overflowing the constant
aedaa82fa vxlan: fix error return code in vxlan_fdb_append
d5750e4a2 cifs: Check the IOCB_DIRECT flag, not O_DIRECT
36f9f8a5d brcmfmac: sdio: Fix undefined behavior due to shift overflowing the constant
38fa84583 drm/msm/mdp5: check the return of kzalloc()
9d0fe241e net: macb: Restart tx only if queue pointer is lagging
eecdd65e6 stat: fix inconsistency between struct stat and struct compat_stat
d2ea1a338 ata: pata_marvell: Check the 'bmdma_addr' beforing reading
b25752bb1 dma: at_xdmac: fix a missing check on list iterator
237a1ca8b powerpc/perf: Fix power9 event alternatives
f5e731437 openvswitch: fix OOB access in reserve_sfa_size()
c56031a98 ASoC: soc-dapm: fix two incorrect uses of list iterator
e7a9e4807 e1000e: Fix possible overflow in LTR decoding
145555265 ARC: entry: fix syscall_trace_exit argument
8a2c1978a ext4: fix symlink file size not match to file content
546f9458e ext4: limit length to bitmap_maxbytes - blocksize in punch_hole
f6e235cef ext4: fix overhead calculation to account for the reserved gdt blocks
ccc7241da ext4: force overhead calculation if the s_overhead_cluster makes no sense
abe5c422c staging: ion: Prevent incorrect reference counting behavour
7a7864159 block/compat_ioctl: fix range check in BLKGETSIZE
e0a7e7deb ax25: add refcount in ax25_dev to avoid UAF bugs
ecadb299c ax25: fix reference count leaks of ax25_dev
6c17b2ad9 ax25: fix UAF bugs of net_device caused by rebinding operation
472d981f5 ax25: Fix refcount leaks caused by ax25_cb_del()
dcfa92f30 ax25: fix UAF bug in ax25_send_control()
93fa00e76 ax25: fix NPD bug in ax25_disconnect
a94f21d16 ax25: Fix NULL pointer dereferences in ax25 timers
f80f20868 ax25: Fix UAF bugs in ax25 timers
9ad32a445 Revert "net: micrel: fix KS8851_MLL Kconfig"
6d5d0fb09 Linux 4.14.277
7985dda59 floppy: disable FDRAWCMD by default
94b46d020 hamradio: defer 6pack kfree after unregister_netdev
8869cd76c hamradio: remove needs_free_netdev to avoid UAF
46249bc4c net/sched: cls_u32: fix netns refcount changes in u32_change()
3afe15552 Revert "net: ethernet: stmmac: fix altr_tse_pcs function when using a fixed-link"
244d10701 lightnvm: disable the subsystem
8e13acb6d usb: mtu3: fix USB 3.0 dual-role-switch from device to host
2ec60ee02 USB: quirks: add a Realtek card reader
8e787f658 USB: quirks: add STRING quirk for VCOM device
7a78b21d8 USB: serial: whiteheat: fix heap overflow in WHITEHEAT_GET_DTR_RTS
776054844 USB: serial: cp210x: add PIDs for Kamstrup USB Meter Reader
94e999eb9 USB: serial: option: add support for Cinterion MV32-WA/MV32-WB
3f0926b32 USB: serial: option: add Telit 0x1057, 0x1058, 0x1075 compositions
d0d101500 xhci: stop polling roothubs after shutdown
f6f4a4d03 iio: dac: ad5592r: Fix the missing return value.
f4e325cf4 iio: dac: ad5446: Fix read_raw not returning set value
75d0f352e iio: magnetometer: ak8975: Fix the error handling in ak8975_power_on()
a04eb2193 usb: misc: fix improper handling of refcount in uss720_probe()
e52b32b85 usb: gadget: uvc: Fix crash when encoding data for usb request
5c667fab6 usb: gadget: configfs: clear deactivation flag in configfs_composite_unbind()
54b070040 serial: 8250: Also set sticky MCR bits in console restoration
f5b622bda serial: 8250: Correct the clock for EndRun PTP/1588 PCIe device
54391caca hex2bin: make the function hex_to_bin constant-time
31fbefa3e hex2bin: fix access beyond string end
721c2caac USB: Fix xhci event ring dequeue pointer ERDP update issue
ce94912c5 ARM: dts: imx6qdl-apalis: Fix sgtl5000 detection issue
c9a61de79 phy: samsung: Fix missing of_node_put() in exynos_sata_phy_probe
0e7fddb1d phy: samsung: exynos5250-sata: fix missing device put in probe error paths
32e506139 ARM: OMAP2+: Fix refcount leak in omap_gic_of_init
2dab1ad93 ARM: dts: Fix mmc order for omap3-gta04
1cbceaff8 ipvs: correctly print the memory size of ip_vs_conn_tab
bead52640 mtd: rawnand: Fix return value check of wait_for_completion_timeout
9a8ad88de sctp: check asoc strreset_chunk in sctp_generate_reconf_event
9d16a3eac pinctrl: pistachio: fix use of irq_of_parse_and_map()
7631ffe85 ip_gre: Make o_seqno start from 0 in native mode
8a7a452e4 tcp: fix potential xmit stalls caused by TCP_NOTSENT_LOWAT
f47fe9968 bus: sunxi-rsb: Fix the return value of sunxi_rsb_device_create()
8bbfc622d clk: sunxi: sun9i-mmc: check return value after calling platform_get_resource()
5c93abe9c net: bcmgenet: hide status block before TX timestamping
14888d93d bnx2x: fix napi API usage sequence
0ecfee3ef ASoC: wm8731: Disable the regulator when probing fails
f1e8c7c9c x86: __memcpy_flushcache: fix wrong alignment if size > 2^32
dd354152d cifs: destage any unwritten data to the server before calling copychunk_write
fbb189318 drivers: net: hippi: Fix deadlock in rr_close()
2a5213e70 x86/cpu: Load microcode during restore_processor_state()
f95efbe79 tty: n_gsm: fix wrong signal octet encoding in convergence layer type 2
8183faea6 tty: n_gsm: fix malformed counter for out of frame data
e38573b75 tty: n_gsm: fix insufficient txframe size
6af6d7714 tty: n_gsm: fix missing explicit ldisc flush
513994f9d tty: n_gsm: fix wrong command retry handling
dcb86fc75 tty: n_gsm: fix wrong command frame length field encoding
b3be5e2e5 tty: n_gsm: fix incorrect UA handling
700cb30f3 drm/vgem: Close use-after-free race in vgem_gem_create
adfaed487 MIPS: Fix CP0 counter erratum detection for R4k CPUs
122c2e1b0 parisc: Merge model and model name into one line in /proc/cpuinfo
7a9d84dc7 ALSA: fireworks: fix wrong return count shorter than expected by 4 bytes
9d6d6254c Revert "SUNRPC: attempt AF_LOCAL connect on setup"
1d82a905a firewire: fix potential uaf in outbound_phy_packet_callback()
6165a3daa firewire: remove check of list iterator against head past the loop body
1e0c71aad firewire: core: extend card->lock in fw_core_handle_bus_reset
4e87b9e19 ASoC: wm8958: Fix change notifications for DSP controls
a92a18031 can: grcan: grcan_close(): fix deadlock
c62710ff4 can: grcan: use ofdev->dev when allocating DMA memory
57271e562 nfc: replace improper check device_is_registered() in netlink related functions
53a0fe7ed nfc: nfcmrvl: main: reorder destructive operations in nfcmrvl_nci_unregister_dev to avoid bugs
31f7ea9f6 NFC: netlink: fix sleep in atomic bug when firmware download timeout
7d03c78e5 hwmon: (adt7470) Fix warning on module removal
912016660 ASoC: dmaengine: Restore NULL prepare_slave_config() callback
566cf77c5 net: emaclite: Add error handling for of_address_to_resource()
975bd7e8a smsc911x: allow using IRQ0
7d0f4da7f btrfs: always log symlinks in full mode
a33983259 net: igmp: respect RCU rules in ip_mc_source() and ip_mc_msfilter()
2e639e788 kvm: x86/cpuid: Only provide CPUID leaf 0xA if host has architectural PMU
d16c0fc4d net: ipv6: ensure we call ipv6_mc_down() at most once
fd57f9a17 dm: fix mempool NULL pointer race when completing IO
4dba58807 dm: interlock pending dm_io and dm_wait_for_bios_completion
c6e019956 PCI: aardvark: Clear all MSIs at setup
48ee22a92 PCI: aardvark: Fix reading MSI interrupt number
5e58ca1a9 Linux 4.14.278
ce5927be8 MIPS: Use address-of operator on section symbols
3c098b522 block: drbd: drbd_nl: Make conversion to 'enum drbd_ret_code' explicit
1262ce226 can: grcan: grcan_probe(): fix broken system id check for errata workaround needs
e1e0f099f can: grcan: only use the NAPI poll budget for RX
bbfa7d49c Bluetooth: Fix the creation of hdev->name
c77e6fe64 mmc: rtsx: add 74 Clocks in power on flow
137a5f8ad mm: hugetlb: fix missing cache flush in copy_huge_page_from_user()
cf0bdc635 mm: userfaultfd: fix missing cache flush in mcopy_atomic_pte() and __mcopy_atomic()
46c6d26e0 ALSA: pcm: Fix races among concurrent hw_params and hw_free calls
8644d7333 ALSA: pcm: Fix races among concurrent read/write and buffer changes
3ec538f5e ALSA: pcm: Fix races among concurrent prepare and hw_params/hw_free calls
ad9d1c46b ALSA: pcm: Fix races among concurrent prealloc proc writes
e9d9d65d4 ALSA: pcm: Fix potential AB/BA lock with buffer_mutex and mmap_lock
51a78afb8 VFS: Fix memory leak caused by concurrently mounting fs with subtype
2cfa64804 Linux 4.14.279
120903ae7 batman-adv: Don't skb_split skbuffs with frag_list
10c3dcd21 net: Fix features skip in for_each_netdev_feature()
a0d32df21 ipv4: drop dst in multicast routing path
73fcbef90 netlink: do not reset transport header in netlink_recvmsg()
c4be69449 mac80211_hwsim: call ieee80211_tx_prepare_skb under RCU protection
145a513c7 hwmon: (ltq-cputemp) restrict it to SOC_XWAY
ea28eeced s390/ctcm: fix variable dereferenced before check
331d554f7 s390/ctcm: fix potential memory leak
4754f4f5d s390/lcs: fix variable dereferenced before check
33eb7c27c net/smc: non blocking recvmsg() return -EAGAIN when no data and signal_pending
3673c1117 net: sfc: ef10: fix memory leak in efx_ef10_mtd_probe()
0405c205c hwmon: (f71882fg) Fix negative temperature
aa9039caa ASoC: max98090: Reject invalid values in custom control put()
01adcafcf ASoC: max98090: Generate notifications on changes for custom control
f7476a45b ASoC: ops: Validate input values in snd_soc_put_volsw_range()
15a19de68 tcp: resalt the secret every 10 seconds
2d85c2b95 usb: cdc-wdm: fix reading stuck on device close
76642cc5f USB: serial: pl2303: add device id for HP LM930 Display
52c63e286 USB: serial: qcserial: add support for Sierra Wireless EM7590
8860c6f13 USB: serial: option: add Fibocom L610 modem
d7ff8de41 USB: serial: option: add Fibocom MA510 modem
c23a6c544 cgroup/cpuset: Remove cpus_allowed/mems_allowed setup in cpuset_init_smp()
cf48679db drm/vmwgfx: Initialize drm_mode_fb_cmd2
755481cf0 ping: fix address binding wrt vrf
cddcb0bc6 tty/serial: digicolor: fix possible null-ptr-deref in digicolor_uart_probe()
9288a56ce Linux 4.14.280
e3fee9cb8 Fix up code from aed8102561574084ce2b9169fd5dd4e3721ac188
8cd4b2cf8 floppy: use a statically allocated error counter
ee5756fe1 um: Cleanup syscall_handler_t definition/cast, fix warning
84413c813 Input: add bounds checking to input_set_capability()
2a130f3e5 Input: stmfts - fix reference leak in stmfts_input_open
0b2bda691 MIPS: lantiq: check the return value of kzalloc()
61dd069c1 drbd: remove usage of list iterator variable after loop
0e39e9d1a ARM: 9191/1: arm/stacktrace, kasan: Silence KASAN warnings in unwind_frame()
9e6485b87 ALSA: wavefront: Proper check of get_user() error
6cf703d91 perf: Fix sys_perf_event_open() race against self
7ca5511c6 drm/dp/mst: fix a possible memory leak in fetch_monitor_name()
828409c35 mmc: core: Specify timeouts for BKOPS and CACHE_FLUSH for eMMC
7608a9e0d mmc: block: Use generic_cmd6_time when modifying INAND_CMD38_ARG_EXT_CSD
3a1ce5f37 mmc: core: Default to generic_cmd6_time as timeout in __mmc_switch()
e5f2469c3 net: vmxnet3: fix possible use-after-free bugs in vmxnet3_rq_alloc_rx_buf()
9928f0d7e net: vmxnet3: fix possible NULL pointer dereference in vmxnet3_rq_cleanup()
b1747ac6f clk: at91: generated: consider range when calculating best rate
cbc55fc24 net/qla3xxx: Fix a test in ql_reset_work()
99c8e7d02 NFC: nci: fix sleep in atomic context bugs caused by nci_skb_alloc
6aad1c24e net: af_key: add check for pfkey_broadcast in function pfkey_process
85f85ad20 ARM: 9196/1: spectre-bhb: enable for Cortex-A15
c837387e4 ARM: 9197/1: spectre-bhb: fix loop8 sequence for Thumb2
bf7f8a5ee igb: skip phy status check where unavailable
a2d4c9b65 net: bridge: Clear offload_fwd_mark when passing frame up bridge interface.
79bcb3856 gpio: gpio-vf610: do not touch other bits when set the target bit
0dd35b8a3 gpio: mvebu/pwm: Refuse requests with inverted polarity
b4522182c perf bench numa: Address compiler error on s390
a643df140 scsi: qla2xxx: Fix missed DMA unmap for aborted commands
a32cc6dec mac80211: fix rx reordering with non explicit / psmp ack policy
cee7d1017 ethernet: tulip: fix missing pci_disable_device() on error in tulip_init_one()
3ea75ef35 net: stmmac: fix missing pci_disable_device() on error in stmmac_pci_probe()
a62069b69 net: atlantic: verify hw_head_ lies within TX buffer ring
5bf9e8041 swiotlb: fix info leak with DMA_FROM_DEVICE
a02eca9cb Reinstate some of "swiotlb: rework "fix info leak with DMA_FROM_DEVICE""
119ed3083 Linux 4.14.281
91e2b8934 x86/pci/xen: Disable PCI/MSI[-X] masking for XEN_HVM guests
9ab21ee08 staging: rtl8723bs: prevent ->Ssid overflow in rtw_wx_set_scan()
ae2819528 tcp: change source port randomizarion at connect() time
73cee5486 secure_seq: use the 64 bits of the siphash for port offset calculation
150658785 ACPI: sysfs: Make sparse happy about address space in use
ccead6b60 ACPI: sysfs: Fix BERT error region memory mapping
e5c60956a net: af_key: check encryption module availability consistency
30831360c net: ftgmac100: Disable hardware checksum on AST2600
1cd64c201 drivers: i2c: thunderx: Allow driver to work with ACPI defined TWSI controllers
b4455ad59 assoc_array: Fix BUG_ON during garbage collect
b547f3803 drm/i915: Fix -Wstringop-overflow warning in call to intel_read_wm_latency()
efe16306b block-map: add __GFP_ZERO flag for alloc_page in function bio_copy_kern
8d0e58d02 exec: Force single empty string when argv is empty
28188d80d netfilter: conntrack: re-fetch conntrack after insertion
635cfd62d zsmalloc: fix races between asynchronous zspage free and page migration
002f81741 dm integrity: fix error code in dm_integrity_ctr()
6119d8a7c dm crypt: make printing of the key constant-time
45352dab3 dm stats: add cond_resched when looping over entries
f66238d12 dm verity: set DM_TARGET_IMMUTABLE feature flag
eb33611a0 tpm: ibmvtpm: Correct the return value in tpm_ibmvtpm_probe()
f91b031e1 docs: submitting-patches: Fix crossref to 'The canonical patch format'
cda20c665 NFSD: Fix possible sleep during nfsd4_release_lockowner()
cdbce8926 bpf: Enlarge offset check value to INT_MAX in bpf_skb_{load,store}_bytes
b1aba0d4c Linux 4.14.282
8628af2ad binfmt_flat: do not stop relocating GOT entries prematurely on riscv
1222b03dc USB: serial: option: add Quectel BG95 modem
ca299c1bf USB: new quirk for Dell Gen 2 devices
67e3d9c6f ptrace/xtensa: Replace PT_SINGLESTEP with TIF_SINGLESTEP
97d6d3184 ptrace: Reimplement PTRACE_KILL by always sending SIGKILL
adda09c3a btrfs: add "0x" prefix for unsupported optional features
8159522f0 btrfs: repair super block num_devices automatically
8297a6518 drm/virtio: fix NULL pointer dereference in virtio_gpu_conn_get_modes
48d602885 mwifiex: add mutex lock for call in mwifiex_dfs_chan_sw_work_queue
939f61d42 b43legacy: Fix assigning negative value to unsigned variable
29b9e517e b43: Fix assigning negative value to unsigned variable
1aa92cf28 ipw2x00: Fix potential NULL dereference in libipw_xmit()
7f2a78f3e ACPICA: Avoid cache flush inside virtual machines
989bca4ca ALSA: jack: Access input_dev under mutex
0d8ab84eb drm/amd/pm: fix double free in si_parse_power_table()
2a376bde6 ath9k: fix QCA9561 PA bias level
a63d35a56 media: venus: hfi: avoid null dereference in deinit
309b6e607 media: pci: cx23885: Fix the error handling in cx23885_initdev()
5cdd3d289 media: cx25821: Fix the warning when removing the module
f38a48810 scsi: megaraid: Fix error check return value of register_chrdev()
5f381eee9 drm/amd/pm: fix the compile warning
560feecaf ipv6: Don't send rs packets to the interface of ARPHRD_TUNNEL
3477d467e ASoC: dapm: Don't fold register value changes into notifications
622dbf048 s390/preempt: disable __preempt_count_add() optimization for PROFILE_ALL_BRANCHES
1b2467618 dma-debug: change allocation mode from GFP_NOWAIT to GFP_ATIOMIC
305788061 ipmi:ssif: Check for NULL msg when handling events and messages
18e3e3476 rtlwifi: Use pr_warn instead of WARN_ONCE
45d2d2b1f openrisc: start CPU timer early in boot
9a9e0076e nvme-pci: fix a NULL pointer dereference in nvme_alloc_admin_tags
22997f3c7 ASoC: rt5645: Fix errorenous cleanup order
bf980ed69 net: phy: micrel: Allow probing without .driver_data
5c7eff4b4 media: exynos4-is: Fix compile warning
c2858556f rxrpc: Return an error to sendmsg if call failed
b0b07df9a eth: tg3: silence the GCC 12 array-bounds warning
e419051ca ARM: dts: ox820: align interrupt controller node name with dtschema
388f79da9 fs: jfs: fix possible NULL pointer dereference in dbFree()
d8e98b1a7 ARM: OMAP1: clock: Fix UART rate reporting algorithm
8068e3799 fat: add ratelimit to fat*_ent_bread()
7c05c89d4 ARM: versatile: Add missing of_node_put in dcscb_init
e78f14cf3 ARM: dts: exynos: add atmel,24c128 fallback to Samsung EEPROM
5ab12bc64 ARM: hisi: Add missing of_node_put after of_find_compatible_node
0ddd001ad PCI: Avoid pci_dev_lock() AB/BA deadlock with sriov_numvfs_store()
c90b2a8b3 tracing: incorrect isolate_mote_t cast in mm_vmscan_lru_isolate
6301e143a powerpc/xics: fix refcount leak in icp_opal_init()
c2bb52ef1 macintosh/via-pmu: Fix build failure when CONFIG_INPUT is disabled
a82c4a085 RDMA/hfi1: Prevent panic when SDMA is disabled
0508060b3 drm: fix EDID struct for old ARM OABI format
548ade865 ath9k: fix ar9003_get_eepmisc
e556f493f ASoC: mediatek: Fix error handling in mt8173_max98090_dev_probe
f3acf41bc ASoC: mediatek: Fix missing of_node_put in mt2701_wm8960_machine_probe
fdc9aed24 x86/delay: Fix the wrong asm constraint in delay_loop()
177ca14f2 drm/mediatek: Fix mtk_cec_mask()
4c742646e spi: spi-ti-qspi: Fix return value handling of wait_for_completion_timeout
1f72f32f9 NFC: NULL out the dev->rfkill to prevent UAF
840e2e60f efi: Add missing prototype for efi_capsule_setup_info
ccf4166bb HID: hid-led: fix maximum brightness for Dream Cheeky
03bcbdefd spi: img-spfi: Fix pm_runtime_get_sync() error checking
cd8a0436f ath9k_htc: fix potential out of bounds access with invalid rxstatus->rs_keyix
b65fab151 inotify: show inotify mask flags in proc fdinfo
f4c2f72f9 fsnotify: fix wrong lockdep annotations
626395687 x86/pm: Fix false positive kmemleak report in msr_build_context()
291f2cc55 drm/msm/dsi: fix error checks and return values for DSI xmit functions
679b464f2 drm/msm/hdmi: check return value after calling platform_get_resource_byname()
8f3253b9b drm/rockchip: vop: fix possible null-ptr-deref in vop_bind()
39b50efbc x86: Fix return value of __setup handlers
eb7dd8fec irqchip/aspeed-i2c-ic: Fix irq_of_parse_and_map() return value
80f49e11e x86/mm: Cleanup the control_va_addr_alignment() __setup handler
6ab6aee42 drm/msm: return an error pointer in msm_gem_prime_get_sg_table()
19bd39eff media: uvcvideo: Fix missing check to determine if element is found in list
757595fcd ASoC: mxs-saif: Fix refcount leak in mxs_saif_probe
5440f2f22 regulator: pfuze100: Fix refcount leak in pfuze_parse_regulators_dt
393d9a435 media: st-delta: Fix PM disable depth imbalance in delta_probe
e1161532a media: exynos4-is: Change clk_disable to clk_disable_unprepare
48308d09b media: pvrusb2: fix array-index-out-of-bounds in pvr2_i2c_core_init
7b9e84498 Bluetooth: fix dangling sco_conn and use-after-free in sco_sock_timeout
2b09cfa2e m68k: math-emu: Fix dependencies of math emulation support
9feaeb4a6 sctp: read sk->sk_bound_dev_if once in sctp_rcv()
bd1df1a15 ASoC: wm2000: fix missing clk_disable_unprepare() on error in wm2000_anc_transition()
6531c8dbd rxrpc: Fix listen() setting the bar too high for the prealloc rings
81e6e16bd rxrpc: Don't try to resend the request if we're receiving the reply
447ec09ee soc: qcom: smp2p: Fix missing of_node_put() in smp2p_parse_ipc
70aacf7da soc: qcom: smsm: Fix missing of_node_put() in smsm_parse_ipc
85d5583b9 ARM: dts: bcm2835-rpi-zero-w: Fix GPIO line name for Wifi/BT
dd1bc89d5 ARM: dts: bcm2835-rpi-b: Fix GPIO line names
1bd882935 mfd: ipaq-micro: Fix error check return value of platform_get_irq()
70fc66eb3 scsi: fcoe: Fix Wstringop-overflow warnings in fcoe_wwn_from_mac()
ebf61fee0 pinctrl: mvebu: Fix irq_of_parse_and_map() return value
07c5ddafe drivers/base/node.c: fix compaction sysfs file leak
7fba5c2c2 powerpc/8xx: export 'cpm_setbrg' for modules
f23da2552 powerpc/idle: Fix return value of __setup() handler
a97f46c28 powerpc/4xx/cpm: Fix return value of __setup() handler
4d57c9cc5 tty: fix deadlock caused by calling printk() under tty_port->lock
3047a22cf Input: sparcspkr - fix refcount leak in bbc_beep_probe
f62de7b0c powerpc/perf: Fix the threshold compare group constraint for power9
9947d3127 powerpc/fsl_rio: Fix refcount leak in fsl_rio_setup
0bac2395d mailbox: forward the hrtimer if not queued and under a lock
1f1a57d5c iommu/mediatek: Add list_del in mtk_iommu_remove
5d70ef5ca video: fbdev: clcdfb: Fix refcount leak in clcdfb_of_vram_setup
dad5e7ce9 iommu/amd: Increase timeout waiting for GA log enablement
c57ac48f9 perf c2c: Use stdio interface if slang is not supported
872e9ef6d perf jevents: Fix event syntax error caused by ExtSel
dc722ada8 wifi: mac80211: fix use-after-free in chanctx code
275b3b537 iwlwifi: mvm: fix assert 1F04 upon reconfig
632c834c4 fs-writeback: writeback_sb_inodes：Recalculate 'wrote' according skipped pages
4221c397a ext4: fix use-after-free in ext4_rename_dir_prepare
19167989f ext4: fix bug_on in ext4_writepages
187792a79 ext4: verify dir block before splitting it
a0f8aa771 ext4: avoid cycles in directory h-tree
8dba07020 dlm: fix plock invalid read
0ab0819bb dlm: fix missing lkb refcount handling
c1ee47a49 ocfs2: dlmfs: fix error handling of user_dlm_destroy_lock
96ea66eea scsi: dc395x: Fix a missing check on list iterator
1ee7d12da scsi: ufs: qcom: Add a readl() to make sure ref_clk gets enabled
994ad6076 drm/amdgpu/cs: make commands with 0 chunks illegal behaviour.
4e3ce2bda drm/nouveau/clk: Fix an incorrect NULL check on list iterator
66ad0fa8a drm/bridge: analogix_dp: Grab runtime PM reference for DP-AUX
28d83f3d4 md: fix an incorrect NULL check in does_sb_need_changing
b4961da9b md: fix an incorrect NULL check in md_reload_sb
4374c9ed3 RDMA/hfi1: Fix potential integer multiplication overflow errors
1576d0696 irqchip/armada-370-xp: Do not touch Performance Counter Overflow on A375, A38x, A39x
d92bd1bba irqchip: irq-xtensa-mx: fix initial IRQ affinity
d14b9312b mac80211: upgrade passive scan to active scan on DFS channels after beacon rx
7b77c5765 um: chan_user: Fix winch_tramp() return value
dac615d7d um: Fix out-of-bounds read in LDT setup
08e44d6da iommu/msm: Fix an incorrect NULL check on list iterator
feaeea432 nodemask.h: fix compilation error with GCC12
cf9b82847 hugetlb: fix huge_pmd_unshare address update
87cb14081 rtl818x: Prevent using not initialized queues
6f64cfcde ASoC: rt5514: Fix event generation for "DSP Voice Wake Up" control
a9b06ed12 carl9170: tx: fix an incorrect use of list iterator
69d91cbb8 gma500: fix an incorrect NULL check on list iterator
47ee3b0c1 arm64: dts: qcom: ipq8074: fix the sleep clock frequency
75bffa4cf phy: qcom-qmp: fix struct clk leak on probe errors
6fc63d67a docs/conf.py: Cope with removal of language=None in Sphinx 5.0.0
726a07b88 dt-bindings: gpio: altera: correct interrupt-cells
8d76b45d9 phy: qcom-qmp: fix reset-controller leak on probe errors
2784c57f4 RDMA/rxe: Generate a completion for unsupported/invalid opcode
7366971c9 MIPS: IP27: Remove incorrect `cpu_has_fpu' override
d57fc5c94 netfilter: nf_tables: disallow non-stateful expression in sets earlier
3ec9c60d6 pcmcia: db1xxx_ss: restrict to MIPS_DB1XXX boards
b7585c4d4 staging: greybus: codecs: fix type confusion of list iterator variable
21c712cce tty: goldfish: Use tty_port_destroy() to destroy port
119e66468 usb: usbip: fix a refcount leak in stub_probe()
341c2e5be usb: usbip: add missing device lock on tweak configuration cmd
0240e99f3 USB: storage: karma: fix rio_karma_init return
8b135e0db pwm: lp3943: Fix duty calculation in case period was clamped
7740e0538 rpmsg: qcom_smd: Fix irq_of_parse_and_map() return value
0e4471434 coresight: cpu-debug: Replace mutex with mutex_trylock on panic notifier
7505c8f5e soc: rockchip: Fix refcount leak in rockchip_grf_init
9120f7fa7 rtc: mt6397: check return value after calling platform_get_resource()
96e4e3dc7 serial: meson: acquire port->lock in startup()
f9b1ac887 serial: digicolor-usart: Don't allow CS5-6
ce1033253 serial: txx9: Don't allow CS5-6
785d1f8b5 serial: sh-sci: Don't allow CS5-6
abb25c81c serial: st-asc: Sanitize CSIZE and correct PARENB for CS7
3a7e5aeb2 firmware: dmi-sysfs: Fix memory leak in dmi_sysfs_register_handle
6309e2667 clocksource/drivers/oxnas-rps: Fix irq_of_parse_and_map() return value
9debd320c net: ethernet: mtk_eth_soc: out of bounds read in mtk_hwlro_get_fdir_entry()
f2259fcad net: dsa: mv88e6xxx: Fix refcount leak in mv88e6xxx_mdios_register
fc09f83e7 modpost: fix removing numeric suffixes
346f4d55c jffs2: fix memory leak in jffs2_do_fill_super
69df12fa4 ubi: ubi_create_volume: Fix use-after-free when volume creation failed
90abeeb67 tcp: tcp_rtx_synack() can be called from process context
4e83d7062 perf c2c: Fix sorting in percent_rmt_hitm_cmp()
c653d6add mips: cpc: Fix refcount leak in mips_cpc_default_phys_base
5bcb20071 tracing: Fix sleeping function called from invalid context on RT kernel
ba2b3fa3f tracing: Avoid adding tracer option before update_tracer_options
3249671ea i2c: cadence: Increase timeout per message if necessary
7bb9735f4 m68knommu: set ZERO_PAGE() to the allocated zeroed page
95796b553 m68knommu: fix undefined reference to `_init_sp'
6dd77c5a3 video: fbdev: pxa3xx-gcu: release the resources correctly in pxa3xx_gcu_probe/remove()
b12b8354c xprtrdma: treat all calls not a bcall when bc_serv is NULL
59a621cde ata: pata_octeon_cf: Fix refcount leak in octeon_cf_probe
82a425246 net/mlx4_en: Fix wrong return value on ioctl EEPROM query failure
203da5cd3 SUNRPC: Fix the calculation of xdr->end in xdr_get_next_encode_buffer()
870f6b78f net: mdio: unexport __init-annotated mdio_bus_init()
7ce492a04 net: xfrm: unexport __init-annotated xfrm4_protocol_init()
cd3f1f6c7 net: ipv6: unexport __init-annotated seg6_hmac_init()
04d7f9607 net: altera: Fix refcount leak in altera_tse_mdio_create
396587db1 drm: imx: fix compiler warning with gcc-12
3554c352d iio: dummy: iio_simple_dummy: check the return value of kstrdup()
6927aba97 lkdtm/usercopy: Expand size of "out of frame" object
e7a4c2395 tty: synclink_gt: Fix null-pointer-dereference in slgt_clean()
962ba918a tty: Fix a possible resource leak in icom_probe
e65358231 drivers: staging: rtl8192e: Fix deadlock in rtllib_beacons_stop()
59fd4262d USB: host: isp116x: check return value after calling platform_get_resource()
5e667f877 drivers: tty: serial: Fix deadlock in sa1100_set_termios()
714ce9bcf drivers: usb: host: Fix deadlock in oxu_bus_suspend()
a0682e7e8 USB: hcd-pci: Fully suspend across freeze/thaw cycle
d4fb536d5 usb: dwc2: gadget: don't reset gadget's driver->bus
99aa26ba1 misc: rtsx: set NULL intfdata when probe fails
b1cc46d70 extcon: Modify extcon device to be created after driver data is set
671b9fd3d clocksource/drivers/sp804: Avoid error on multiple instances
4a8e222d0 staging: rtl8712: fix uninit-value in r871xu_drv_init()
0719ddcf2 serial: msm_serial: disable interrupts in __msm_console_write()
fcc711211 kernfs: Separate kernfs_pr_cont_buf and rename_lock.
88e4aa274 md: protect md_unregister_thread from reentrancy
6087ae878 Revert "net: af_key: add check for pfkey_broadcast in function pfkey_process"
b581054da drm/radeon: fix a possible null pointer dereference
1941c416e modpost: fix undefined behavior of is_arm_mapping_symbol()
ae0924dba nbd: call genl_unregister_family() first in nbd_cleanup()
e07dd4ec7 nbd: fix race between nbd_alloc_config() and module removal
f2bb15d5b nbd: fix io hung while disconnecting device
ccfa4578b nodemask: Fix return values to be unsigned
10fae7d6f vringh: Fix loop descriptors check in the indirect cases
82504d2ab ALSA: hda/conexant - Fix loopback issue with CX20632
27c34cdab cifs: return errors during session setup during reconnects
6dba685ca ata: libata-transport: fix {dma|pio|xfer}_mode sysfs files
f6e180884 nfc: st21nfca: fix incorrect validating logic in EVT_TRANSACTION
523e7e91d nfc: st21nfca: fix memory leaks in EVT_TRANSACTION handling
1c91ed12b ixgbe: fix bcast packets Rx on VF after promisc removal
71e23aea4 ixgbe: fix unexpected VLAN Rx in promisc mode on VF
8cf572559 Input: bcm5974 - set missing URB_NO_TRANSFER_DMA_MAP urb flag
f9c5ef088 powerpc/32: Fix overread/overwrite of thread_struct via ptrace
dd383f817 md/raid0: Ignore RAID0 layout if the second zone has only one device
3c8776781 mtd: cfi_cmdset_0002: Move and rename chip_check/chip_ready/chip_good_for_write
60b4292d9 mtd: cfi_cmdset_0002: Use chip_ready() for write on S29GL064N
8d6b54d8b PCI: qcom: Fix unbalanced PHY init on probe errors
8cd6f1e83 tcp: fix tcp_mtup_probe_success vs wrong snd_cwnd
37d8bd92b Linux 4.14.283
257169acb Try to fix errors
9e7f3d7f7 Revert "Try to fix errors"
0323484e7 Revert "ext4: fix use-after-free in ext4_rename_dir_prepare"
f163b1856 Revert "ext4: verify dir block before splitting it"
a06de651d x86/cpu: Add Elkhart Lake to Intel family
02277a12c cpu/speculation: Add prototype for cpu_show_srbds()
fd680485e x86/cpu: Add Jasper Lake to Intel family
a38799dec x86/cpu: Add Cannonlake to Intel family
b34f79eac x86/CPU: Add Icelake model number
9e6d66910 x86/CPU: Add more Icelake model numbers
8bf5249d8 x86/cpu: Add Comet Lake to the Intel CPU models header
a1022875f x86/cpu: Add Lakefield, Alder Lake and Rocket Lake models to the to Intel CPU family
0e8820a63 x86/cpu: Add another Alder Lake CPU to the Intel family
f23a6483e Documentation: Add documentation for Processor MMIO Stale Data
d9e2c41e8 x86/speculation/mmio: Enumerate Processor MMIO Stale Data bug
0f580d4fd x86/speculation: Add a common function for MD_CLEAR mitigation update
329623c7a x86/speculation/mmio: Add mitigation for Processor MMIO Stale Data
971aaa596 x86/bugs: Group MDS, TAA & Processor MMIO Stale Data mitigations
f67e2479e x86/speculation/mmio: Enable CPU Fill buffer clearing on idle
0da782a33 x86/speculation/mmio: Add sysfs reporting for Processor MMIO Stale Data
f7b473663 x86/speculation/srbds: Update SRBDS mitigation selection
4d0f620ae x86/speculation/mmio: Reuse SRBDS mitigation for SBDS
043320776 KVM: x86/speculation: Disable Fill buffer clear within guests
9457ac5cf x86/speculation/mmio: Print SMT warning
41244f021 Linux 4.14.284
56f36a646 9p: missing chunk of "fs/9p: Don't update file type when updating file attributes"
fd34a6488 crypto: chacha20 - Fix keystream alignment for chacha20_block()
899f7f48e random: always fill buffer in get_random_bytes_wait
0b349dd9f random: optimize add_interrupt_randomness
6cd0df3c2 drivers/char/random.c: remove unused dont_count_entropy
927990667 random: Fix whitespace pre random-bytes work
4269fac33 random: Return nbytes filled from hw RNG
21f6813bb random: add a config option to trust the CPU's hwrng
ce1d8b3d8 random: remove preempt disabled region
d8ab77737 random: Make crng state queryable
3111f1ee8 random: make CPU trust a boot parameter
bb1e78934 drivers/char/random.c: constify poolinfo_table
b6d5b9b33 drivers/char/random.c: remove unused stuct poolinfo::poolbits
e896a5b36 drivers/char/random.c: make primary_crng static
6f1f51c27 random: only read from /dev/random after its pool has received 128 bits
95c75a098 random: move rand_initialize() earlier
ca93af2a9 random: document get_random_int() family
a53f14753 latent_entropy: avoid build error when plugin cflags are not set
09975b25e random: fix soft lockup when trying to read from an uninitialized blocking pool
1824059bb random: Support freezable kthreads in add_hwgenerator_randomness()
a847912e7 fdt: add support for rng-seed
147d819f7 random: Use wait_event_freezable() in add_hwgenerator_randomness()
bb72816b8 char/random: Add a newline at the end of the file
1716590a7 Revert "hwrng: core - Freeze khwrng thread during suspend"
8e67baa60 crypto: Deduplicate le32_to_cpu_array() and cpu_to_le32_array()
fbbe3998b crypto: blake2s - generic C library implementation and selftest
44ea5ad65 lib/crypto: blake2s: move hmac construction into wireguard
aa9ca176f lib/crypto: sha1: re-roll loops to reduce code size
f38ea93fd random: Don't wake crng_init_wait when crng_init == 1
29fa664f6 random: Add a urandom_read_nowait() for random APIs that don't warn
6401217f2 random: add GRND_INSECURE to return best-effort non-cryptographic bytes
088423d91 random: ignore GRND_RANDOM in getentropy(2)
0d577a423 random: make /dev/random be almost like /dev/urandom
b2ce15db6 char/random: silence a lockdep splat with printk()
ce7f05b60 random: fix crash on multiple early calls to add_bootloader_randomness()
1efcf53f4 random: remove the blocking pool
4accdf536 random: delete code to pull data into pools
c315a9a93 random: remove kernel.random.read_wakeup_threshold
14160431b random: remove unnecessary unlikely()
d81ad9e3c random: convert to ENTROPY_BITS for better code readability
eccf58b9b random: Add and use pr_fmt()
daa659d7c random: fix typo in add_timer_randomness()
c2df6a611 random: remove some dead code of poolinfo
a5766c328 random: split primary/secondary crng init paths
65e19a12e random: avoid warnings for !CONFIG_NUMA builds
fb45a0a37 x86: Remove arch_has_random, arch_has_random_seed
15e5d6db2 powerpc: Remove arch_has_random, arch_has_random_seed
8350dd39f s390: Remove arch_has_random, arch_has_random_seed
02a526089 linux/random.h: Remove arch_has_random, arch_has_random_seed
a74c90959 linux/random.h: Use false with bool
d585af82f linux/random.h: Mark CONFIG_ARCH_RANDOM functions __must_check
bed059686 powerpc: Use bool in archrandom.h
bd732a7fc random: add arch_get_random_*long_early()
c2dd89501 random: avoid arch_get_random_seed_long() when collecting IRQ randomness
a819a1087 random: remove dead code left over from blocking pool
8cd8c3da0 MAINTAINERS: co-maintain random.c
2622551c8 crypto: blake2s - include <linux/bug.h> instead of <asm/bug.h>
dda0b8c3e crypto: blake2s - adjust include guard naming
882f514d8 random: document add_hwgenerator_randomness() with other input functions
f39c70ff9 random: remove unused irq_flags argument from add_interrupt_randomness()
80ffff546 random: use BLAKE2s instead of SHA1 in extraction
1fe427577 random: do not sign extend bytes for rotation when mixing
b13418677 random: do not re-init if crng_reseed completes before primary init
532b19a08 random: mix bootloader randomness into pool
9349fdedb random: harmonize "crng init done" messages
ef5fa1fd9 random: use IS_ENABLED(CONFIG_NUMA) instead of ifdefs
da9301bbd random: initialize ChaCha20 constants with correct endianness
0dab3cd55 random: early initialization of ChaCha constants
f461ec0ce random: avoid superfluous call to RDRAND in CRNG extraction
12d41719f random: don't reset crng_init_cnt on urandom_read()
b4e62e461 random: fix typo in comments
cc53db20e random: cleanup poolinfo abstraction
21cac8c13 crypto: chacha20 - Fix chacha20_block() keystream alignment (again)
aa9e557e5 random: cleanup integer types
1161519f0 random: remove incomplete last_data logic
bdb41f57d random: remove unused extract_entropy() reserved argument
dc43a8dec random: try to actively add entropy rather than passively wait for it
a011a1ced random: rather than entropy_store abstraction, use global
44cf14ef7 random: remove unused OUTPUT_POOL constants
e0a197ae5 random: de-duplicate INPUT_POOL constants
a192a9491 random: prepend remaining pool constants with POOL_
c15575fde random: cleanup fractional entropy shift constants
3038009f5 random: access input_pool_data directly rather than through pointer
543b1bcff random: simplify arithmetic function flow in account()
9b8a23b6b random: continually use hwgenerator randomness
bf6ddf35d random: access primary_pool directly rather than through pointer
5a7f59bfb random: only call crng_finalize_init() for primary_crng
d04a6dcc1 random: use computational hash for entropy extraction
947fe5551 random: simplify entropy debiting
a52fd92f3 random: use linear min-entropy accumulation crediting
4bb4af1e5 random: always wake up entropy writers after extraction
f7035d74b random: make credit_entropy_bits() always safe
485aa238b random: remove use_input_pool parameter from crng_reseed()
9ffb875e3 random: remove batched entropy locking
5c232a7cc random: fix locking in crng_fast_load()
537a3f9a5 random: use RDSEED instead of RDRAND in entropy extraction
daa5f5841 random: inline leaves of rand_initialize()
c7b429d51 random: ensure early RDSEED goes through mixer on init
cd892c93e random: do not xor RDRAND when writing into /dev/random
b5d2b75a9 random: absorb fast pool into input pool after fast load
d235e1060 random: use hash function for crng_slow_load()
0b52d1108 random: remove outdated INT_MAX >> 6 check in urandom_read()
aefaf03f2 random: zero buffer after reading entropy from userspace
9394b9de7 random: tie batched entropy generation to base_crng generation
762bb1335 random: remove ifdef'd out interrupt bench
f11aa43ef random: remove unused tracepoints
a48f32c59 random: add proper SPDX header
09d521422 random: deobfuscate irq u32/u64 contributions
d7ce9b9f0 random: introduce drain_entropy() helper to declutter crng_reseed()
0ef707702 random: remove useless header comment
b8e1a473d random: remove whitespace and reorder includes
68824c958 random: group initialization wait functions
da00b95ee random: group entropy extraction functions
12a4c3176 random: group entropy collection functions
a4eb29be0 random: group userspace read/write functions
7ba915b7a random: group sysctl functions
9806351a3 random: rewrite header introductory comment
8ac56e8b0 random: defer fast pool mixing to worker
126e304ed random: do not take pool spinlock at boot
ca9812119 random: unify early init crng load accounting
216e077cb random: check for crng_init == 0 in add_device_randomness()
af9186973 random: pull add_hwgenerator_randomness() declaration into random.h
5667ea501 random: clear fast pool, crng, and batches in cpuhp bring up
0b6b0286d random: round-robin registers as ulong, not u32
f7f980386 random: only wake up writers after zap if threshold was passed
cd6df9cde random: cleanup UUID handling
8cac39f5f random: unify cycles_t and jiffies usage and types
3536444f6 random: do crng pre-init loading in worker rather than irq
1af6c1310 random: give sysctl_random_min_urandom_seed a more sensible value
1f18d4c5e random: don't let 644 read-only sysctls be written to
1fd43b623 random: use SipHash as interrupt entropy accumulator
fdcc9268c random: make consistent usage of crng_ready()
454fba54a random: reseed more often immediately after booting
b1dfbba5b random: check for signal and try earlier when generating entropy
7f0827e93 random: skip fast_init if hwrng provides large chunk of entropy
a01a33922 random: treat bootloader trust toggle the same way as cpu trust toggle
6ac62d41e random: re-add removed comment about get_random_{u32,u64} reseeding
998d8ab52 random: mix build-time latent entropy into pool at init
d0c4d4f3f random: do not split fast init input in add_hwgenerator_randomness()
992bd55b6 random: do not allow user to keep crng key around on stack
813d26162 random: check for signal_pending() outside of need_resched() check
c0d393168 random: check for signals every PAGE_SIZE chunk of /dev/[u]random
b8e4a7548 random: make random_get_entropy() return an unsigned long
4f64ce885 random: document crng_fast_key_erasure() destination possibility
2bcae122e random: fix sysctl documentation nits
451c15a3a init: call time_init() before rand_initialize()
25837be81 ia64: define get_cycles macro for arch-override
814163fcc s390: define get_cycles macro for arch-override
26a7b0b46 parisc: define get_cycles macro for arch-override
5140b239c alpha: define get_cycles macro for arch-override
6d2ca6431 powerpc: define get_cycles macro for arch-override
c11d423b1 timekeeping: Add raw clock fallback for random_get_entropy()
75e791c13 m68k: use fallback for random_get_entropy() instead of zero
1e693c731 mips: use fallback for random_get_entropy() instead of just c0 random
06d2eaa55 arm: use fallback for random_get_entropy() instead of zero
79865c4c4 nios2: use fallback for random_get_entropy() instead of zero
3812ff1b4 x86/tsc: Use fallback for random_get_entropy() instead of zero
8ba9989ec um: use fallback for random_get_entropy() instead of zero
02eb7b546 sparc: use fallback for random_get_entropy() instead of zero
1c879df58 xtensa: use fallback for random_get_entropy() instead of zero
c9d485cc6 random: insist on random_get_entropy() existing in order to simplify
2f139dc36 random: do not use batches when !crng_ready()
2a4aa7df9 random: do not pretend to handle premature next security model
78f4fb639 random: order timer entropy functions below interrupt functions
cfaa6f247 random: do not use input pool from hard IRQs
2ba686edd random: help compiler out with fast_mix() by using simpler arguments
08902ffba siphash: use one source of truth for siphash permutations
62b594e00 random: use symbolic constants for crng_init states
0406a9a12 random: avoid initializing twice in credit race
63b39aacc random: remove ratelimiting for in-kernel unseeded randomness
faaa1f40c random: use proper jiffies comparison macro
4367dcf0c random: handle latent entropy and command line from random_init()
8bd75e23e random: credit architectural init the exact amount
9b3d1415a random: use static branch for crng_ready()
2a1094121 random: remove extern from functions in header
cfc2063de random: use proper return types on get_random_{int,long}_wait()
a2e81d0fd random: move initialization functions out of hot pages
4cca1316a Revert "random: move initialization functions out of hot pages"
50a7f45dc random: move randomize_page() into mm where it belongs
620213135 random: convert to using fops->write_iter()
8e8e72563 random: wire up fops->splice_{read,write}_iter()
a966d2243 random: check for signals after page of pool writes
48b725fd2 Revert "random: use static branch for crng_ready()"
820f7f592 crypto: drbg - add FIPS 140-2 CTRNG for noise source
3b4a36910 crypto: drbg - always seeded with SP800-90B compliant noise source
6d0d2f119 crypto: drbg - prepare for more fine-grained tracking of seeding state
785ac808c crypto: drbg - track whether DRBG was seeded with !rng_is_initialized()
13c7a5644 crypto: drbg - move dynamic ->reseed_threshold adjustments to __drbg_seed()
3ac6f6bc4 crypto: drbg - always try to free Jitter RNG instance
bd232a145 crypto: drbg - make reseeding from get_random_bytes() synchronous
cf5b9ee93 random: avoid checking crng_ready() twice in random_init()
5f02278a2 random: mark bootloader randomness code as __init
51b73b0c6 random: account for arch randomness in bits
d377bec25 ASoC: cs42l52: Fix TLV scales for mixer controls
29e0f6a21 ASoC: cs53l30: Correct number of volume levels on SX controls
51de7420b ASoC: cs42l52: Correct TLV for Bypass Volume
bbeacb865 ASoC: cs42l56: Correct typo in minimum level for SX volume controls
caba1e32b ata: libata-core: fix NULL pointer deref in ata_host_alloc_pinfo()
68d768258 ASoC: wm8962: Fix suspend while playing music
77b08cffe scsi: vmw_pvscsi: Expand vcpuHint to 16 bits
200ff2db7 scsi: lpfc: Fix port stuck in bypassed state after LIP in PT2PT topology
22fdf1d57 scsi: ipr: Fix missing/incorrect resource cleanup in error case
6ca36e715 scsi: pmcraid: Fix missing resource cleanup in error case
b02806a12 virtio-mmio: fix missing put_device() when vm_cmdline_parent registration failed
4ebabf319 nfc: nfcmrvl: Fix memory leak in nfcmrvl_play_deferred
fb34df422 ipv6: Fix signed integer overflow in l2tp_ip6_sendmsg
b98d276d4 net: ethernet: mtk_eth_soc: fix misuse of mem alloc interface netdev[napi]_alloc_frag
f38d5eb68 random: credit cpu and bootloader seeds by default
e0d8c7982 pNFS: Don't keep retrying if the server replied NFS4ERR_LAYOUTUNAVAILABLE
27bb51296 i40e: Fix call trace in setup_tx_descriptors
abc9dc073 tty: goldfish: Fix free_irq() on remove
f145660c8 misc: atmel-ssc: Fix IRQ check in ssc_probe
9779917cf net: bgmac: Fix an erroneous kfree() in bgmac_remove()
4d73d5cd6 arm64: ftrace: fix branch range checks
74010bc09 certs/blacklist_hashes.c: fix const confusion in certs blacklist
cbffa98c7 irqchip/gic/realview: Fix refcount leak in realview_gic_of_init
b1fb1c037 comedi: vmk80xx: fix expression for tx buffer size
97c8ded17 USB: serial: option: add support for Cinterion MV31 with new baseline
29a10e945 USB: serial: io_ti: add Agilent E5805A support
5de53c79f usb: dwc2: Fix memory leak in dwc2_hcd_init
8700a9b5c usb: gadget: lpc32xx_udc: Fix refcount leak in lpc32xx_udc_probe
0ade37073 serial: 8250: Store to lsr_save_flags after lsr read
a0af7056d ext4: fix bug_on ext4_mb_use_inode_pa
76c884dbd ext4: make variable "count" signed
4364c0f1f ext4: add reserved GDT blocks check
aed703abd virtio-pci: Remove wrong address verification in vp_del_vqs()
9493fdccb l2tp: don't use inet_shutdown on ppp session destroy
56653516f l2tp: fix race in pppol2tp_release with session object destroy
83afd3334 s390/mm: use non-quiescing sske for KVM switch to keyed guest
ec6072aeb usb: gadget: u_ether: fix regression in setting fixed MAC address
d24b8340e xprtrdma: fix incorrect header size calculations
7c44e000f tcp: add some entropy in __inet_hash_connect()
1333253e3 tcp: use different parts of the port_offset for index and offset
1e51c2796 tcp: add small random increments to the source port
1ca19b196 tcp: dynamically allocate the perturb table used by source ports
61667893c tcp: increase source port perturb table to 2^16
675f218f8 tcp: drop the hash_32() part from the index calculation
9238c196a Linux 4.14.285
6190a1c41 Fix error being caused due to rename from 6145f0155dbf4f4ba07c52281e0f2d651996c44e
b0e4bbb4c vt: drop old FONT ioctls
84913c39d random: schedule mix_interrupt_randomness() less often
a3d214e05 ata: libata: add qc->flags in ata_qc_complete_template tracepoint
6cec8dbcf dm era: commit metadata in postsuspend after worker stops
9b959b4ed random: quiet urandom warning ratelimit suppression message
943f62744 USB: serial: option: add Telit LE910Cx 0x1250 composition
6e859c832 USB: serial: option: add Quectel EM05-G modem
7ce563cfc USB: serial: option: add Quectel RM500K module support
7e74d705f bonding: ARP monitor spams NETDEV_NOTIFY_PEERS notifiers
98cec1904 x86/xen: Remove undefined behavior in setup_features()
d4eb6af9f MIPS: Remove repetitive increase irq_err_count
db0e28171 igb: Make DMA faster when CPU is active on the PCIe link
01b0d8204 iio: adc: vf610: fix conversion mode sysfs node name
d2f81a5b1 usb: chipidea: udc: check request status before setting device address
fcdcba33d iio:accel:bma180: rearrange iio trigger get and register
acb17abdd iio: accel: mma8452: ignore the return value of reset operation
d8d7e4879 iio: gyro: mpu3050: Fix the error handling in mpu3050_power_up()
78ca8cf2e iio: trigger: sysfs: fix use-after-free on remove
031e89360 iio: adc: axp288: Override TS pin bias current for some models
2cbecd2bf xtensa: xtfpga: Fix refcount leak bug in setup
3ffc302cd xtensa: Fix refcount leak bug in time.c
b49ba55dc powerpc: Enable execve syscall exit tracepoint
350b754c4 powerpc/rtas: Allow ibm,platform-dump RTAS call with null buffer address
cafce2cc8 powerpc/powernv: wire up rng during setup_arch
7113b5868 ARM: dts: imx6qdl: correct PU regulator ramp delay
03f496ef6 ARM: exynos: Fix refcount leak in exynos_map_pmu
94c4e4dbb ARM: Fix refcount leak in axxia_boot_secondary
cbd3b48e7 ARM: cns3xxx: Fix refcount leak in cns3xxx_init
5a3e78f3a modpost: fix section mismatch check for exported init/exit sections
ea84616d2 powerpc/pseries: wire up rng during setup_arch()
dbf88d93d drm: remove drm_fb_helper_modinit
f405a8ff0 xen: unexport __init-annotated xen_xlate_map_ballooned_pages()
c4a0b5ac2 fdt: Update CRC check for rng-seed
844ed142a kexec_file: drop weak attribute from arch_kexec_apply_relocations[_add]
bb9de4db8 swiotlb: skip swiotlb_bounce when orig_addr is zero
d2683cd80 Linux 4.14.286
aa0144f9a nvdimm: Fix badblocks clear off-by-one error
965e0dd09 dm raid: fix accesses beyond end of raid member array
7bf3ede02 dm raid: fix KASAN warning in raid5_add_disks
a95e413b4 s390/archrandom: simplify back to earlier design and initialize earlier
89ae82c34 SUNRPC: Fix READ_PLUS crasher
2e740af23 net: rose: fix UAF bugs caused by timer handler
abf07bf27 net: usb: ax88179_178a: Fix packet receiving
dcc68a2c2 RDMA/qedr: Fix reporting QP timeout attribute
cd8e3aa74 usbnet: fix memory allocation in helpers
8cd996a03 net: ipv6: unexport __init-annotated seg6_hmac_net_init()
d1a0889f0 caif_virtio: fix race between virtio_device_ready() and ndo_open()
1d2182bd0 netfilter: nft_dynset: restore set element counter when failing to update
58b193264 net: bonding: fix possible NULL deref in rlb code
a8bb05aed net: bonding: fix use-after-free after 802.3ad slave unbind
524ddb7fd nfc: nfcmrvl: Fix irq_of_parse_and_map() return value
3c51cf173 NFC: nxp-nci: Don't issue a zero length i2c_master_read()
bf91cb735 xen/gntdev: Avoid blocking in unmap_grant_pages()
e47182939 hwmon: (ibmaem) don't call platform_device_del() if platform_device_add() fails
2f86b1a43 sit: use min
5dc8baac4 ipv6/sit: fix ipip6_tunnel_get_prl return value
a6f4a461d net: Rename and export copy_skb_header
9615f0c67 xen/blkfront: fix leaking data in shared pages
3e595e7b7 xen/netfront: fix leaking data in shared pages
04c567fbb xen/netfront: force data bouncing when backend is untrusted
ed03dfec5 xen/blkfront: force data bouncing when backend is untrusted
2249115d0 xen/arm: Fix race in RB-tree based P2M accounting
f7f9c5f98 net: usb: qmi_wwan: add Telit 0x1060 composition
d056a8005 net: usb: qmi_wwan: add Telit 0x1070 composition
3fa28b4ed Linux 4.14.287
bd626c8d2 esp: limit skb_page_frag_refill use to a single page
a3202c632 mm/slub: add missing TID updates on slab deactivation
ce750b233 can: grcan: grcan_probe(): remove extra of_node_get()
ec530701a can: gs_usb: gs_usb_open/close(): fix memory leak
2c272fa08 usbnet: fix memory leak in error case
acb501e42 net: rose: fix UAF bug caused by rose_t0timer_expiry
457d45d78 iommu/vt-d: Fix PCI bus rescan device hot add
40963d44b video: of_display_timing.h: include errno.h
ccd8efd23 powerpc/powernv: delay rng platform device creation until later in boot
48a78a21f xfs: remove incorrect ASSERT in xfs_rename
6adf64b52 pinctrl: sunxi: a83t: Fix NAND function name for some pins
d44a01e57 i2c: cadence: Unregister the clk notifier in error path
10d32b4b7 ida: don't use BUG_ON() for debugging
9551ca684 dmaengine: at_xdma: handle errors of at_xdmac_alloc_desc() correctly
ab6f961a5 dmaengine: ti: Fix refcount leak in ti_dra7_xbar_route_allocate
3c11a99d0 dmaengine: ti: Add missing put_device in ti_dra7_xbar_route_allocate
049fae87e Linux 4.14.288
cd7856175 ALSA: hda - Add fixup for Dell Latitidue E5430
204ae1666 ALSA: hda/conexant: Apply quirk for another HP ProDesk 600 G3 model
bafe73c0f xen/netback: avoid entering xenvif_rx_next_skb() with an empty rx queue
8dc43686d net: sock: tracing: Fix sock_exceed_buf_limit not to dereference stale pointer
aaa9cc007 ARM: 9213/1: Print message about disabled Spectre workarounds only once
8e5194ce9 ARM: 9214/1: alignment: advance IT state after emulating Thumb instruction
765d8f82a cgroup: Use separate src/dst nodes when preloading css_sets for migration
72f331346 nilfs2: fix incorrect masking of permission flags for symlinks
51171cc6d net: dsa: bcm_sf2: force pause link settings
83bef1700 xhci: bail out early if driver can't accress host in resume
a4ab1fc92 xhci: make xhci_handshake timeout for xhci_reset() adjustable
72ac10c6d ARM: 9209/1: Spectre-BHB: avoid pr_info() every time a CPU comes out of idle
c2ddbabcc inetpeer: Fix data-races around sysctl.
1cc727659 net: Fix data-races around sysctl_mem.
009cbb674 cipso: Fix data-races around sysctl.
00816a60e icmp: Fix data-races around sysctl.
19ca6d063 ARM: dts: sunxi: Fix SPI NOR campatible on Orange Pi Zero
d722117d7 icmp: Fix a data-race around sysctl_icmp_ratelimit.
6199a7aa3 icmp: Fix a data-race around sysctl_icmp_ratemask.
4497acd06 ipv4: Fix data-races around sysctl_ip_dynaddr.
b551e47c3 sfc: fix use after free when disabling sriov
614b08a7a seg6: fix skb checksum evaluation in SRH encapsulation/insertion
170bbbc68 seg6: fix skb checksum in SRv6 End.B6 and End.B6.Encaps behaviors
ff34b00f6 sfc: fix kernel panic when creating VF
69b63695b virtio_mmio: Add missing PM calls to freeze/restore
c8c3d74dc virtio_mmio: Restore guest page size on resume
6adf1b2cd netfilter: br_netfilter: do not skip all hooks with 0 priority
2340c9f5c cpufreq: pmac32-cpufreq: Fix refcount leak bug
842d4066a platform/x86: hp-wmi: Ignore Sanitization Mode event
89df6acaf net: tipc: fix possible refcount leak in tipc_sk_create()
9c550b95c NFC: nxp-nci: don't print header length mismatch on i2c error
dbc834d4a net: sfp: fix memory leak in sfp_probe()
64237de3a ASoC: ops: Fix off by one in range control validation
8734a922a ASoC: wm5110: Fix DRE control
ab88c4734 irqchip: or1k-pic: Undefine mask_ack for level triggered hardware
47a535a45 x86: Clear .brk area at early boot
c3347d640 signal handling: don't use BUG_ON() for debugging
7e1c8e4d8 USB: serial: ftdi_sio: add Belimo device ids
bd22112af usb: dwc3: gadget: Fix event pending check
68c6f91cf tty: serial: samsung_tty: set dma burst_size to 1
86535855d serial: 8250: fix return error code in serial8250_request_std_resource()
b00b8b0de mm: invalidate hwpoison page cache page in fault path
f6464f054 can: m_can: m_can_tx_handler(): fix use after free of skb
d818a8e6f Linux 4.14.289
98f0240ea xen/gntdev: Ignore failure to unmap INVALID_GRANT_HANDLE
b507b2b88 xfrm: xfrm_policy: fix a possible double xfrm_pols_put() in xfrm_bundle_lookup()
bef64a661 power/reset: arm-versatile: Fix refcount leak in versatile_reboot_probe
0cb274d51 perf/core: Fix data race between perf_event_set_output() and perf_mmap_close()
1822494ae ip: Fix a data-race around sysctl_fwmark_reflect.
19de8dc18 tcp/dccp: Fix a data-race around sysctl_tcp_fwmark_accept.
1a9167ecb tcp: Fix a data-race around sysctl_tcp_probe_threshold.
649dd2283 tcp: Fix a data-race around sysctl_tcp_probe_interval.
927545013 i2c: cadence: Change large transfer count reset logic to be unconditional
ade776e05 net: stmmac: fix dma queue left shift overflow issue
b364b6908 igmp: Fix data-races around sysctl_igmp_llm_reports.
6f9a55169 igmp: Fix a data-race around sysctl_igmp_max_memberships.
103ed03aa tcp: Fix a data-race around sysctl_tcp_notsent_lowat.
e55849a5a be2net: Fix buffer overflow in be_get_module_eeprom
43e6d9f14 Revert "Revert "char/random: silence a lockdep splat with printk()""
72132e8ba mm/mempolicy: fix uninit-value in mpol_rebind_policy()
210907655 bpf: Make sure mac_header was set before using it
1d4f0948f drm/tilcdc: Remove obsolete crtc_mode_valid() hack
093445c56 tilcdc: tilcdc_external: fix an incorrect NULL check on list iterator
886b26c2e ALSA: memalloc: Align buffer allocations in page size
8367b8b06 Bluetooth: Add bt_skb_sendmsg helper
b764a6f85 Bluetooth: Add bt_skb_sendmmsg helper
bc7275ab8 Bluetooth: SCO: Replace use of memcpy_from_msg with bt_skb_sendmsg
52c973fa9 Bluetooth: RFCOMM: Replace use of memcpy_from_msg with bt_skb_sendmmsg
7d248afdc Bluetooth: Fix passing NULL to PTR_ERR
db1a9ed65 Bluetooth: SCO: Fix sco_send_frame returning skb->len
7cb94da34 Bluetooth: Fix bt_skb_sendmmsg not allocating partial chunks
584782b44 tty: drivers/tty/, stop using tty_schedule_flip()
231f23798 tty: the rest, stop using tty_schedule_flip()
1f8924485 tty: drop tty_schedule_flip()
a059c6d53 tty: extract tty_flip_buffer_commit() from tty_flip_buffer_push()
6d57717ec tty: use new tty_insert_flip_string_and_push_buffer() in pty_write()
f81344fab net: usb: ax88179_178a needs FLAG_SEND_ZLP
19875e485 PCI: hv: Fix multi-MSI to allow more than one MSI vector
db6fa38d1 PCI: hv: Fix hv_arch_irq_unmask() for multi-MSI
c841483fc PCI: hv: Reuse existing IRTE allocation in compose_msi_msg()
855358443 PCI: hv: Fix interrupt mapping for multi-MSI
32d00fc11 Linux 4.14.290
a726e95ea Bluetooth: L2CAP: Fix use-after-free caused by l2cap_chan_put
d891b3108 ntfs: fix use-after-free in ntfs_ucsncmp()
f8b330ef5 s390/archrandom: prevent CPACF trng invocations in interrupt context
dab459304 scsi: ufs: host: Hold reference returned by of_parse_phandle()
06efc5e1a net: ping6: Fix memleak in ipv6_renew_options().
037626e41 net: sungem_phy: Add of_node_put() for reference returned by of_get_parent()
0cfcfd4f7 netfilter: nf_queue: do not allow packet truncation below transport header offset
3819fbdb9 ARM: crypto: comment out gcc warning that breaks clang builds
8612b0da0 mt7601u: add USB device ID for some versions of XiaoDu WiFi Dongle.
9545d40a2 ACPI: video: Force backlight native for some TongFang devices
1a3663495 ACPI: video: Shortening quirk list by identifying Clevo by board_name only
4bdb3d49d macintosh/adb: fix oob read in do_adb_query() function
9e14e92fe Makefile: link with -z noexecstack --no-warn-rwx-segments
f6e499efa x86: link vdso and boot with -z noexecstack --no-warn-rwx-segments
a38e68d9d ALSA: bcd2000: Fix a UAF bug on the error path of probing
7b9092f7b add barriers to buffer_uptodate and set_buffer_uptodate
478b2aa9c HID: wacom: Don't register pad_input for touch switch
fc4fb1d90 KVM: SVM: Don't BUG if userspace injects an interrupt with GIF=0
dc61d409d KVM: x86: Mark TSS busy during LTR emulation _after_ all fault checks
bf1315d58 KVM: x86: Set error code to segment selector on LLDT/LTR non-canonical #GP
d4f2d5650 ALSA: hda/conexant: Add quirk for LENOVO 20149 Notebook model
80215a01e ALSA: hda/cirrus - support for iMac 12,1 model
15519c9f0 vfs: Check the truncate maximum size in inode_newsize_ok()
a31c0f8ed fs: Add missing umask strip in vfs_tmpfile
c4690e29e usbnet: Fix linkwatch use-after-free on disconnect
ba20121eb parisc: Fix device names in /proc/iomem
bdbcd6df6 drm/nouveau: fix another off-by-one in nvbios_addr
4d7fe3c74 drm/amdgpu: Check BO's requested pinning domains against its preferred_domains
9853063dd iio: light: isl29028: Fix the warning in isl29028_remove()
4b8297492 fuse: limit nsec
546af299c md-raid10: fix KASAN warning
431bb50f9 ia64, processor: fix -Wincompatible-pointer-types in ia64_get_irr()
fab797598 PCI: Add defines for normal and subtractive PCI bridges
dcfebf50a powerpc/fsl-pci: Fix Class Code of PCIe Root Port
5d9a5b37a powerpc/powernv: Avoid crashing if rng is NULL
b27fd451d MIPS: cpuinfo: Fix a warning for CONFIG_CPUMASK_OFFSTACK
355621901 USB: HCD: Fix URB giveback issue in tasklet function
06e7b9c05 netfilter: nf_tables: fix null deref due to zeroed list head
c2c57a588 arm64: Do not forget syscall when starting a new thread.
2813145c2 ext2: Add more validity checks for inode counts
b1a0390dd ARM: dts: imx6ul: add missing properties for sram
2f631690e ARM: dts: imx6ul: fix qspi node compatible
213575696 ARM: OMAP2+: display: Fix refcount leak bug
e0bae4def ACPI: PM: save NVS memory for Lenovo G40-45
d91a2e2a3 ACPI: LPSS: Fix missing check in register_device_clock()
f66403e10 PM: hibernate: defer device probing when resuming from hibernation
8787b380a selinux: Add boundary check in put_entry()
8e08e8dbd ARM: findbit: fix overflowing offset
064ac05fa ARM: bcm: Fix refcount leak in bcm_kona_smc_init
5d1d20feb x86/pmem: Fix platform-device leak in error path
74a05db1d ARM: dts: ast2500-evb: fix board compatible
70d31916e soc: fsl: guts: machine variable might be unset
1cd655441 cpufreq: zynq: Fix refcount leak in zynq_get_revision
131db20e3 ARM: dts: qcom: pm8841: add required thermal-sensor-cells
42dec725f arm64: dts: qcom: msm8916: Fix typo in pronto remoteproc node
fcf746944 regulator: of: Fix refcount leak bug in of_get_regulation_constraints()
80b009ab6 thermal/tools/tmon: Include pthread and time headers in tmon.h
03fe07528 dm: return early from dm_pr_call() if DM device is suspended
afa1122fe drm/radeon: fix potential buffer overflow in ni_set_mc_special_registers()
bdf405576 drm/mediatek: Add pull-down MIPI operation in mtk_dsi_poweroff function
e3596b50e i2c: Fix a potential use after free
5cb08b309 ath9k: fix use-after-free in ath9k_hif_usb_rx_cb
a19e5a24c wifi: iwlegacy: 4965: fix potential off-by-one overflow in il4965_rs_fill_link_cmd()
ead505376 drm: bridge: adv7511: Add check for mipi_dsi_driver_register
a4a202eb0 media: hdpvr: fix error value returns in hdpvr_read
18da6bc41 drm/vc4: dsi: Correct DSI divider calculations
6ac35b3e2 drm/rockchip: vop: Don't crash for invalid duplicate_state()
146411f51 drm/mediatek: dpi: Remove output format of YUV
d0114f222 drm: bridge: sii8620: fix possible off-by-one
3b5fec7ed media: platform: mtk-mdp: Fix mdp_ipi_comm structure alignment
cd865715e tcp: make retransmitted SKB fit into the send window
78180d839 selftests: timers: valid-adjtimex: build fix for newer toolchains
4e958bed5 selftests: timers: clocksource-switch: fix passing errors from child
ee543d5d5 fs: check FMODE_LSEEK to control internal pipe splicing
bcf735d32 wifi: wil6210: debugfs: fix info leak in wil_write_file_wmi()
b5e320508 wifi: p54: Fix an error handling path in p54spi_probe()
4448119de wifi: p54: add missing parentheses in p54_flush()
21dd3b857 can: pch_can: do not report txerr and rxerr during bus-off
c820be7a4 can: rcar_can: do not report txerr and rxerr during bus-off
9e132fbfa can: sja1000: do not report txerr and rxerr during bus-off
1f4eba17f can: hi311x: do not report txerr and rxerr during bus-off
b792e9743 can: sun4i_can: do not report txerr and rxerr during bus-off
2380bbb44 can: usb_8dev: do not report txerr and rxerr during bus-off
054d1ad00 can: error: specify the values of data[5..7] of CAN error frames
67030bc2b can: pch_can: pch_can_error(): initialize errc before using it
b45e0edee Bluetooth: hci_intel: Add check for platform_driver_register
d744d5398 i2c: cadence: Support PEC for SMBus block read
b0a3c5ff8 i2c: mux-gpmux: Add of_node_put() when breaking out of loop
710d7c358 wifi: wil6210: debugfs: fix uninitialized variable use in `wil_write_file_wmi()`
80a013bbd wifi: libertas: Fix possible refcount leak in if_usb_probe()
39d30fb97 net: rose: fix netdev reference changes
c0cd330a6 dccp: put dccp_qpolicy_full() and dccp_qpolicy_push() in the same lock
2a4c897c2 mtd: maps: Fix refcount leak in of_flash_probe_versatile
29152e583 mtd: maps: Fix refcount leak in ap_flash_init
194350f0f mtd: sm_ftl: Fix deadlock caused by cancel_work_sync in sm_release
116b2fbfe mtd: st_spi_fsm: Add a clk_disable_unprepare() in .probe()'s error path
7d4587845 fpga: altera-pr-ip: fix unsigned comparison with less than zero
4663287cf usb: host: Fix refcount leak in ehci_hcd_ppc_of_probe
65163f4eb usb: ohci-nxp: Fix refcount leak in ohci_hcd_nxp_probe
cca3146fe misc: rtsx: Fix an error handling path in rtsx_pci_probe()
139001f37 mmc: sdhci-of-esdhc: Fix refcount leak in esdhc_signal_voltage_switch
57923a857 memstick/ms_block: Fix some incorrect memory allocation
28e2af446 memstick/ms_block: Fix a memory leak
55af2b7e7 mmc: sdhci-of-at91: fix set_uhs_signaling rewriting of MC1R
8f132bce6 scsi: smartpqi: Fix DMA direction for RAID requests
00fa53a0f usb: gadget: udc: amd5536 depends on HAS_DMA
f2cef5075 RDMA/hfi1: fix potential memory leak in setup_base_ctxt()
802af6d3f gpio: gpiolib-of: Fix refcount bugs in of_mm_gpiochip_add_data()
c163733fa mmc: cavium-octeon: Add of_node_put() when breaking out of loop
393fae867 mmc: cavium-thunderx: Add of_node_put() when breaking out of loop
15bd1a7a4 USB: serial: fix tty-port initialized comments
bd9eeaffd platform/olpc: Fix uninitialized data in debugfs write
5747f9d52 mm/mmap.c: fix missing call to vm_unacct_memory in mmap_region
a590a9a3b RDMA/rxe: Fix error unwind in rxe_create_qp()
fab7d8e4e ext4: recover csum seed of tmp_inode after migrating to extents
7f5209a4b jbd2: fix assertion 'jh->b_frozen_data == NULL' failure when journal aborted
bfde33ab8 ASoC: mediatek: mt8173: Fix refcount leak in mt8173_rt5650_rt5676_dev_probe
76a1ea1ff ASoC: codecs: da7210: add check for i2c_add_driver
bc011609a ASoC: mediatek: mt8173-rt5650: Fix refcount leak in mt8173_rt5650_dev_probe
8e876a94d profiling: fix shift too large makes kernel panic
9d22a6cc4 tty: n_gsm: fix non flow control frames during mux flow off
758b990b4 tty: n_gsm: fix packet re-transmission without open control channel
8ed1a8e04 tty: n_gsm: fix race condition in gsmld_write()
3cef8ce84 remoteproc: qcom: wcnss: Fix handling of IRQs
425f09c6b vfio/ccw: Do not change FSM state in subchannel event
6bc897ca4 tty: n_gsm: fix wrong T1 retry count handling
cb32c8b9e tty: n_gsm: fix DM command
459b05e7e iommu/exynos: Handle failed IOMMU device registration properly
a0f765547 kfifo: fix kfifo_to_user() return type
8190dbe97 mfd: t7l66xb: Drop platform disable callback
4807110b7 iommu/arm-smmu: qcom_iommu: Add of_node_put() when breaking out of loop
637e64319 s390/zcore: fix race when reading from hardware system area
9759ae9a1 video: fbdev: amba-clcd: Fix refcount leak bugs
9848f9426 video: fbdev: sis: fix typos in SiS_GetModeID()
3a7a203ae powerpc/pci: Prefer PCI domain assignment via DT 'linux,pci-domain' and alias
16f3c06a4 powerpc/spufs: Fix refcount leak in spufs_init_isolated_loader
52790ad35 powerpc/xive: Fix refcount leak in xive_get_max_prio
0da11c4d1 powerpc/cell/axon_msi: Fix refcount leak in setup_msi_msg_address
5f5fe267b kprobes: Forbid probing on trampoline and BPF code areas
db2208552 powerpc/pci: Fix PHB numbering when using opal-phbid
6a002b33b genelf: Use HAVE_LIBCRYPTO_SUPPORT, not the never defined HAVE_LIBCRYPTO
f8ef9ca59 x86/numa: Use cpumask_available instead of hardcoded NULL check
dea5fafac video: fbdev: arkfb: Fix a divide-by-zero bug in ark_set_pixclock()
3c8fd4d84 tools/thermal: Fix possible path truncations
4c3d513e8 video: fbdev: vt8623fb: Check the size of screen before memset_io()
b28e87f97 video: fbdev: arkfb: Check the size of screen before memset_io()
4e2a33a51 video: fbdev: s3fb: Check the size of screen before memset_io()
dbc64e7d7 scsi: zfcp: Fix missing auto port scan and thus missing target ports
58a495b2f x86/olpc: fix 'logical not is only applied to the left hand side'
6eb05befe spmi: trace: fix stack-out-of-bound access in SPMI tracing functions
2d426431e ext4: add EXT4_INODE_HAS_XATTR_SPACE macro in xattr.h
e16e9c2d8 ext4: make sure ext4_append() always allocates new block
b174c3001 ext4: fix use-after-free in ext4_xattr_set_entry
d00915ab9 ext4: update s_overhead_clusters in the superblock during an on-line resize
7c39fa65a ext4: fix extent status tree race in writeback error recovery path
bffff00d9 ext4: correct max_inline_xattr_value_size computing
53bfe48ba ext4: correct the misjudgment in ext4_iget_extra_inode
e62ffcaf8 intel_th: pci: Add Raptor Lake-S CPU support
d1948ffab intel_th: pci: Add Raptor Lake-S PCH support
97708d4ea intel_th: pci: Add Meteor Lake-P support
9fd5141ee dm raid: fix address sanitizer warning in raid_resume
65b933905 dm raid: fix address sanitizer warning in raid_status
f056bdc22 net_sched: cls_route: remove from list when handle is 0
0948aa20e btrfs: reject log replay if there is unsupported RO compat flag
ef0f8329d KVM: Add infrastructure and macro to mark VM as bugged
57732cb36 KVM: x86: Check lapic_in_kernel() before attempting to set a SynIC irq
63da3be43 KVM: x86: Avoid theoretical NULL pointer dereference in kvm_irq_delivery_to_apic_fast()
167e61384 tcp: fix over estimation in sk_forced_mem_schedule()
6198a0348 scsi: sg: Allow waiting for commands to complete on removed device
f461e52c4 Revert "net: usb: ax88179_178a needs FLAG_SEND_ZLP"
4072c6a75 Bluetooth: L2CAP: Fix l2cap_global_chan_by_psm regression
cdbdd0313 net/9p: Initialize the iounit field during fid creation
2db115b80 net_sched: cls_route: disallow handle of 0
8647529bf powerpc/ptdump: Fix display of RW pages on FSL_BOOK3E
71a1c43d3 ALSA: info: Fix llseek return value when using callback
f188aafa6 rds: add missing barrier to release_refill
9f211b81e ata: libata-eh: Add missing command name
28d745c55 btrfs: fix lost error handling when looking up extended ref on log replay
eb4cf4e67 can: ems_usb: fix clang's -Wunaligned-access warning
2c8b51268 apparmor: fix quiet_denied for file rules
9b7a20c16 apparmor: Fix failed mount permission check error message
09f681989 apparmor: fix aa_label_asxprint return check
1f53a698c apparmor: fix reference count leak in aa_pivotroot()
0c8ec01a2 NFSv4: Fix races in the legacy idmapper upcall
f9d8d7261 NFSv4.1: RECLAIM_COMPLETE must handle EACCES
bf375c7f9 SUNRPC: Reinitialise the backchannel request buffers before reuse
94e383337 pinctrl: nomadik: Fix refcount leak in nmk_pinctrl_dt_subnode_to_map
731f8c1e9 pinctrl: qcom: msm8916: Allow CAMSS GP clocks to be muxed
5c4f5c310 ACPI: property: Return type of acpi_add_nondev_subnodes() should be bool
9f38a7b73 geneve: do not use RT_TOS for IPv6 flowlabel
f30c5738d vsock: Fix memory leak in vsock_connect()
97b97e972 vsock: Set socket state back to SS_UNCONNECTED in vsock_connect_timeout()
9dcfed3b6 tools build: Switch to new openssl API for test-libcrypto
c5e78e183 xen/xenbus: fix return type in xenbus_file_read()
f66ec6e54 atm: idt77252: fix use-after-free bugs caused by tst_timer
87c0138f0 nios2: page fault et.al. are *not* restartable syscalls...
3ae9680ed nios2: don't leave NULLs in sys_call_table[]
419947e29 nios2: traced syscall does need to check the syscall number
b97349010 nios2: fix syscall restart checks
46adc645b nios2: restarts apply only to the first sigframe we build...
7e0818194 nios2: add force_successful_syscall_return()
c777def28 netfilter: nf_tables: really skip inactive sets when allocating name
6a0c0ca87 powerpc/pci: Fix get_phb_number() locking
ab1161b47 i40e: Fix to stop tx_timeout recovery if GLOBR fails
39d08f126 fec: Fix timer capture timing in `fec_ptp_enable_pps()`
94c8464c1 igb: Add lock to avoid data race
800fd01d2 kbuild: clear LDFLAGS in the top Makefile
106093f95 btrfs: only write the sectors in the vertical stripe which has data stripes
33e6672f3 btrfs: raid56: don't trust any cached sector in __raid56_parity_recover()
0309435ef drm/meson: Fix refcount bugs in meson_vpu_has_available_connectors()
bc3bed0af PCI: Add ACS quirk for Broadcom BCM5750x NICs
4a051c687 irqchip/tegra: Fix overflow implicit truncation warnings
9790a89fe usb: host: ohci-ppc-of: Fix refcount leak bug
178d56d39 clk: qcom: ipq8074: dont disable gcc_sleep_clk_src
9712b1964 gadgetfs: ep_io - wait until IRQ finishes
910f792d6 cxl: Fix a memory leak in an error handling path
0df98689c drivers:md:fix a potential use-after-free bug
2e40afd91 ext4: avoid remove directory when directory is corrupted
b6fc3fee7 ext4: avoid resizing to a partial cluster size
3624cec17 tty: serial: Fix refcount leak bug in ucc_uart.c
272002f64 vfio: Clear the caps->buf to NULL after free
42682b45f mips: cavium-octeon: Fix missing of_node_put() in octeon2_usb_clocks_start
70cfcc34f ALSA: core: Add async signal helpers
db252a706 ALSA: timer: Use deferred fasync helper
eaf4ce644 smb3: check xattr value length earlier
02f53325f powerpc/64: Init jump labels before parse_early_param()
46c141f58 video: fbdev: i740fb: Check the argument of i740_calc_vclk()
0b6573528 MIPS: tlbex: Explicitly compare _PAGE_NO_EXEC against 0
c3076ecd2 Linux 4.14.291
636014420 Add back a missing arg. causing error from d0cd46d058ffc0a009e01d526d9942d9037002ad
79429d57d audit: fix potential double free on error path from fsnotify_add_inode_mark
16865569d parisc: Fix exception handler for fldw and fstw instructions
6f0a65ba6 pinctrl: amd: Don't save/restore interrupt status and wake status bits
b3e40bf78 xfrm: fix refcount leak in __xfrm_policy_check()
e85a2c04c af_key: Do not call xfrm_probe_algs in parallel
51750a220 rose: check NULL rose_loopback_neigh->loopback
4178b1dd3 bonding: 802.3ad: fix no transmission of LACPDUs
f900c4027 net: ipvtap - add __init/__exit annotations to module init/exit funcs
bf504c3ea netfilter: ebtables: reject blobs that don't provide all entry points
47046ca4c netfilter: nft_payload: report ERANGE for too long offset and length
ed4750c08 netfilter: nft_payload: do not truncate csum_offset and csum_type
f7952bfbc net: Fix data-races around weight_p and dev_weight_[rt]x_bias.
60e8516a0 ratelimit: Fix data-races in ___ratelimit().
c26e32136 net: Fix a data-race around sysctl_tstamp_allow_data.
60b8ea7c0 net: Fix a data-race around sysctl_net_busy_poll.
7c050cd10 net: Fix a data-race around sysctl_net_busy_read.
cec99df9d net: Fix a data-race around netdev_budget.
c3f734e7c net: Fix a data-race around netdev_budget_usecs.
c68674f81 net: Fix a data-race around sysctl_somaxconn.
4849436bd ixgbe: stop resetting SYSTIME in ixgbe_ptp_start_cyclecounter
367c9e7c2 btrfs: check if root is readonly while setting security xattr
3fd21f2ac loop: Check for overflow while configuring loop
efc497cad asm-generic: sections: refactor memory_intersects
14e614d0d mm/hugetlb: fix hugetlb not supporting softdirty tracking
cac326f64 md: call __md_stop_writes in md_stop
1f1793c75 mm: Force TLB flush for PFNMAP mappings before unlink_file_vma()
11dd18376 arm64: map FDT as RW for early_init_dt_scan()
a34f8ccc7 s390/mm: do not trigger write fault when vma does not allow VM_WRITE
3a65b8419 x86/cpu: Add Tiger Lake to Intel family
2cbea48f2 x86/bugs: Add "unknown" reporting for MMIO Stale Data
0709c3afd kbuild: Fix include path in scripts/Makefile.modpost
9b6a370a0 Bluetooth: L2CAP: Fix build errors in some archs
9fce5a5d5 media: pvrusb2: fix memory leak in pvr_probe
dd6c07de1 HID: hidraw: fix memory leak in hidraw_release()
bd79b05ec fbdev: fb_pm2fb: Avoid potential divide by zero error
8ed70eed7 ftrace: Fix NULL pointer dereference in is_ftrace_trampoline when ftrace is dead
6a38f1cc4 neigh: fix possible DoS due to net iface start/stop loop
152bf4883 s390/hypfs: avoid error message under KVM
d38cf989c netfilter: conntrack: NF_CONNTRACK_PROCFS should no longer default to y
57a1af15a kprobes: don't call disarm_kprobe() for disabled kprobes
292895a73 net: neigh: don't call kfree_skb() under spin_lock_irqsave()
ef6b7d59c Linux 4.14.292
923cf9040 bpf: Verifer, adjust_scalar_min_max_vals to always call update_reg_bounds()
8f867979d selftests/bpf: Fix test_align verifier log patterns
3903e1730 bpf: Fix the off-by-two error in range markings
20f309596 drm/msm/dsi: Fix number of regulators for msm8996_dsi_cfg
e4a844f9d platform/x86: pmc_atom: Fix SLP_TYPx bitfield mask
71f04dd3e wifi: cfg80211: debugfs: fix return type in ht40allow_map_read()
5db48076d ethernet: rocker: fix sleep in atomic context bug in neigh_timer_handler
d4215dac8 kcm: fix strp_init() order and cleanup
80536f5bc serial: fsl_lpuart: RS485 RTS polariy is inverse
7c34d0ed0 staging: rtl8712: fix use after free bugs
546e3079b vt: Clear selection before changing the font
e7f626c83 USB: serial: ftdi_sio: add Omron CS1W-CIF31 device id
c3551825b binder: fix UAF of ref->proc caused by race condition
ac86b95a5 drm/i915/reg: Fix spelling mistake "Unsupport" -> "Unsupported"
2755cd56c Input: rk805-pwrkey - fix module autoloading
63421a18f hwmon: (gpio-fan) Fix array out of bounds access
f34439bbd thunderbolt: Use the actual buffer in tb_async_error()
be50bdb4f xhci: Add grace period after xHC start to prevent premature runtime suspend.
ffd3c74ac USB: serial: cp210x: add Decagon UCA device id
1915075e5 USB: serial: option: add support for OPPO R11 diag port
e86bcb182 USB: serial: option: add Quectel EM060K modem
5fab8eccb USB: serial: option: add support for Cinterion MV32-WA/WB RmNet mode
650b0c760 usb: dwc2: fix wrong order of phy_power_on and phy_init
63e5e1bdf USB: cdc-acm: Add Icom PMR F3400 support (0c26:0020)
31a293260 usb-storage: Add ignore-residue quirk for NXP PN7462AU
d41dc1d34 s390/hugetlb: fix prepare_hugepage_range() check for 2 GB hugepages
2fda12c4d s390: fix nospec table alignments
5e4a8351e USB: core: Prevent nested device-reset calls
7b6c9dd2f usb: gadget: mass_storage: Fix cdrom data transfers on MAC-OS
1dfba45e1 wifi: mac80211: Don't finalize CSA in IBSS mode if state is disconnected
54c1d30cc net: mac802154: Fix a condition in the receive path
19843fd27 ALSA: seq: oss: Fix data-race for max_midi_devs access
792a8bcef ALSA: seq: Fix data-race at module auto-loading
e63249afd efi: capsule-loader: Fix use-after-free in efi_capsule_write
f0eeab437 wifi: iwlegacy: 4965: corrected fix for potential off-by-one overflow in il4965_rs_fill_link_cmd()
1a5c7a0a5 fs: only do a memory barrier for the first set_buffer_uptodate()
77932fbc5 Revert "mm: kmemleak: take a full lowmem check in kmemleak_*_phys()"
de931421f drm/amdgpu: Check num_gfx_rings for gfx v9_0 rb setup.
11b1cc16a drm/radeon: add a force flush to delay work when radeon
847da964d parisc: ccio-dma: Handle kmalloc failure in ccio_init_resources()
970d44f07 parisc: Add runtime check to prevent PA2.0 kernels on PA1.x machines
51bedb47b fbdev: chipsfb: Add missing pci_disable_device() in chipsfb_pci_init()
46a1e3c87 ALSA: emu10k1: Fix out of bounds access in snd_emu10k1_pcm_channel_alloc()
ac06901cb ALSA: aloop: Fix random zeros in capture data when using jiffies timer
46ab2d558 ALSA: usb-audio: Fix an out-of-bounds bug in __snd_usb_parse_audio_interface()
ce35997c3 kprobes: Prohibit probes in gate area
a3a6294dc scsi: mpt3sas: Fix use-after-free warning
94783b242 driver core: Don't probe devices after bus_type.match() probe deferral
e1a6627c4 netfilter: br_netfilter: Drop dst references before setting.
cde826bd0 netfilter: nf_conntrack_irc: Fix forged IP logic
4a731d194 sch_sfb: Don't assume the skb is still around after enqueueing to child
b78f3197a tipc: fix shift wrapping bug in map_get()
96ea2c951 ipv6: sr: fix out-of-bounds read when setting HMAC data.
22ab45c3a tcp: fix early ETIMEDOUT after spurious non-SACK RTO
92c83e358 sch_sfb: Also store skb len before calling child enqueue
8356e61d5 usb: dwc3: fix PHY disable sequence
ed4e7c526 USB: serial: ch341: fix lost character on LCR updates
0df5ca669 USB: serial: ch341: fix disabled rx timer on older devices
4c2482ab3 MIPS: loongson32: ls1c: Fix hang during startup
927656b43 SUNRPC: use _bh spinlocking on ->transport_lock
898e8a932 Linux 4.14.293
30e3fd3ca mm: Fix TLB flush for not-first PFNMAP mappings in unmap_region()
047eee2a8 drm/msm/rd: Fix FIFO-full deadlock
a6a2803df HID: ishtp-hid-clientHID: ishtp-hid-client: Fix comment typo
18808fcd9 tg3: Disable tg3 device on system reboot to avoid triggering AER
212f1b787 ieee802154: cc2520: add rc code in cc2520_tx()
eee497e59 platform/x86: acer-wmi: Acer Aspire One AOD270/Packard Bell Dot keymap fixes
63f5d2650 tracefs: Only clobber mode/uid/gid on remount if asked
4181ccbf4 Linux 4.14.294
7aa77445a of: fdt: fix off-by-one error in unflatten_dt_nodes()
9a9b3f591 gpio: mpc8xxx: Fix support for IRQ_TYPE_LEVEL_LOW flow_type in mpc85xx
60592fc52 drm/meson: Correct OSD1 global alpha value
6c235f0cd parisc: ccio-dma: Add missing iounmap in error path in ccio_probe()
2ac2d7671 cifs: don't send down the destination address to sendmsg for a SOCK_STREAM
5c6961eec ASoC: nau8824: Fix semaphore unbalance at error paths
758e8ab75 regulator: pfuze100: Fix the global-out-of-bounds access in pfuze100_regulator_probe()
fa7a62047 ALSA: hda/sigmatel: Keep power up while beep is enabled
c6dbb9ae4 net: usb: qmi_wwan: add Quectel RM520N
1937787d5 MIPS: OCTEON: irq: Fix octeon_irq_force_ciu_mapping()
94d2fa5c0 mksysmap: Fix the mismatch of 'L0' symbols in System.map
ace7bd8cb ALSA: hda/sigmatel: Fix unused variable warning for beep power change
bb0d729a6 wifi: mac80211: Fix UAF in ieee80211_scan_rx()
421140854 USB: core: Fix RST error in hub.c
bbe425ea1 USB: serial: option: add Quectel BG95 0x0203 composition
15cdd5398 USB: serial: option: add Quectel RM520N
a662021c7 ALSA: hda/tegra: set depop delay for tegra
a07e6ed11 ALSA: hda: add Intel 5 Series / 3400 PCI DID
8b28bd26a mm/slub: fix to return errno if kmalloc() fails
d42149a3e arm64: dts: rockchip: Remove 'enable-active-low' from rk3399-puma
53145b62e netfilter: nf_conntrack_sip: fix ct_sip_walk_headers
788151e84 netfilter: nf_conntrack_irc: Tighten matching on DCC message
c89d06353 iavf: Fix cached head and tail value for iavf_get_tx_pending
35571be7b ipvlan: Fix out-of-bound bugs caused by unset skb->mac_header
7b7fa42ec net: team: Unsync device addresses on ndo_stop
285c96cfb MIPS: lantiq: export clk_get_io() for lantiq_wdt.ko
1c059bfaa of: mdio: Add of_node_put() when breaking out of for_each_xx
6474c93af netfilter: ebtables: fix memory leak when blob is malformed
3176e49da can: gs_usb: gs_can_open(): fix race dev->can.state condition
77c3c6c6b perf kcore_copy: Do not check /proc/modules is unchanged
bc50d579d net: sunhme: Fix packet reception for len < RX_COPY_THRESHOLD
919616597 serial: Create uart_xmit_advance()
b00421833 serial: tegra: Use uart_xmit_advance(), fixes icount.tx accounting
9501f0f9e s390/dasd: fix Oops in dasd_alias_get_start_dev due to missing pavgroup
cfb856fbd Drivers: hv: Never allocate anything besides framebuffer from framebuffer memory region
374b6f593 media: em28xx: initialize refcount before kref_get
1652202f0 ext4: make directory inode spreading reflect flexbg size
8d9f5c69d Linux 4.14.295
ccb71c1c4 uas: add no-uas quirk for Hiksemi usb_disk
0422b49b9 usb-storage: Add Hiksemi USB3-FW to IGNORE_UAS
5c79a0c07 uas: ignore UAS for Thinkplus chips
3134d668d net: usb: qmi_wwan: Add new usb-id for Dell branded EM7455
8161047b3 ntfs: fix BUG_ON in ntfs_lookup_inode_by_name()
74d141a1d mmc: moxart: fix 4-bit bus width and remove 8-bit bus width
a0011e81d mm/page_alloc: fix race condition between build_all_zonelists and page allocation
19de582ea mm: prevent page_frag_alloc() from corrupting the memory
9ce9a8636 mm/migrate_device.c: flush TLB while holding PTL
04e25ced2 soc: sunxi: sram: Actually claim SRAM regions
257c90e1e soc: sunxi: sram: Fix debugfs info for A64 SRAM C
703a5caab Revert "drm: bridge: analogix/dp: add panel prepare/unprepare in suspend/resume time"
0ac5b1e28 Input: melfas_mip4 - fix return value check in mip4_probe()
b608a2ab8 usbnet: Fix memory leak in usbnet_disconnect()
b6b6242a1 nvme: add new line after variable declatation
daf397e73 nvme: Fix IOC_PR_CLEAR and IOC_PR_RELEASE ioctls for nvme devices
2b8c3c289 selftests: Fix the if conditions of in test_extra_filter()
d0b80212c clk: iproc: Minor tidy up of iproc pll data structures
bfd9392fe clk: iproc: Do not rely on node name for correct PLL setup
feb97a562 Makefile.extrawarn: Move -Wcast-function-type-strict to W=1
cfda75aa0 i2c: dev: prevent ZERO_SIZE_PTR deref in i2cdev_ioctl_rdwr()
a2b6d7f67 ARM: fix function graph tracer and unwinder dependencies
42a09300c fs: fix UAF/GPF bug in nilfs_mdt_destroy
c22c23cef dmaengine: xilinx_dma: cleanup for fetching xlnx,num-fstores property
b081e1d14 dmaengine: xilinx_dma: Report error in case of dma_set_mask_and_coherent API failure
9ef132a41 ARM: dts: fix Moxa SDIO 'compatible', remove 'sdhci' misnomer
128e0c8f0 net/ieee802154: fix uninit value bug in dgram_sendmsg
1e983f407 um: Cleanup syscall_handler_t cast in syscalls_32.h
05adb6c6d um: Cleanup compiler warning in arch/x86/um/tls_32.c
771b694d6 usb: mon: make mmapped memory read only
232c68e3e USB: serial: ftdi_sio: fix 300 bps rate for SIO
9fb3f70ff mmc: core: Replace with already defined values for readability
1bce91227 mmc: core: Terminate infinite loop in SD-UHS voltage switch
9874a6f6c rpmsg: qcom: glink: replace strncpy() with strscpy_pad()
12a368f7d netfilter: nf_queue: fix socket leak
b0871639b nilfs2: fix NULL pointer dereference at nilfs_bmap_lookup_at_level()
93f132839 nilfs2: fix leak of nilfs_root in case of writer thread creation failure
4c505b0f0 nilfs2: replace WARN_ONs by nilfs_error for checkpoint acquisition failure
cf2ab5f27 ceph: don't truncate file in atomic_open
cfa825f3c random: clamp credited irq bits to maximum mixed
fad457371 ALSA: hda: Fix position reporting on Poulsbo
4be1fc86e scsi: stex: Properly zero out the passthrough command structure
958051fef USB: serial: qcserial: add new usb-id for Dell branded EM7455
3d474a8da random: restore O_NONBLOCK support
f30661af4 random: avoid reading two cache lines on irq randomness
216ebd18e Input: xpad - add supported devices as contributed on github
9cb1114da Input: xpad - fix wireless 360 controller breaking after suspend
67af315a4 random: use expired timer rather than wq for mixing fast pool
bfcc22f8f ALSA: oss: Fix potential deadlock at unregistration
4961b0d72 ALSA: rawmidi: Drop register_mutex in snd_rawmidi_free()
1af32f6df ALSA: usb-audio: Fix potential memory leaks
b116d07d1 ALSA: usb-audio: Fix NULL dererence at error path
b7255923c iio: dac: ad5593r: Fix i2c read protocol requirements
5fe415bbd fs: dlm: fix race between test_bit() and queue_work()
d30a86143 fs: dlm: handle -EBUSY first in lock arg validation
3e20da28d HID: multitouch: Add memory barriers
f3646c606 quota: Check next/prev free block number after reading from quota file
10e3299c2 regulator: qcom_rpm: Fix circular deferral regression
ff69a0770 Revert "fs: check FMODE_LSEEK to control internal pipe splicing"
fcb940612 parisc: fbdev/stifb: Align graphics memory size to 4MB
521be2517 UM: cpuinfo: Fix a warning for CONFIG_CPUMASK_OFFSTACK
f47ed9a29 PCI: Sanitise firmware BAR assignments behind a PCI-PCI bridge
5807e5e92 fbdev: smscufx: Fix use-after-free in ufx_ops_open()
858670f55 nilfs2: fix use-after-free bug of struct nilfs_root
dbfdff69a nilfs2: fix lockdep warnings in page operations for btree nodes
54a382d12 nilfs2: fix lockdep warnings during disk space reclamation
a6ddea668 ext4: avoid crash when inline data creation follows DIO write
189006b73 ext4: fix null-ptr-deref in ext4_write_info
56304934e ext4: make ext4_lazyinit_thread freezable
9b2410a8a ext4: place buffer head allocation before handle start
f61bf28d3 livepatch: fix race between fork and KLP transition
1e013c5ff ftrace: Properly unset FTRACE_HASH_FL_MOD
4caeff210 ring-buffer: Allow splice to read previous partially read pages
477bf4ff2 ring-buffer: Check pending waiters when doing wake ups as well
53f16b3b2 ring-buffer: Fix race between reset page and reading page
552f92fba KVM: x86/emulator: Fix handing of POP SS to correctly set interruptibility
a0530c9d1 KVM: nVMX: Unconditionally purge queued/injected events on nested "exit"
2ac9d8c9b gcov: support GCC 12.1 and newer compilers
f04cac524 selinux: use "grep -E" instead of "egrep"
66ce06edd sh: machvec: Use char[] for section boundaries
918a38ec5 wifi: ath10k: add peer map clean up for peer delete in ath10k_sta_state()
d3ba46150 wifi: mac80211: allow bw change during channel switch in mesh
348abf02f wifi: rtl8xxxu: tighten bounds checking in rtl8xxxu_read_efuse()
985a56679 spi: qup: add missing clk_disable_unprepare on error in spi_qup_resume()
3fcc48c3e spi: qup: add missing clk_disable_unprepare on error in spi_qup_pm_resume_runtime()
ff849bbf8 wifi: rtl8xxxu: Fix skb misuse in TX queue selection
8cf76e7a9 wifi: rtl8xxxu: gen2: Fix mistake in path B IQ calibration
d43d56aa4 net: fs_enet: Fix wrong check in do_pd_setup
732213674 spi/omap100k:Fix PM disable depth imbalance in omap1_spi100k_probe
2985e4648 netfilter: nft_fib: Fix for rpath check with VRF devices
e4d44cb92 spi: s3c64xx: Fix large transfers with DMA
194dd286e vhost/vsock: Use kvmalloc/kvfree for larger packets.
10049d3fc mISDN: fix use-after-free bugs in l1oip timer handlers
2d6fcd589 tcp: fix tcp_cwnd_validate() to not forget is_cwnd_limited
cc24ef9a0 net: rds: don't hold sock lock when cancelling work from rds_tcp_reset_callbacks()
bcb65e4d2 bnx2x: fix potential memory leak in bnx2x_tpa_stop()
099544d92 drm/mipi-dsi: Detach devices when removing the host
40799b0d1 platform/x86: msi-laptop: Fix old-ec check for backlight registering
fe1db0999 platform/x86: msi-laptop: Fix resource cleanup
d00473bfb drm/bridge: megachips: Fix a null pointer dereference bug
b62b6494e mmc: au1xmmc: Fix an error handling path in au1xmmc_probe()
8e574f28c ASoC: eureka-tlv320: Hold reference returned from of_find_xxx API
a8e7e42b5 ALSA: dmaengine: increment buffer pointer atomically
4bb6e9308 mmc: wmt-sdmmc: Fix an error handling path in wmt_mci_probe()
0882b44d0 memory: of: Fix refcount leak bug in of_get_ddr_timings()
5ee147e84 soc: qcom: smsm: Fix refcount leak bugs in qcom_smsm_probe()
f3684c6f8 soc: qcom: smem_state: Add refcounting for the 'state->of_node'
c2a499e2e ARM: dts: turris-omnia: Fix mpp26 pin name and comment
afcc15055 ARM: dts: kirkwood: lsxl: fix serial line
17d3e3642 ARM: dts: kirkwood: lsxl: remove first ethernet port
03aa9cb79 ARM: Drop CMDLINE_* dependency on ATAGS
66eb869fc ARM: dts: exynos: fix polarity of VBUS GPIO of Origen
10b7eccdd iio: adc: at91-sama5d2_adc: fix AT91_SAMA5D2_MR_TRACKTIM_MAX
1caa64623 iio: inkern: only release the device node when done with it
d86863c11 iio: ABI: Fix wrong format of differential capacitance channel ABI.
3d3d480b6 clk: oxnas: Hold reference returned by of_get_parent()
8c5e5bc4b clk: tegra: Fix refcount leak in tegra210_clock_init
64313a3c1 clk: tegra: Fix refcount leak in tegra114_clock_init
c50ec790d clk: tegra20: Fix refcount leak in tegra20_clock_init
d8587a5e7 HSI: omap_ssi: Fix refcount leak in ssi_probe
617160823 HSI: omap_ssi_port: Fix dma_map_sg error check
69ec6c48f media: exynos4-is: fimc-is: Add of_node_put() when breaking out of loop
78fd2f3d4 tty: xilinx_uartps: Fix the ignore_status
966327bab media: xilinx: vipp: Fix refcount leak in xvip_graph_dma_init
25be2087a RDMA/rxe: Fix "kernel NULL pointer dereference" error
d1f29f982 RDMA/rxe: Fix the error caused by qp->sk
970d3e9b4 dyndbg: fix module.dyndbg handling
2bae8f042 dyndbg: let query-modname override actual module name
4ddc0b836 ata: fix ata_id_sense_reporting_enabled() and ata_id_has_sense_reporting()
820dc6a89 ata: fix ata_id_has_devslp()
662be9b24 ata: fix ata_id_has_ncq_autosense()
12f613339 ata: fix ata_id_has_dipm()
8ef19f7f1 md/raid5: Ensure stripe_fill happens on non-read IO with journal
783c8f6c1 xhci: Don't show warning for reinit on known broken suspend
8a60c3077 usb: gadget: function: fix dangling pnp_string in f_printer.c
5bcff0712 drivers: serial: jsm: fix some leaks in probe
c362172bc phy: qualcomm: call clk_disable_unprepare in the error handling
39ea5a12c firmware: google: Test spinlock on panic path to avoid lockups
67757abfd serial: 8250: Fix restoring termios speed after suspend
3a6dab8ca fsi: core: Check error number after calling ida_simple_get
f9e3fb9c7 mfd: intel_soc_pmic: Fix an error handling path in intel_soc_pmic_i2c_probe()
372ef1f64 mfd: fsl-imx25: Fix an error handling path in mx25_tsadc_setup_irq()
011da0bf4 mfd: lp8788: Fix an error handling path in lp8788_probe()
1b6e8afeb mfd: lp8788: Fix an error handling path in lp8788_irq_init() and lp8788_irq_init()
f97f2d1ca mfd: sm501: Add check for platform_driver_register()
9023579e7 dmaengine: ioat: stop mod_timer from resurrecting deleted timer in __cleanup()
b953e74e0 spmi: pmic-arb: correct duplicate APID to PPID mapping logic
bb7e0d0f5 clk: bcm2835: fix bcm2835_clock_rate_from_divisor declaration
43c56ec5f clk: ti: dra7-atl: Fix reference leak in of_dra7_atl_clk_probe
fc69402f6 mailbox: bcm-ferxrm-mailbox: Fix error check for dma_map_sg
f602a848b powerpc/math_emu/efp: Include module.h
1962377d0 powerpc/sysdev/fsl_msi: Add missing of_node_put()
13c0b7f9c powerpc/pci_dn: Add missing of_node_put()
7a9ffb020 powerpc/powernv: add missing of_node_put() in opal_export_attrs()
4433f4049 powerpc: Fix SPE Power ISA properties for e500v1 platforms
0e1109132 iommu/omap: Fix buffer overflow in debugfs
4836ee39a iommu/iova: Fix module config properly
24a7e4b15 crypto: cavium - prevent integer overflow loading firmware
a7e235188 f2fs: fix race condition on setting FI_NO_EXTENT flag
b682eb90b ACPI: video: Add Toshiba Satellite/Portege Z830 quirk
837299289 MIPS: BCM47XX: Cast memcmp() of function to (void *)
83eaac295 powercap: intel_rapl: fix UBSAN shift-out-of-bounds issue
d9aa670fb thermal: intel_powerclamp: Use get_cpu() instead of smp_processor_id() to avoid crash
12258610f NFSD: Return nfserr_serverfault if splice_ok but buf->pages have data
293712183 wifi: brcmfmac: fix invalid address access when enabling SCAN log level
99ecb0a0b openvswitch: Fix double reporting of drops in dropwatch
9cee7705f openvswitch: Fix overreporting of drops in dropwatch
347dbaa3c tcp: annotate data-race around tcp_md5sig_pool_populated
91f55f470 wifi: ath9k: avoid uninit memory read in ath9k_htc_rx_msg()
fdfca6d43 xfrm: Update ipcomp_scratches with NULL when freed
a1a8be79b wifi: brcmfmac: fix use-after-free bug in brcmf_netdev_start_xmit()
206135f52 Bluetooth: L2CAP: initialize delayed works at l2cap_chan_create()
588c83799 Bluetooth: hci_sysfs: Fix attempting to call device_add multiple times
9bcd647a2 can: bcm: check the result of can_send() in bcm_can_tx()
70e9f2351 wifi: rt2x00: don't run Rt5592 IQ calibration on MT7620
b93dcdeb4 wifi: rt2x00: set correct TX_SW_CFG1 MAC register for MT7620
21a709ef1 wifi: rt2x00: set SoC wmac clock register
b453dd8dd wifi: rt2x00: correctly set BBP register 86 for MT7620
e5e7c1d4e net: If sock is dead don't access sock's sk_wq in sk_stream_wait_memory
d061a8971 Bluetooth: L2CAP: Fix user-after-free
e317ad407 r8152: Rate limit overflow messages
bb2887375 drm: Use size_t type for len variable in drm_copy_field()
36732d1f3 drm: Prevent drm_copy_field() to attempt copying a NULL pointer
fd10cf5cc drm/vc4: vec: Fix timings for VEC modes
f595f4230 platform/x86: msi-laptop: Change DMI match / alias strings to fix module autoloading
451014818 drm/amdgpu: fix initial connector audio value
022225bf5 ARM: dts: imx7d-sdb: config the max pressure for tsc2046
60e3c5796 ARM: dts: imx6q: add missing properties for sram
5fa462bc9 ARM: dts: imx6dl: add missing properties for sram
e52fff534 ARM: dts: imx6qp: add missing properties for sram
ce624cd2a ARM: dts: imx6sl: add missing properties for sram
742204aee media: cx88: Fix a null-ptr-deref bug in buffer_prepare()
f31bf40e7 scsi: 3w-9xxx: Avoid disabling device if failing to enable it
5ceb39ac9 nbd: Fix hung when signal interrupts nbd_start_device_ioctl()
8248434b8 HID: roccat: Fix use-after-free in roccat_read()
c39985fcd md/raid5: Wait for MD_SB_CHANGE_PENDING in raid5d
94c2f3f6f usb: host: xhci: Fix potential memory leak in xhci_alloc_stream_info()
da1309166 usb: musb: Fix musb_gadget.c rxstate overflow bug
1d934003e Revert "usb: storage: Add quirk for Samsung Fit flash"
4b7fa974b usb: idmouse: fix an uninit-value in idmouse_open
acbbcaee2 perf intel-pt: Fix segfault in intel_pt_print_info() with uClibc
7f9a6f35a net: ieee802154: return -EINVAL for unknown addr type
c79519373 net/ieee802154: don't warn zero-sized raw_sendmsg()
bd2fe8067 ext4: continue to expand file system when the target size doesn't reach
5f3f05c68 md: Replace snprintf with scnprintf
0ad6104d9 efi: libstub: drop pointless get_memory_map() call
196a774c5 inet: fully convert sk->sk_rx_dst to RCU rules
b03451d36 thermal: intel_powerclamp: Use first online CPU as control_cpu
aa1bda32c Linux 4.14.296
3b6de4fbc Revert "x86/cpu: Add a steppings field to struct x86_cpu_id"
b4ef16672 x86/cpufeature: Add facility to check for min microcode revisions
17f5de1e3 x86/cpufeature: Fix various quality problems in the <asm/cpu_device_hd.h> header
9e3795905 x86/devicetable: Move x86 specific macro out of generic code
dcbc6f8b1 x86/cpu: Add consistent CPU match macros
f40160407 x86/cpu: Add a steppings field to struct x86_cpu_id
d9d195d1b x86/entry: Remove skip_r11rcx
f46fd4faa x86/cpufeatures: Move RETPOLINE flags to word 11
a89ee7690 x86/bugs: Report AMD retbleed vulnerability
a9b6dd778 x86/bugs: Add AMD retbleed= boot parameter
a3466a5ea x86/bugs: Keep a per-CPU IA32_SPEC_CTRL value
6816669d1 x86/entry: Add kernel IBRS implementation
3c5ea39d6 x86/bugs: Optimize SPEC_CTRL MSR writes
c5445c12b x86/speculation: Add spectre_v2=ibrs option to support Kernel IBRS
33bcc64f8 x86/bugs: Split spectre_v2_select_mitigation() and spectre_v2_user_select_mitigation()
c93c21d8e x86/bugs: Report Intel retbleed vulnerability
7b1c8f707 entel_idle: Disable IBRS during long idle
8eb64a67b x86/speculation: Change FILL_RETURN_BUFFER to work with objtool
0db3194d7 x86/speculation: Add LFENCE to RSB fill sequence
6f5329251 x86/speculation: Fix RSB filling with CONFIG_RETPOLINE=n
75135b8a3 x86/speculation: Fix firmware entry SPEC_CTRL handling
fbaa0392f x86/speculation: Fix SPEC_CTRL write on SMT state change
abc4f5608 x86/speculation: Use cached host SPEC_CTRL value for guest entry/exit
15bc081df x86/speculation: Remove x86_spec_ctrl_mask
3fcb02c2d KVM: VMX: Prevent guest RSB poisoning attacks with eIBRS
072e0ae59 KVM: VMX: Fix IBRS handling after vmexit
0b4b0bfcc x86/speculation: Fill RSB on vmexit for IBRS
41b16e49d x86/common: Stamp out the stepping madness
d098eea2b x86/cpu/amd: Enumerate BTC_NO
921b4eb39 x86/bugs: Add Cannon lake to RETBleed affected CPU list
9fbb7ae84 x86/speculation: Disable RRSBA behavior
d43efbd15 x86/speculation: Use DECLARE_PER_CPU for x86_spec_ctrl_current
c2a5e9f04 x86/bugs: Warn when "ibrs" mitigation is selected on Enhanced IBRS parts
d7fce4711 x86/speculation: Add RSB VM Exit protections
49a05cc13 Linux 4.14.297
82b7b717b ocfs2: clear dinode links count in case of error
230958063 ocfs2: fix BUG when iput after ocfs2_mknod fails
8bc42c9ed x86/microcode/AMD: Apply the patch early on every logical thread
5bd8dc5f8 ata: ahci-imx: Fix MODULE_ALIAS
d828606a4 ata: ahci: Match EM_MAX_SLOTS with SATA_PMP_MAX_PORTS
8fddad470 KVM: arm64: vgic: Fix exit condition in scan_its_table()
ecee1fa8f arm64: errata: Remove AES hwcap for COMPAT tasks
e2fab5da6 r8152: add PID for the Lenovo OneLink+ Dock
55a8e5b55 btrfs: fix processing of delayed data refs during backref walking
f3800deb0 ACPI: extlog: Handle multiple records
21ebd9249 HID: magicmouse: Do not set BTN_MOUSE on double report
d9f0989e1 net/atm: fix proc_mpc_write incorrect return value
2a5c9cacd net: hns: fix possible memory leak in hnae_ae_register()
4f24b6693 iommu/vt-d: Clean up si_domain in the init_dmars() error path
013603886 media: v4l2-mem2mem: Apply DST_QUEUE_OFF_BASE on MMAP buffers across ioctls
f963b9370 ACPI: video: Force backlight native for more TongFang devices
309f73045 ALSA: Use del_timer_sync() before freeing timer
34564b78a ALSA: au88x0: use explicitly signed char
a44d0512c USB: add RESET_RESUME quirk for NVIDIA Jetson devices in RCM
396ed919d usb: dwc3: gadget: Don't set IMI for no_interrupt
ef5aadd3b usb: bdc: change state when port disconnected
e2bb8e76d usb: xhci: add XHCI_SPURIOUS_SUCCESS to ASM1042 despite being a V0.96 controller
634dbe197 xhci: Remove device endpoints from bandwidth list when freeing the device
977902c77 tools: iio: iio_utils: fix digit calculation
ee8d0bf50 iio: light: tsl2583: Fix module unloading
43d8d9f9a fbdev: smscufx: Fix several use-after-free bugs
403597e61 mac802154: Fix LQI recording
bdaa03c69 drm/msm/hdmi: fix memory corruption with too many bridges
01d232b54 mmc: core: Fix kernel panic when remove non-standard SDIO card
8b9c32b0e kernfs: fix use-after-free in __kernfs_remove
cd3a439de s390/futex: add missing EX_TABLE entry to __futex_atomic_op()
26e70a334 Xen/gntdev: don't ignore kernel unmapping error
924e00ce5 xen/gntdev: Prevent leaking grants
e8fbd131c mm,hugetlb: take hugetlb_lock before decrementing h->resv_huge_pages
49f96cc54 net: ieee802154: fix error return code in dgram_bind()
d87d6174e drm/msm: Fix return type of mdp4_lvds_connector_mode_valid
132418566 arc: iounmap() arg is volatile
80ab5039b ALSA: ac97: fix possible memory leak in snd_ac97_dev_register()
42381c61b x86/unwind/orc: Fix unreliable stack dump with gcov
030351a1e amd-xgbe: fix the SFP compliance codes check for DAC cables
c918faa22 amd-xgbe: add the bit rate quirk for Molex cables
df43e98cc kcm: annotate data-races around kcm->rx_psock
7785638c8 kcm: annotate data-races around kcm->rx_wait
b43964c90 net: lantiq_etop: don't free skb when returning NETDEV_TX_BUSY
6ebbbd362 tcp: fix indefinite deferral of RTO with SACK reneging
07c8fabcf can: mscan: mpc5xxx: mpc5xxx_can_probe(): add missing put_clock() in error path
b0b695884 PM: hibernate: Allow hybrid sleep to work with s2idle
0bf5c99a5 media: vivid: s_fbuf: add more sanity checks
ef93450db media: vivid: dev->bitmap_cap wasn't freed in all cases
43cbca1cf media: v4l2-dv-timings: add sanity checks for blanking values
2adf5494c media: videodev2.h: V4L2_DV_BT_BLANKING_HEIGHT should check 'interlaced'
00242e32c i40e: Fix ethtool rx-flow-hash setting for X722
9d921a0f1 i40e: Fix flow-type by setting GL_HASH_INSET registers
8138061cf net: ksz884x: fix missing pci_disable_device() on error in pcidev_init()
c61031f08 PM: domains: Fix handling of unavailable/disabled idle states
9654b13c9 ALSA: aoa: i2sbus: fix possible memory leak in i2sbus_add_dev()
85701e201 ALSA: aoa: Fix I2S device accounting
812cc4b69 openvswitch: switch from WARN to pr_warn
80a682350 net: ehea: fix possible memory leak in ehea_register_port()
c8dd850c3 can: rcar_canfd: rcar_canfd_handle_global_receive(): fix IRQ storm on global FIFO receive
129a1dd1c Linux 4.14.298
b4facbbb4 NFSv4.1: Handle RECLAIM_COMPLETE trunking errors
6a57df7a5 NFSv4.1: We must always send RECLAIM_COMPLETE after a reboot
10cd641f1 nfs4: Fix kmemleak when allocate slot failed
d606d02a0 net: dsa: Fix possible memory leaks in dsa_loop_init()
38daa9fb9 nfc: s3fwrn5: Fix potential memory leak in s3fwrn5_nci_send()
09d5cf8cb nfc: nfcmrvl: Fix potential memory leak in nfcmrvl_i2c_nci_send()
b9bcbadbb net: fec: fix improper use of NETDEV_TX_BUSY
ce2e04a23 ata: pata_legacy: fix pdc20230_set_piomode()
31cbf1d25 net: sched: Fix use after free in red_enqueue()
e25184b74 ipvs: use explicitly signed chars
a70b18e2a rose: Fix NULL pointer dereference in rose_send_frame()
7bef47109 mISDN: fix possible memory leak in mISDN_register_device()
6f94ee314 isdn: mISDN: netjet: fix wrong check of device registration
d6d761ccc btrfs: fix inode list leak during backref walking at resolve_indirect_refs()
c3487c35d btrfs: fix ulist leaks in error paths of qgroup self tests
b80457185 Bluetooth: L2CAP: Fix use-after-free caused by l2cap_reassemble_sdu
d7f18372d Bluetooth: L2CAP: fix use-after-free in l2cap_conn_del()
a2345209a net: mdio: fix undefined behavior in bit shift for __mdiobus_register
d72674005 net, neigh: Fix null-ptr-deref in neigh_table_clear()
cab7efbc5 media: s5p_cec: limit msg.len to CEC_MAX_MSG_SIZE
9a30444dc media: dvb-frontends/drxk: initialize err to 0
b4bc7e1fe i2c: xiic: Add platform module alias
055940067 Bluetooth: L2CAP: Fix attempting to access uninitialized memory
5a14194d0 block, bfq: protect 'bfqd->queued' by 'bfqd->lock'
f92dd2973 btrfs: fix type of parameter generation in btrfs_get_dentry
02a8c5114 tcp/udp: Make early_demux back namespacified.
f09d41771 capabilities: fix potential memleak on error path from vfs_getxattr_alloc()
3e0aea8d0 ALSA: usb-audio: Add quirks for MacroSilicon MS2100/MS2106 devices
01a11683b efi: random: reduce seed size to 32 bytes
6ef90a85e parisc: Make 8250_gsc driver dependend on CONFIG_PARISC
6230c47d1 parisc: Export iosapic_serial_irq() symbol for serial port driver
08ca1f770 ext4: fix warning in 'ext4_da_release_space'
8701673c3 KVM: x86: Mask off reserved bits in CPUID.80000008H
001ba9bd5 KVM: x86: emulator: em_sysexit should update ctxt->mode
a71662618 KVM: x86: emulator: introduce emulator_recalc_and_set_mode
32ad3c8ce KVM: x86: emulator: update the emulation mode after CR0 write
dbac3bb4d linux/const.h: prefix include guard of uapi/linux/const.h with _UAPI
49cd8870e linux/const.h: move UL() macro to include/linux/const.h
ed587b897 linux/bits.h: make BIT(), GENMASK(), and friends available in assembly
28eb85977 wifi: brcmfmac: Fix potential buffer overflow in brcmf_fweh_event_worker()
2ef28501c Linux 4.14.299
dee201820 HID: hyperv: fix possible memory leak in mousevsc_probe()
047164b9e net: gso: fix panic on frag_list with mixed head alloc types
99406d3f8 bnxt_en: fix potentially incorrect return value for ndo_rx_flow_steer
1ee6b5062 net: fman: Unregister ethernet device on removal
0fd5db5e7 capabilities: fix undefined behavior in bit shift for CAP_TO_MASK
659a20d5b net: lapbether: fix issue of dev reference count leakage in lapbeth_device_event()
9b880a12d hamradio: fix issue of dev reference count leakage in bpq_device_event()
162b262a9 drm/vc4: Fix missing platform_unregister_drivers() call in vc4_drm_register()
d28a18319 ipv6: addrlabel: fix infoleak when sending struct ifaddrlblmsg to network
c8fd0466e tipc: fix the msg->req tlv len check in tipc_nl_compat_name_table_dump_header
4f0e97d5b dmaengine: mv_xor_v2: Fix a resource leak in mv_xor_v2_remove()
d7469102b drivers: net: xgene: disable napi when register irq failed in xgene_enet_open()
95414bd72 net: cxgb3_main: disable napi when bind qsets failed in cxgb_up()
0a35ea40c ethernet: s2io: disable napi when start nic failed in s2io_card_up()
0a4dc9123 net: mv643xx_eth: disable napi when init rxq or txq failed in mv643xx_eth_open()
dba3b4dba net: macvlan: fix memory leaks of macvlan_common_newlink
b87761323 arm64: efi: Fix handling of misaligned runtime regions and drop warning
21c206d5e ALSA: hda: fix potential memleak in 'add_widget_node'
a1dd7452a ALSA: usb-audio: Add quirk entry for M-Audio Micro
c00e2308b nilfs2: fix deadlock in nilfs_count_free_blocks()
37fb9331a drm/i915/dmabuf: fix sg_table handling in map_dma_buf
877698222 platform/x86: hp_wmi: Fix rfkill causing soft blocked wifi
2772f56c1 btrfs: selftests: fix wrong error check in btrfs_free_dummy_root()
da7a3425d udf: Fix a slab-out-of-bounds write bug in udf_find_entry()
eb14d2787 cert host tools: Stop complaining about deprecated OpenSSL functions
3274d863a dmaengine: at_hdmac: Fix at_lli struct definition
6304c660f dmaengine: at_hdmac: Don't start transactions at tx_submit level
4d7eb0276 dmaengine: at_hdmac: Fix completion of unissued descriptor in case of errors
aeb9d805a dmaengine: at_hdmac: Don't allow CPU to reorder channel enable
850f7deda dmaengine: at_hdmac: Fix impossible condition
8ff67871c dmaengine: at_hdmac: Check return code of dma_async_device_register
1550331c4 x86/cpu: Restore AMD's DE_CFG MSR after resume
82600dad1 selftests/futex: fix build for clang
c89775513 drm/imx: imx-tve: Fix return type of imx_tve_connector_mode_valid
b96f5dadf Bluetooth: L2CAP: Fix l2cap_global_chan_by_psm
a7dd028a8 ASoC: core: Fix use-after-free in snd_soc_exit()
6949161fb serial: 8250_omap: remove wait loop from Errata i202 workaround
0e0aa7a80 serial: 8250: omap: Flush PM QOS work on remove
2d743044a tty: n_gsm: fix sleep-in-atomic-context bug in gsm_control_send
61e3da5ef ASoC: soc-utils: Remove __exit for snd_soc_util_exit()
e60e392ad block: sed-opal: kmalloc the cmd/resp buffers
c37883cbb parport_pc: Avoid FIFO port location truncation
71c6ee6ac pinctrl: devicetree: fix null pointer dereferencing in pinctrl_dt_to_map
be3ae2850 net: bgmac: Drop free_netdev() from bgmac_enet_remove()
801b0373a mISDN: fix possible memory leak in mISDN_dsp_element_register()
f187147f1 mISDN: fix misuse of put_device() in mISDN_register_device()
ff130be4d net: caif: fix double disconnect client in chnl_net_open()
413eeff93 xen/pcpu: fix possible memory leak in register_pcpu()
e5462e567 drbd: use after free in drbd_create_device()
55a3f8d61 net/x25: Fix skb leak in x25_lapb_receive_frame()
d0743ff7a cifs: Fix wrong return value checking when GETFLAGS
898fbab24 ftrace: Fix the possible incorrect kernel message
29d2038e2 ftrace: Optimize the allocation for mcount entries
acca9bbb5 ftrace: Fix null pointer dereference in ftrace_add_mod()
b35254872 ring_buffer: Do not deactivate non-existant pages
45038771c ALSA: usb-audio: Drop snd_BUG_ON() from snd_usbmidi_output_open()
bf9163332 USB: serial: option: add Sierra Wireless EM9191
867ca58cd USB: serial: option: remove old LARA-R6 PID
0b60796c8 USB: serial: option: add u-blox LARA-R6 00B modem
14c6b5877 USB: serial: option: add u-blox LARA-L6 modem
fb38513a6 USB: serial: option: add Fibocom FM160 0x0111 composition
124a38245 usb: add NO_LPM quirk for Realforce 87U Keyboard
5c7a87687 usb: chipidea: fix deadlock in ci_otg_del_timer
9897f4e24 iio: adc: at91_adc: fix possible memory leak in at91_adc_allocate_trigger()
00b92850d iio: trigger: sysfs: fix possible memory leak in iio_sysfs_trig_init()
8fb045ab0 iio: pressure: ms5611: changed hardcoded SPI speed to value limited
8870fe412 dm ioctl: fix misbehavior if list_versions races with module loading
a4ea2f499 serial: 8250: Fall back to non-DMA Rx if IIR_RDI occurs
e58894f29 serial: 8250_lpss: Configure DMA also w/o DMA filter
c338a4476 mmc: core: properly select voltage range without power cycle
6712ecee0 mmc: sdhci-pci: Fix possible memory leak caused by missing pci_dev_put()
7b8d9804c misc/vmw_vmci: fix an infoleak in vmci_host_do_receive_datagram()
b47518935 nilfs2: fix use-after-free bug of ns_writer on remount
47e0d64ad serial: 8250: Flush DMA Rx on RLSI
235dea580 macvlan: enforce a consistent minimal mtu
e7231580b tcp: cdg: allow tcp_cdg_release() to be called multiple times
a13ea2da9 kcm: avoid potential race in kcm_tx_work
67e6c57f1 bpf, test_run: Fix alignment problem in bpf_prog_test_run_skb()
c423978ae kcm: close race conditions on sk_receive_queue
cb3e57c97 9p: trans_fd/p9_conn_cancel: drop client lock earlier
ab6ab5a7c gfs2: Check sb_bsize_shift after reading superblock
f6e924b01 gfs2: Switch from strlcpy to strscpy
f3c6a2034 9p/trans_fd: always use O_NONBLOCK read/write
da33703aa mm: fs: initialize fsdata passed to write_begin/write_end interface
820535fbb ntfs: fix use-after-free in ntfs_attr_find()
85a5dcaef ntfs: fix out-of-bounds read in ntfs_attr_find()
74463e155 ntfs: check overflow when iterating ATTR_RECORDs
ae0746334 Linux 4.14.300
c30c3ddde Fix errors
fd8171b0e Revert "tcp/udp: Make early_demux back namespacified."
e8fed3228 wifi: mac80211_hwsim: fix debugfs attribute ps with rc table support
944876010 audit: fix undefined behavior in bit shift for AUDIT_BIT
7c945995f wifi: mac80211: Fix ack frame idr leak when mesh has no route
7ba41d697 spi: stm32: fix stm32_spi_prepare_mbr() that halves spi clk for every run
1ecfcbefd MIPS: pic32: treat port as signed integer
59dbde3cc af_key: Fix send_acquire race with pfkey_register
31c917ff7 ARM: dts: am335x-pcm-953: Define fixed regulators in root node
cb5ff7559 bus: sunxi-rsb: Support atomic transfers
4fcf35747 ARM: dts: at91: sam9g20ek: enable udc vbus gpio pinctrl
794967bf7 nfc/nci: fix race with opening and closing
2a0c09ce1 net: pch_gbe: fix potential memleak in pch_gbe_tx_queue()
bda4a4062 9p/fd: fix issue of list_del corruption in p9_fd_cancel()
69e3fc2f9 ARM: mxs: fix memory leak in mxs_machine_init()
f555ae7b0 net/mlx4: Check retval of mlx4_bitmap_init
f2b0bee82 net/qla3xxx: fix potential memleak in ql3xxx_send()
8a8e24880 xfrm: Fix ignored return value in xfrm6_init()
2a7e8a437 NFC: nci: fix memory leak in nci_rx_data_packet()
1667ab294 dccp/tcp: Reset saddr on failure after inet6?_hash_connect().
a52a98543 s390/dasd: fix no record found for raw_track_access
91536e484 nfc: st-nci: fix incorrect validating logic in EVT_TRANSACTION
dc07a5d4e nfc: st-nci: fix memory leaks in EVT_TRANSACTION
e921a92b4 net: thunderx: Fix the ACPI memory leak
eed4ef7e6 s390/crashdump: fix TOD programmable field size
a3c4d6f43 nios2: add FORCE for vmlinuz.gz
53002f02b arm64: dts: rockchip: lower rk3399-puma-haikou SD controller clock frequency
25a0f8133 iio: light: apds9960: fix wrong register for gesture gain
44b9575c9 iio: core: Fix entry not deleted when iio_register_sw_trigger_type() fails
ecb03a759 kconfig: display recursive dependency resolution hint just once
4d3f8c54e nilfs2: fix nilfs_sufile_mark_dirty() not set segment usage as dirty
fc7864317 Input: synaptics - switch touchpad on HP Laptop 15-da3001TU to RMI mode
1c13b0dda serial: 8250: 8250_omap: Avoid RS485 RTS glitch on ->set_termios()
073f4570f xen/platform-pci: add missing free_irq() in error path
d9f0ae070 platform/x86: asus-wmi: add missing pci_dev_put() in asus_wmi_set_xusb2pr()
0cb1ef4de platform/x86: acer-wmi: Enable SW_TABLET_MODE on Switch V 10 (SW5-017)
fa53b194a platform/x86: hp-wmi: Ignore Smart Experience App event
bc248803f tcp: configurable source port perturb table size
f3c0bcade net: usb: qmi_wwan: add Telit 0x103a composition
042a50148 drm/amdgpu: always register an MMU notifier for userptr
00485917b iio: health: afe4403: Fix oob read in afe4403_read_raw
d238c75fd iio: health: afe4404: Fix oob read in afe4404_[read|write]_raw
1065be758 iio: light: rpr0521: add missing Kconfig dependencies
75697907b hwmon: (i5500_temp) fix missing pci_disable_device()
d8c9c4e6f hwmon: (ibmpex) Fix possible UAF when ibmpex_register_bmc() fails
b99f9c8d3 of: property: decrement node refcount in of_fwnode_get_reference_args()
227e4cb6c net/mlx5: Fix uninitialized variable bug in outlen_write()
f53eb0334 can: sja1000_isa: sja1000_isa_probe(): add missing free_sja1000dev()
ad63d948f can: cc770: cc770_isa_probe(): add missing free_cc770dev()
deba57274 qlcnic: fix sleep-in-atomic-context bugs caused by msleep
b94e5f728 net: phy: fix null-ptr-deref while probe() failed
0ece2598b net: net_netdev: Fix error handling in ntb_netdev_init_module()
85b918282 net/9p: Fix a potential socket leak in p9_socket_open
1495a25c1 dsa: lan9303: Correct stat name
31aab6a98 net: hsr: Fix potential use-after-free
859538289 packet: do not set TP_STATUS_CSUM_VALID on CHECKSUM_COMPLETE
ad9467755 net: ethernet: renesas: ravb: Fix promiscuous mode after system resumed
abc47405b hwmon: (coretemp) Check for null before removing sysfs attrs
9a3217677 hwmon: (coretemp) fix pci device refcount leak in nv1a_ram_new()
36be2edba perf: Add sample_flags to indicate the PMU-filled sample data
1f6cf6164 btrfs: qgroup: fix sleep from invalid context bug in btrfs_qgroup_inherit()
908620d58 tools/vm/slabinfo-gnuplot: use "grep -E" instead of "egrep"
b84e2e58b nilfs2: fix NULL pointer dereference in nilfs_palloc_commit_free_entry()
c15220d7e x86/bugs: Make sure MSR_SPEC_CTRL is updated properly upon resume from S3
91bb77fe0 arm64: Fix panic() when Spectre-v2 causes Spectre-BHB to re-allocate KVM vectors
25a8b56ab arm64: errata: Fix KVM Spectre-v2 mitigation selection for Cortex-A57/A72
5bfaa15ca efi: random: Properly limit the size of the random seed
524142711 ASoC: ops: Fix bounds check for _sx controls
401160dfb pinctrl: single: Fix potential division by zero
5deaec84c iommu/vt-d: Fix PCI device refcount leak in dmar_dev_scope_init()
079ec2543 tcp/udp: Fix memory leak in ipv6_renew_options().
1c7cc688c nvme: restrict management ioctls to admin
4bf9c8a6a x86/tsx: Add a feature bit for TSX control MSR support
fb74ac3db x86/pm: Add enumeration check before spec MSRs save/restore setup
5ad39f69c Bluetooth: L2CAP: Fix accepting connection request for invalid SPSM
9141eb8d9 x86/ioremap: Fix page aligned size calculation in __ioremap_caller()
7a7b2b2d7 mmc: sdhci: use FIELD_GET for preset value bit masks
fa1319d3f mmc: sdhci: Fix voltage switch delay
5131dcbf8 proc: avoid integer type confusion in get_proc_long
5185195c3 proc: proc_skip_spaces() shouldn't think it is working on C strings
5b8557d78 v4l2: don't fall back to follow_pfn() if pin_user_pages_fast() fails
d139cac95 ipc/sem: Fix dangling sem_array access in semtimedop race
72f30aaf3 x86/nospec: Fix i386 RSB stuffing
167ee64aa Revert "x86/speculation: Change FILL_RETURN_BUFFER to work with objtool"
a91fe6f34 Linux 4.14.301
661f8cd20 arm: dts: rockchip: fix node name for hym8563 rtc
7976e3edf ARM: dts: rockchip: fix ir-receiver node names
ddea55cd2 ARM: 9251/1: perf: Fix stacktraces for tracepoint events in THUMB2 kernels
965dee7d5 ARM: 9266/1: mm: fix no-MMU ZERO_PAGE() implementation
3babe5493 ARM: dts: rockchip: disable arm_global_timer on rk3066 and rk3188
db762c4bc ALSA: seq: Fix function prototype mismatch in snd_seq_expand_var_event
47ef9aaf8 ASoC: soc-pcm: Add NULL check in BE reparenting
616ac6dc4 regulator: twl6030: fix get status of twl6032 regulators
9018dee8d net: usb: qmi_wwan: add u-blox 0x1342 composition
2b1daa576 xen/netback: Ensure protocol headers don't fall in the non-linear area
d2f294195 xen/netback: do some code cleanup
a7479fd1a xen/netback: don't call kfree_skb() with interrupts disabled
772f3591b rcutorture: Automatically create initrd directory
a130b82c9 media: v4l2-dv-timings.c: fix too strict blanking sanity checks
6ce38bd3c memcg: fix possible use-after-free in memcg_write_event_control()
72de62d20 KVM: s390: vsie: Fix the initialization of the epoch extension (epdx) field
29b7e240e HID: hid-lg4ff: Add check for empty lbuf
e06b8f785 HID: core: fix shift-out-of-bounds in hid_report_raw_event
ec086909f ieee802154: cc2520: Fix error return code in cc2520_hw_init()
7fe997a87 ca8210: Fix crash by zero initializing data
d17ae1cd8 gpio: amd8111: Fix PCI device reference count leak
aac801ebd e1000e: Fix TX dispatch condition
2d076aff0 igb: Allocate MSI-X vector when testing
f28d41664 Bluetooth: 6LoWPAN: add missing hci_dev_put() in get_l2cap_conn()
714e495e8 mac802154: fix missing INIT_LIST_HEAD in ieee802154_if_add()
6a343fb36 net: encx24j600: Add parentheses to fix precedence
cd65ad689 net: encx24j600: Fix invalid logic in reading of MISTAT register
bb94c958c net: mvneta: Prevent out of bounds read in mvneta_config_rss()
c6c3be0be NFC: nci: Bounds check struct nfc_target arrays
4ed29d930 net: stmmac: fix "snps,axi-config" node property parsing
c59496043 net: hisilicon: Fix potential use-after-free in hisi_femac_rx()
3b7a0ab52 net: hisilicon: Fix potential use-after-free in hix5hd2_rx()
f8f8e5430 tipc: Fix potential OOB in tipc_link_proto_rcv()
715447b57 ethernet: aeroflex: fix potential skb leak in greth_init_rings()
83654ac5c xen/netback: fix build warning
6a0fdafb2 net: plip: don't call kfree_skb/dev_kfree_skb() under spin_lock_irq()
8143b7468 ipv6: avoid use-after-free in ip6_fragment()
dac082f9b net: mvneta: Fix an out of bounds check
794e51541 Linux 4.14.302
5b2387d35 libtraceevent: Fix build with binutils 2.35
2a78a6111 once: add DO_ONCE_SLOW() for sleepable contexts
4c241ffc5 mm/khugepaged: fix GUP-fast interaction by sending IPI
d99b6083e mm/khugepaged: invoke MMU notifiers in shmem/file collapse paths
88eda1359 block: unhash blkdev part inode when the part is deleted
cb86dbe28 nfp: fix use-after-free in area_cache_get()
dd61e9cfe ASoC: ops: Check bounds for second channel in snd_soc_put_volsw_sx()
be71cce3c can: sja1000: fix size of OCR_MODE_MASK define
8ea33c665 can: mcba_usb: Fix termination command argument
d11aceaa9 ASoC: ops: Correct bounds check for second channel on SX controls
319143d54 perf script python: Remove explicit shebang from tests/attr.c
04a067723 udf: Discard preallocation before extending file with a hole
ac90a66c0 udf: Drop unused arguments of udf_delete_aext()
4ab2cea30 udf: Fix preallocation discarding at indirect extent boundary
afeb597a7 udf: Do not bother looking for prealloc extents if i_lenExtents matches i_size
26babe702 udf: Fix extending file within last block
e0c889bde usb: gadget: uvc: Prevent buffer overflow in setup handler
1306f3b68 USB: serial: option: add Quectel EM05-G modem
ddc67e2f0 USB: serial: cp210x: add Kamstrup RF sniffer PIDs
78f32ae5f igb: Initialize mailbox message for VF reset
ee01db010 Bluetooth: L2CAP: Fix u8 overflow
a25e5c828 net: loopback: use NET_NAME_PREDICTABLE for name_assign_type
86cdfc388 usb: musb: remove extra check in musb_gadget_vbus_draw
f10d1bf67 ARM: dts: qcom: apq8064: fix coresight compatible
cdae17605 drivers: soc: ti: knav_qmss_queue: Mark knav_acc_firmwares as static
1fe59dd07 arm: dts: spear600: Fix clcd interrupt
07759b01c soc: ti: smartreflex: Fix PM disable depth imbalance in omap_sr_probe
35fca414f arm64: dts: mediatek: mt6797: Fix 26M oscillator unit name
12c11ca23 ARM: dts: dove: Fix assigned-addresses for every PCIe Root Port
0655f456a ARM: dts: armada-370: Fix assigned-addresses for every PCIe Root Port
64f575a1d ARM: dts: armada-xp: Fix assigned-addresses for every PCIe Root Port
443152358 ARM: dts: armada-375: Fix assigned-addresses for every PCIe Root Port
c30977ec2 ARM: dts: armada-38x: Fix assigned-addresses for every PCIe Root Port
7fce32404 ARM: dts: armada-39x: Fix assigned-addresses for every PCIe Root Port
8c149af7d ARM: dts: turris-omnia: Add ethernet aliases
f7977807d ARM: dts: turris-omnia: Add switch port 6 node
0562e5d31 pstore/ram: Fix error return code in ramoops_probe()
6444aaeea ARM: mmp: fix timer_read delay
95d4feeb0 pstore: Avoid kcore oops by vmap()ing with VM_IOREMAP
f9ebf1079 tpm/tpm_crb: Fix error message in __crb_relinquish_locality()
8df1d184e cpuidle: dt: Return the correct numbers of parsed idle states
b0e15344e alpha: fix syscall entry in !AUDUT_SYSCALL case
b968143c0 PM: hibernate: Fix mistake in kerneldoc comment
80b5abcf3 fs: don't audit the capability check in simple_xattr_list()
19a1aa967 perf: Fix possible memleak in pmu_dev_alloc()
66ff76b2d timerqueue: Use rb_entry_safe() in timerqueue_getnext()
8a6d2567a ocfs2: fix memory leak in ocfs2_stack_glue_init()
12e57a65b MIPS: vpe-mt: fix possible memory leak while module exiting
4da26ff60 MIPS: vpe-cmp: fix possible memory leak while module exiting
7029f3544 PNP: fix name memory leak in pnp_alloc_dev()
dfe6904c6 irqchip: gic-pm: Use pm_runtime_resume_and_get() in gic_probe()
15c7ba2ab libfs: add DEFINE_SIMPLE_ATTRIBUTE_SIGNED for signed value
c8df8fbb5 lib/notifier-error-inject: fix error when writing -errno to debugfs file
b4129ab17 rapidio: fix possible name leaks when rio_add_device() fails
fdb37c38c rapidio: rio: fix possible name leak in rio_register_mport()
e00e67bf9 ACPICA: Fix use-after-free in acpi_ut_copy_ipackage_to_ipackage()
8f734e995 uprobes/x86: Allow to probe a NOP instruction with 0x66 prefix
b951aa1f3 x86/xen: Fix memory leak in xen_init_lock_cpu()
b4341b2c7 platform/x86: mxm-wmi: fix memleak in mxm_wmi_call_mx[ds|mx]()
5b50795b8 MIPS: BCM63xx: Add check for NULL for clk in clk_enable
e727e2213 fs: sysv: Fix sysv_nblocks() returns wrong value
00b4de247 rapidio: fix possible UAF when kfifo_alloc() fails
3c18a7512 eventfd: change int to __u64 in eventfd_signal() ifndef CONFIG_EVENTFD
71504d4c6 hfs: Fix OOB Write in hfs_asc2mac
7e949ab5c rapidio: devices: fix missing put_device in mport_cdev_open
99f4e9dd9 wifi: ath9k: hif_usb: fix memory leak of urbs in ath9k_hif_usb_dealloc_tx_urbs()
376c58b37 wifi: ath9k: hif_usb: Fix use-after-free in ath9k_hif_usb_reg_in_cb()
f309383d6 media: i2c: ad5820: Fix error path
c528dd407 spi: Update reference to struct spi_controller
81ef6a96c media: vivid: fix compose size exceed boundary
90e1e32ea mtd: Fix device name leak when register device failed in add_mtd_device()
adba61519 media: camss: Clean up received buffers on failed start of streaming
02fa5b10a drm/radeon: Add the missed acpi_put_table() to fix memory leak
e4b0bfc1a ASoC: pxa: fix null-pointer dereference in filter()
71f88404f regulator: core: fix unbalanced of node refcount in regulator_dev_lookup()
17a340bf1 ima: Fix misuse of dereference of pointer in template_desc_init_fields()
9aecda4fb wifi: ath10k: Fix return value in ath10k_pci_init()
ec8a351a4 mtd: lpddr2_nvm: Fix possible null-ptr-deref
4c302bd6f Input: elants_i2c - properly handle the reset GPIO when power is off
c0c84500f media: solo6x10: fix possible memory leak in solo_sysfs_init()
d25b66f4a media: platform: exynos4-is: Fix error handling in fimc_md_init()
6c48187f7 HID: hid-sensor-custom: set fixed size for custom attributes
5a252291b ALSA: seq: fix undefined behavior in bit shift for SNDRV_SEQ_FILTER_USE_EVENT
48a87c182 clk: rockchip: Fix memory leak in rockchip_clk_register_pll()
218b42986 mtd: maps: pxa2xx-flash: fix memory leak in probe
d7ece7918 media: imon: fix a race condition in send_packet()
6a0b9c28e pinctrl: pinconf-generic: add missing of_node_put()
636e3fc2b media: dvb-usb: az6027: fix null-ptr-deref in az6027_i2c_xfer()
6e7d309d2 media: s5p-mfc: Add variant data for MFC v7 hardware for Exynos 3250 SoC
f09f86c80 NFSv4.2: Fix a memory stomp in decode_attr_security_label
e6332ab30 NFSv4: Fix a deadlock between nfs4_open_recover_helper() and delegreturn
b05d6efd1 ALSA: asihpi: fix missing pci_disable_device()
8a5b49007 drm/radeon: Fix PCI device refcount leak in radeon_atrm_get_bios()
d9b3925e0 drm/amdgpu: Fix PCI device refcount leak in amdgpu_atrm_get_bios()
ab18d5f62 ASoC: pcm512x: Fix PM disable depth imbalance in pcm512x_probe
58d2776e2 bonding: uninitialized variable in bond_miimon_inspect()
4bbab5b99 regulator: core: fix module refcount leak in set_supply()
7a5bbfb06 media: saa7164: fix missing pci_disable_device()
e3cf0c7a5 ALSA: mts64: fix possible null-ptr-defer in snd_mts64_interrupt
e99ee5408 SUNRPC: Fix missing release socket in rpc_sockname()
800bd8b57 NFSv4.x: Fail client initialisation if state manager thread can't run
e3341dfe5 mmc: moxart: fix return value check of mmc_add_host()
a2cd9ee6f mmc: mxcmmc: fix return value check of mmc_add_host()
dfa126fd9 mmc: rtsx_usb_sdmmc: fix return value check of mmc_add_host()
22cffa225 mmc: toshsd: fix return value check of mmc_add_host()
1860e4de1 mmc: vub300: fix return value check of mmc_add_host()
9f3ee1201 mmc: wmt-sdmmc: fix return value check of mmc_add_host()
7ebadbc22 mmc: via-sdmmc: fix return value check of mmc_add_host()
ef7736ba7 mmc: wbsd: fix return value check of mmc_add_host()
af23478be mmc: mmci: fix return value check of mmc_add_host()
d44588578 media: c8sectpfe: Add of_node_put() when breaking out of loop
0945b0dfd media: coda: Add check for dcoda_iram_alloc
4fa916ce3 media: coda: Add check for kmalloc
4eb6a622a clk: samsung: Fix memory leak in _samsung_clk_register_pll()
0901191c1 wifi: rtl8xxxu: Add __packed to struct rtl8723bu_c2h
0f6bc5051 wifi: brcmfmac: Fix error return code in brcmf_sdio_download_firmware()
cf7857ce9 blktrace: Fix output non-blktrace event when blk_classic option enabled
076edad18 net: vmw_vsock: vmci: Check memcpy_from_msg()
289dd23cf net: defxx: Fix missing err handling in dfx_init()
a06874039 drivers: net: qlcnic: Fix potential memory leak in qlcnic_sriov_init()
3fd73ce5d ethernet: s2io: don't call dev_kfree_skb() under spin_lock_irqsave()
7aabfe5f5 net: farsync: Fix kmemleak when rmmods farsync
c2019155e net/tunnel: wait until all sk_user_data reader finish before releasing the sock
c47b6ce94 net: apple: mace: don't call dev_kfree_skb() under spin_lock_irqsave()
b5324b95f net: apple: bmac: don't call dev_kfree_skb() under spin_lock_irqsave()
a0ffdf4a5 net: emaclite: don't call dev_kfree_skb() under spin_lock_irqsave()
b826a519b net: ethernet: dnet: don't call dev_kfree_skb() under spin_lock_irqsave()
ac4492f4f hamradio: don't call dev_kfree_skb() under spin_lock_irqsave()
f859da00f net: amd: lance: don't call dev_kfree_skb() under spin_lock_irqsave()
045d64374 net: amd-xgbe: Check only the minimum speed for active/passive cables
b68407ee7 net: lan9303: Fix read error execution path
d6ede46c6 ntb_netdev: Use dev_kfree_skb_any() in interrupt context
41be2751f Bluetooth: btusb: don't call kfree_skb() under spin_lock_irqsave()
5c5bb7ad6 Bluetooth: hci_qca: don't call kfree_skb() under spin_lock_irqsave()
bdb5e1fcc Bluetooth: hci_h5: don't call kfree_skb() under spin_lock_irqsave()
7b379d276 Bluetooth: hci_bcsp: don't call kfree_skb() under spin_lock_irqsave()
aafc34176 Bluetooth: hci_core: don't call kfree_skb() under spin_lock_irqsave()
1ffb0c58a Bluetooth: RFCOMM: don't call kfree_skb() under spin_lock_irqsave()
0cd9d193d stmmac: fix potential division by 0
6495115f1 apparmor: fix a memleak in multi_transaction_new()
4a2bacf17 PCI: Check for alloc failure in pci_request_irq()
15750609b RDMA/hfi: Decrease PCI device reference count in error path
4bea21f1f RDMA/rxe: Fix NULL-ptr-deref in rxe_qp_do_cleanup() when socket create failed
4c53a3132 scsi: hpsa: Fix error handling in hpsa_add_sas_host()
9e09a2844 scsi: hpsa: Fix possible memory leak in hpsa_add_sas_device()
97d7907c2 scsi: fcoe: Fix possible name leak when device_register() fails
010357aed scsi: ipr: Fix WARNING in ipr_init()
033aaf372 scsi: fcoe: Fix transport not deattached when fcoe_if_init() fails
ad060ad84 scsi: snic: Fix possible UAF in snic_tgt_create()
aba1e5e37 RDMA/hfi1: Fix error return code in parse_platform_config()
52cacd989 orangefs: Fix sysfs not cleanup when dev init failed
43c0f94ff crypto: img-hash - Fix variable dereferenced before check 'hdev->req'
ff8c88a80 hwrng: amd - Fix PCI device refcount leak
f5979b4ed hwrng: geode - Fix PCI device refcount leak
83f34c098 IB/IPoIB: Fix queue count inconsistency for PKEY child interfaces
693958f26 drivers: dio: fix possible memory leak in dio_init()
97a045b79 class: fix possible memory leak in __class_register()
76f03643d vfio: platform: Do not pass return buffer to ACPI _RST method
e5a02ea8f uio: uio_dmem_genirq: Fix missing unlock in irq configuration
d3782e9e0 uio: uio_dmem_genirq: Fix deadlock between irq config and handling
3eac0c317 usb: fotg210-udc: Fix ages old endianness issues
009b243dd staging: vme_user: Fix possible UAF in tsi148_dma_list_add
ddaae46b4 serial: amba-pl011: avoid SBSA UART accessing DMACR register
a109f7ed0 serial: pch: Fix PCI device refcount leak in pch_request_dma()
17d99a5c1 serial: sunsab: Fix error handling in sunsab_init()
612fa31ca test_firmware: fix memory leak in test_firmware_init()
2fe6bdde3 misc: tifm: fix possible memory leak in tifm_7xx1_switch_media()
13216a44a misc: sgi-gru: fix use-after-free error in gru_set_context_option, gru_fault and gru_handle_user_call_os
c10081806 cxl: fix possible null-ptr-deref in cxl_guest_init_afu|adapter()
4575512fc cxl: fix possible null-ptr-deref in cxl_pci_init_afu|adapter()
a979a5acf drivers: mcb: fix resource leak in mcb_probe()
fe300b90d mcb: mcb-parse: fix error handing in chameleon_parse_gdd()
007dcf715 chardev: fix error handling in cdev_device_add()
d4431101c i2c: pxa-pci: fix missing pci_disable_device() on error in ce4100_i2c_probe
27b00f308 staging: rtl8192u: Fix use after free in ieee80211_rx()
b2ef3eb7a staging: rtl8192e: Fix potential use-after-free in rtllib_rx_Monitor()
bbecf9289 vme: Fix error not catched in fake_init()
36d8ab52d i2c: ismt: Fix an out-of-bounds bug in ismt_access()
508446864 usb: storage: Add check for kcalloc
61a468afb fbdev: ssd1307fb: Drop optional dependency
a98bc3d2b fbdev: pm2fb: fix missing pci_disable_device()
b1def15a6 fbdev: via: Fix error in via_core_init()
b28bedfb2 fbdev: vermilion: decrease reference count in error path
929f1fda0 fbdev: uvesafb: Fixes an error handling path in uvesafb_probe()
739720440 HSI: omap_ssi_core: fix unbalanced pm_runtime_disable()
48e76d3e5 HSI: omap_ssi_core: fix possible memory leak in ssi_probe()
6d94f6ff7 power: supply: fix residue sysfs file in error handle route of __power_supply_register()
4c78419ad HSI: omap_ssi_core: Fix error handling in ssi_init()
de7ba35b5 include/uapi/linux/swab: Fix potentially missing __always_inline
686789654 rtc: snvs: Allow a time difference on clock register read
4a406b8fc iommu/amd: Fix pci device refcount leak in ppr_notifier()
717fcfd66 iommu/fsl_pamu: Fix resource leak in fsl_pamu_probe()
153d267ff macintosh: fix possible memory leak in macio_add_one_device()
3a7b01694 macintosh/macio-adb: check the return value of ioremap()
22144d2d4 powerpc/52xx: Fix a resource leak in an error handling path
6a9eb4170 cxl: Fix refcount leak in cxl_calc_capp_routing
599f5444a powerpc/xive: add missing iounmap() in error path in xive_spapr_populate_irq_data()
ea467ecf0 powerpc/perf: callchain validate kernel stack pointer bounds
f6f3982b0 powerpc/83xx/mpc832x_rdb: call platform_device_put() in error case in of_fsl_spi_probe()
af0eef601 powerpc/hv-gpci: Fix hv_gpci event list
555cdaa3b selftests/powerpc: Fix resource leaks
38cbce358 rtc: st-lpc: Add missing clk_disable_unprepare in st_rtc_probe()
8cf142bc9 nfsd: under NFSv4.1, fix double svc_xprt_put on rpc_create failure
ee77cae97 mISDN: hfcsusb: don't call dev_kfree_skb/kfree_skb() under spin_lock_irqsave()
58a6d8df6 mISDN: hfcpci: don't call dev_kfree_skb/kfree_skb() under spin_lock_irqsave()
9bf1e047c mISDN: hfcmulti: don't call dev_kfree_skb/kfree_skb() under spin_lock_irqsave()
b5ece9181 nfc: pn533: Clear nfc_target before being used
3f457f3d8 r6040: Fix kmemleak in probe and remove
a97dcf2a6 openvswitch: Fix flow lookup to use unmasked key
44caf9f8e skbuff: Account for tail adjustment during pull operations
5c290be08 net_sched: reject TCF_EM_SIMPLE case for complex ematch module
865237f32 myri10ge: Fix an error handling path in myri10ge_probe()
d5de4fbc0 net: stream: purge sk_error_queue in sk_stream_kill_queues()
d105d08a0 binfmt_misc: fix shift-out-of-bounds in check_special_flags
3d7169140 fs: jfs: fix shift-out-of-bounds in dbAllocAG
068cb9bb1 udf: Avoid double brelse() in udf_rename()
92b5e34bf fs: jfs: fix shift-out-of-bounds in dbDiscardAG
6e534b36d ACPICA: Fix error code path in acpi_ds_call_control_method()
27d9dca4b nilfs2: fix shift-out-of-bounds/overflow in nilfs_sb2_bad_offset()
140b65495 acct: fix potential integer overflow in encode_comp_t()
3486172aa hfs: fix OOB Read in __hfs_brec_find
de31c64a1 wifi: ath9k: verify the expected usb_endpoints are present
c2d72a047 wifi: ar5523: Fix use-after-free on ar5523_cmd() timed out
507c447a1 ASoC: codecs: rt298: Add quirk for KBL-R RVP platform
fa1bee4b1 ipmi: fix memleak when unload ipmi driver
71429c261 bpf: make sure skb->len != 0 when redirecting to a tunneling device
7f7240e5f net: ethernet: ti: Fix return type of netcp_ndo_start_xmit()
10a53207a hamradio: baycom_epp: Fix return type of baycom_send_packet()
5d435ee88 wifi: brcmfmac: Fix potential shift-out-of-bounds in brcmf_fw_alloc_request()
06faabc31 igb: Do not free q_vector unless new one was allocated
bfae24127 s390/ctcm: Fix return type of ctc{mp,}m_tx()
d6b1d3675 s390/netiucv: Fix return type of netiucv_tx()
eef5c81d0 s390/lcs: Fix return type of lcs_start_xmit()
db2fd6869 drm/sti: Use drm_mode_copy()
9018c8567 md/raid1: stop mdx_raid1 thread when raid1 array run failed
48c302ac5 mrp: introduce active flags to prevent UAF when applicant uninit
cc82922c1 ppp: associate skb with a device at tx
47c386631 media: dvb-frontends: fix leak of memory fw
c000bf4ae media: dvbdev: adopts refcnt to avoid UAF
d61c7dde1 media: dvb-usb: fix memory leak in dvb_usb_adapter_init()
0db99155c blk-mq: fix possible memleak when register 'hctx' failed
0c6396328 mmc: f-sdh30: Add quirks for broken timeout clock capability
3d32574f0 media: si470x: Fix use-after-free in si470x_int_in_callback()
5c9a664ce clk: st: Fix memory leak in st_of_quadfs_setup()
5d775e1fd drm/fsl-dcu: Fix return type of fsl_dcu_drm_connector_mode_valid()
7daa495a6 drm/sti: Fix return type of sti_{dvo,hda,hdmi}_connector_mode_valid()
7c3b68668 orangefs: Fix kmemleak in orangefs_prepare_debugfs_help_string()
2202a2eec ASoC: mediatek: mt8173-rt5650-rt5514: fix refcount leak in mt8173_rt5650_rt5514_dev_probe()
b7369c68c ASoC: rockchip: pdm: Add missing clk_disable_unprepare() in rockchip_pdm_runtime_resume()
d4962442b ASoC: wm8994: Fix potential deadlock
02d9442ab ASoC: rockchip: spdif: Add missing clk_disable_unprepare() in rk_spdif_runtime_resume()
c2fd1c3cc ASoC: rt5670: Remove unbalanced pm_runtime_put()
f99d57aa4 pstore: Switch pmsg_lock to an rt_mutex to avoid priority inversion
cccd1dc96 pstore: Make sure CONFIG_PSTORE_PMSG selects CONFIG_RT_MUTEXES
1d8332cd8 usb: dwc3: core: defer probe on ulpi_read_id timeout
abd00740a HID: wacom: Ensure bootloader PID is usable in hidraw mode
d84054f72 reiserfs: Add missing calls to reiserfs_security_free()
47c67d897 iio: adc: ad_sigma_delta: do not use internal iio_dev lock
ce5994405 gcov: add support for checksum field
056bd49a8 media: dvbdev: fix refcnt bug
640eaa0a8 powerpc/rtas: avoid device tree lookups in rtas_os_term()
49db5f4ab powerpc/rtas: avoid scheduling in rtas_os_term()
c809e0072 HID: plantronics: Additional PIDs for double volume key presses quirk
062515ec7 hfsplus: fix bug causing custom uid and gid being unable to be assigned with mount
dbca03d0a ALSA: line6: correct midi status byte when receiving data from podxt
2b49b3fe5 ALSA: line6: fix stack overflow in line6_midi_transmit
91a4f5e11 pnode: terminate at peers of source
304024b99 md: fix a crash in mempool_free
5400c2428 mmc: vub300: fix warning - do not call blocking ops when !TASK_RUNNING
41eed85e2 tpm: tpm_crb: Add the missed acpi_put_table() to fix memory leak
cdcc7e489 tpm: tpm_tis: Add the missed acpi_put_table() to fix memory leak
10da670a0 media: stv0288: use explicitly signed char
7fcd4847f ktest.pl minconfig: Unset configs instead of just removing them
0adc9cd0c ARM: ux500: do not directly dereference __iomem
4166e2496 selftests: Use optional USERCFLAGS and USERLDFLAGS
534358f56 dm cache: Fix ABBA deadlock between shrink_slab and dm_cache_metadata_abort
e467f46b2 dm thin: Use last transaction's pmd->root when commit failed
934c5cc82 dm thin: Fix UAF in run_timer_softirq()
afacf09dd dm cache: Fix UAF in destroy()
179f88355 dm cache: set needs_check flag after aborting metadata
72c768f86 x86/microcode/intel: Do not retry microcode reloading on the APs
bd62e964c tracing: Fix infinite loop in tracing_read_pipe on overflowed print_trace_line
3736798a1 ARM: 9256/1: NWFPE: avoid compiler-generated __aeabi_uldivmod
2680cafd7 media: dvb-core: Fix double free in dvb_register_device()
5328507cf media: dvb-core: Fix UAF due to refcount races at releasing
9d8e33c26 cifs: fix confusing debug message
caa3cf361 ima: Fix a potential NULL pointer access in ima_restore_measurement_list
e2c7fe5b2 PCI: Fix pci_device_is_present() for VFs by checking PF
ffc78eab2 PCI/sysfs: Fix double free in error path
82ec1644f crypto: n2 - add missing hash statesize
b3ad4bf13 iommu/amd: Fix ivrs_acpihid cmdline parsing code
04699434e parisc: led: Fix potential null-ptr-deref in start_task()
68be2ad0c device_cgroup: Roll back to original exceptions after copy failure
04525e952 drm/connector: send hotplug uevent on connector cleanup
4f5762976 drm/vmwgfx: Validate the box size for the snooped cursor
d618dd9d4 ext4: add inode table check in __ext4_get_inode_loc to aovid possible infinite loop
7af0b761f ext4: fix undefined behavior in bit shift for ext4_check_flag_values
f8704f4ff ext4: fix bug_on in __es_tree_search caused by bad boot loader inode
c52faabcb ext4: init quota for 'old.inode' in 'ext4_rename'
b1bd2a034 ext4: fix error code return to user-space in ext4_get_branch()
5aee907d8 ext4: avoid BUG_ON when creating xattrs
2407a8ba0 ext4: fix inode leak in ext4_xattr_inode_create() on an error path
fe4ef2752 ext4: initialize quota before expanding inode in setproject ioctl
f6e5155ae ext4: avoid unaccounted block allocation when expanding inode
b3b64abb5 ext4: allocate extended attribute value in vmalloc area
b9c90b270 SUNRPC: ensure the matching upcall is in-flight upon downcall
be43dc51c bpf: pull before calling skb_postpull_rcsum()
9a3a1bf39 qlcnic: prevent ->dcb use-after-free on qlcnic_dcb_enable() failure
c60c8af30 nfc: Fix potential resource leaks
3c120fa72 net: amd-xgbe: add missed tasklet_kill
501df78a4 net: phy: xgmiitorgmii: Fix refcount leak in xgmiitorgmii_probe
cfe46f365 net: sched: atm: dont intepret cls results when asked to drop
81deaf5f7 usb: rndis_host: Secure rndis_query check against int overflow
f8ef6e35c caif: fix memory leak in cfctrl_linkup_request()
19cf8fe1c udf: Fix extension of the last extent in the file
68f4b13dc x86/bugs: Flush IBP in ib_prctl_set()
bffb46b06 nfsd: fix handling of readdir in v4root vs. mount upcall timeout
2d2804e26 hfs/hfsplus: use WARN_ON for sanity check
cde597dc8 hfs/hfsplus: avoid WARN_ON() for sanity check, use proper error handling
a33310a94 parisc: Align parisc MADV_XXX constants with all other architectures
fd828a28a driver core: Fix bus_type.match() error handling in __driver_attach()
7b54d473b ravb: Fix "failed to switch device to config mode" message during unbind
e7ff4caba net: sched: disallow noqueue for qdisc classes
97e04be4e docs: Fix the docs build with Sphinx 6.0
7d66dba14 perf auxtrace: Fix address filter duplicate symbol selection
d45f948ab s390/percpu: add READ_ONCE() to arch_this_cpu_to_op_simple()
46ccab67d net/ulp: prevent ULP without clone op from entering the LISTEN status
1eecccc5a ALSA: pcm: Move rwsem lock inside snd_ctl_elem_read to prevent UAF
bdf23143e platform/x86: sony-laptop: Don't turn off 0x153 keyboard backlight during probe
1d09e989d ipv6: raw: Deduct extension header length in rawv6_push_pending_frames
a2ec416a1 netfilter: ipset: Fix overflow before widen in the bitmap_ip_create() function.
1b73d6c73 x86/boot: Avoid using Intel mnemonics in AT&T syntax asm
0b54d20a2 EDAC/device: Fix period calculation in edac_device_reset_delay_period()
832eb43ad regulator: da9211: Use irq handler when ready
a399e35bc hvc/xen: lock console list traversal
39ec5d164 nfc: pn533: Wait for out_urb's completion in pn533_usb_send_frame()
93340ee31 Revert "usb: ulpi: defer ulpi_register on ulpi_read_id timeout"
0d7059b44 Linux 4.14.303
904d04bea pNFS/filelayout: Fix coalescing test for single DS
fd6d8d316 net/ethtool/ioctl: return -EOPNOTSUPP if we have no phy stats
ab9040e02 RDMA/srp: Move large values to a new enum for gcc13
0a2ff88f2 f2fs: let's avoid panic if extent_tree is not created
6aa79e43c nilfs2: fix general protection fault in nilfs_btree_insert()
7148bcd05 xhci-pci: set the dma max_seg_size
7e4087630 usb: xhci: Check endpoint is valid before dereferencing it
f95b73344 prlimit: do_prlimit needs to have a speculation check
e863535f6 USB: serial: option: add Quectel EM05-G (GR) modem
f7c7c5fdc USB: serial: option: add Quectel EM05-G (CS) modem
c8756ef84 USB: serial: option: add Quectel EM05-G (RS) modem
880f8bf71 USB: serial: option: add Quectel EC200U modem
d0c0bfe32 USB: serial: option: add Quectel EM05CN (SG) modem
7e484208a USB: serial: option: add Quectel EM05CN modem
d43ffb09b USB: misc: iowarrior: fix up header size for USB_DEVICE_ID_CODEMERCS_IOW100
c89086531 usb: core: hub: disable autosuspend for TI TUSB8041
b61229c98 USB: serial: cp210x: add SCALANCE LPE-9000 device id
40e809131 usb: host: ehci-fsl: Fix module alias
f775f49f2 usb: gadget: g_webcam: Send color matching descriptor per frame
ca2c39e7c usb: gadget: f_ncm: fix potential NULL ptr deref in ncm_bitrate()
17df507ff usb-storage: apply IGNORE_UAS only for HIKSEMI MD202 on RTL9210
21e3efdff serial: pch_uart: Pass correct sg to dma_unmap_sg()
537841cd1 serial: atmel: fix incorrect baudrate setup
1caa93f15 gsmi: fix null-deref in gsmi_get_variable
706b46348 x86/fpu: Use _Alignof to avoid undefined behavior in TYPE_ALIGN
e79c7b7f6 Linux 4.14.304
aa6f0bd7a ARM: dts: imx6qdl-gw560x: Remove incorrect 'uart-has-rtscts'
e628bd336 HID: intel_ish-hid: Add check for ishtp_dma_tx_map
0b45e441d EDAC/highbank: Fix memory leak in highbank_mc_probe()
86dcb086c tomoyo: fix broken dependency on *.conf.default
f1bc2b4bd IB/hfi1: Reject a zero-length user expected buffer
d50a7a634 IB/hfi1: Reserve user expected TIDs
495dfb88b affs: initialize fsdata in affs_truncate()
eb43bffe4 amd-xgbe: TX Flow Ctrl Registers are h/w ver dependent
55f161fa3 phy: rockchip-inno-usb2: Fix missing clk_disable_unprepare() in rockchip_usb2phy_power_on()
d0ef46709 net: nfc: Fix use-after-free in local_cleanup()
ea02c14cc wifi: rndis_wlan: Prevent buffer overflow in rndis_query_oid
e2f3e45b8 net: usb: sr9700: Handle negative len
3776e16bc net: mdio: validate parameter addr in mdiobus_get_phy()
706933178 HID: check empty report_list in hid_validate_values()
8e4f05fe2 usb: gadget: f_fs: Prevent race during ffs_ep0_queue_wait
74b0297e6 net: mlx5: eliminate anonymous module_init & module_exit
ddb2bd379 dmaengine: Fix double increment of client_count in dma_chan_get()
8d948859f HID: betop: check shape of output reports
3f3b90454 w1: fix deadloop in __w1_remove_master_device()
10b3ebdbc w1: fix WARNING after calling w1_process()
541bdcb3b comedi: adv_pci1760: Fix PWM instruction handling
a1b59fcd8 fs: reiserfs: remove useless new_opts in reiserfs_remount
b340c1017 Bluetooth: hci_sync: cancel cmd_timer if hci_open failed
f19f575b9 scsi: hpsa: Fix allocation size for scsi_host_alloc()
6b51a28e1 module: Don't wait for GOING modules
9ff4f077d tracing: Make sure trace_printk() can output as soon as it can be used
fb1d379bf ARM: 9280/1: mm: fix warning on phys_addr_t to void pointer assignment
747bbf6ab EDAC/device: Respect any driver-supplied workqueue polling value
58b9c032b netlink: annotate data races around dst_portid and dst_group
525c0d921 netlink: annotate data races around sk_state
8467bf05e netfilter: conntrack: fix vtag checks for ABORT/SHUTDOWN_COMPLETE
5fd7f460e netrom: Fix use-after-free of a listening socket.
d8183f6fe sctp: fail if no bound addresses can be used for a given scope
b2c5d7a49 net: ravb: Fix possible hang if RIS2_QFF1 happen
63181ed9e net/tg3: resolve deadlock in tg3_reset_task() during EEH
c32cecd33 Revert "Input: synaptics - switch touchpad on HP Laptop 15-da3001TU to RMI mode"
faa0336ad x86/i8259: Mark legacy PIC interrupts with IRQ_LEVEL
3425ac1b2 wifi: brcmfmac: fix up incorrect 4.14.y backport for brcmf_fw_map_chip_to_name()
e59c1ac3e xen: Fix up build warning with xen_init_time_ops() reference
7616979bb drm/radeon/dp: make radeon_dp_get_dp_link_config static
d3cb76ea7 scsi: qla2xxx: don't break the bsg-lib abstractions
296cadf5b x86/asm: Fix an assembler warning with current binutils
665bc7d8e x86/entry/64: Add instruction suffix to SYSRET
769f9fb50 sysctl: add a new register_sysctl_init() interface
f21edc8d7 panic: unset panic_on_warn inside panic()
5489cfd98 exit: Add and use make_task_dead.
7cd8d51e5 objtool: Add a missing comma to avoid string concatenation
321f8d32b hexagon: Fix function name in die()
ab602bcf4 h8300: Fix build errors from do_exit() to make_task_dead() transition
dddc4d8e8 ia64: make IA64_MCA_RECOVERY bool instead of tristate
41980fe31 exit: Put an upper limit on how often we can oops
0f65933ea exit: Expose "oops_count" to sysfs
bf8223706 exit: Allow oops_limit to be disabled
408d971e3 panic: Consolidate open-coded panic_on_warn checks
8efdf123d panic: Introduce warn_limit
adf7f3910 panic: Expose "warn_count" to sysfs
2bdb5ae2c docs: Fix path paste-o for /sys/kernel/warn_count
0b6eddc33 exit: Use READ_ONCE() for all oops/warn limit reads
b37851529 mm: kvmalloc does not fallback to vmalloc for incompatible gfp flags
1fa14b824 ipv6: ensure sane device mtu in tunnels
7dff96e3c usb: host: xhci-plat: add wakeup entry at sysfs
d956a1f5a Linux 4.14.305
d84933a74 firewire: fix memory leak for payload of request subaction to IEC 61883-1 FCP region
71f461499 bus: sunxi-rsb: Fix error handling in sunxi_rsb_init()
d7080b33c ALSA: hda/via: Avoid potential array out-of-bound in add_secret_dac_path()
bccef9168 netrom: Fix use-after-free caused by accept on already connected socket
4ba737332 squashfs: harden sanity check in squashfs_read_xattr_id_table
1bb88a1d1 sctp: do not check hb_timer.expires when resetting hb_timer
964731044 net: openvswitch: fix flow memory leak in ovs_flow_cmd_new
318d08423 scsi: target: core: Fix warning on RT kernels
d3e68e5a7 scsi: iscsi_tcp: Fix UAF during login when accessing the shost ipaddress
afccd28b8 net/x25: Fix to not accept on connected socket
c831a4552 usb: gadget: f_fs: Fix unbalanced spinlock in __ffs_ep0_queue_wait
8b16c67f8 fbcon: Check font dimension limits
9785e9bf1 watchdog: diag288_wdt: do not use stack buffers for hardware data
743960866 watchdog: diag288_wdt: fix __diag288() inline assembly
d08f6c1fd efi: Accept version 2 of memory attributes table
0c0f7bcb5 iio: hid: fix the retval in accel_3d_capture_sample
fc289a7f3 iio: adc: berlin2-adc: Add missing of_node_put() in error path
291fef906 iio:adc:twl6030: Enable measurements of VUSB, VBAT and others
a8b536255 parisc: Fix return code of pdc_iodc_print()
d65bb2457 parisc: Wire up PTRACE_GETREGS/PTRACE_SETREGS for compat case
631f5f1f6 mm: hugetlb: proc: check for hugetlb shared PMD in /proc/PID/smaps
fe009cb06 mm/swapfile: add cond_resched() in get_swap_pages()
3a754bd57 Squashfs: fix handling and sanity checking of xattr_ids count
a1e0a486e serial: 8250_dma: Fix DMA Rx completion race
9836d9f79 serial: 8250_dma: Fix DMA Rx rearm race
d2e943f34 btrfs: limit device extents to the device size
41a398080 ALSA: emux: Avoid potential array out-of-bound in snd_emux_xg_control()
83bb1d2c6 ALSA: pci: lx6464es: fix a debug loop
1d4531c5a pinctrl: aspeed: Fix confusing types in return value
f43e620b0 pinctrl: single: fix potential NULL dereference
c5e3531f3 net: USB: Fix wrong-direction WARNING in plusb.c
085021325 usb: core: add quirk for Alcor Link AK9563 smartcard reader
a11c0893f migrate: hugetlb: check for hugetlb shared PMD in node migration
7de3ed0b6 tools/virtio: fix the vringh test for virtio ring changes
23ef75bc1 net/rose: Fix to not accept on connected socket
2c1519453 nvme-fc: fix a missing queue put in nvmet_fc_ls_create_association
5c1058e12 aio: fix mremap after fork null-deref
bf9d32590 Revert "x86/fpu: Use _Alignof to avoid undefined behavior in TYPE_ALIGN"
98f8f2bd8 mmc: sdio: fix possible resource leaks in some error paths
73bfab53b ALSA: hda/conexant: add a new hda codec SN6180
754e85608 hugetlb: check for undefined shift on 32 bit architectures
0da721a21 revert "squashfs: harden sanity check in squashfs_read_xattr_id_table"
f488ea0b3 i40e: add double of VLAN header when computing the max MTU
f7dd8676a net: bgmac: fix BCM5358 support by setting correct flags
07b2c1d71 dccp/tcp: Avoid negative sk_forward_alloc by ipv6_pinfo.pktoptions.
052e6ebf0 net/usb: kalmia: Don't pass act_len in usb_bulk_msg error path
a1b27132c net: stmmac: Restrict warning on disabling DMA store and fwd mode
3ebdd71bc net: mpls: fix stale pointer if allocation fails during device rename
2b9613cb8 ipv6: Fix datagram socket connection with DSCP.
0c3ebe48e ipv6: Fix tcp socket connection with DSCP.
a1f6b1a0e i40e: Add checking for null for nlmsg_find_attr()
9ee87efe8 kvm: initialize all of the kvm_debugregs structure before sending it to userspace
eac6d355d nilfs2: fix underflow in second superblock position calculations
83844c99b Linux 4.14.306
796c82ae2 wifi: rtl8xxxu: gen2: Turn on the rate control
ea8da0e20 powerpc: dts: t208x: Mark MAC1 and MAC2 as 10G
aae0abc0f random: always mix cycle counter in add_latent_entropy()
7a915c160 powerpc: dts: t208x: Disable 10G on MAC1 and MAC2
91d188f39 alarmtimer: Prevent starvation by small intervals and SIG_IGN
e611686c7 uaccess: Add speculation barrier to copy_from_user()
77303485f wifi: mwifiex: Add missing compatible string for SD8787
48a8dae84 Linux 4.14.307
d9d868d54 ARM: dts: rockchip: add power-domains property to dp node on rk3288
383879612 btrfs: send: limit number of clones and allocated memory size
3445a5dbc IB/hfi1: Assign npages earlier
64a41f117 net: Remove WARN_ON_ONCE(sk->sk_forward_alloc) from sk_stream_kill_queues().
5e347a2b2 bpf: Do not use ax register in interpreter on div/mod
f9866b5c5 bpf: fix subprog verifier bypass by div/mod by 0 exception
0dd8fc1b7 bpf: Fix 32 bit src register truncation on div/mod
a2fe2ec65 bpf: Fix truncation handling for mod32 dst reg wrt zero
6302a5e42 dmaengine: sh: rcar-dmac: Check for error num after dma_set_max_seg_size
60e13348f USB: serial: option: add support for VW/Skoda "Carstick LTE"
46f3f95c4 USB: core: Don't hold device lock while reading the "descriptors" sysfs file
88c575192 HID: asus: Remove check for same LED brightness on set
ff4096169 HID: asus: use spinlock to protect concurrent accesses
6da98d1bb HID: asus: use spinlock to safely schedule workers
a749925a3 ARM: OMAP2+: Fix memory leak in realtime_counter_init()
c76fd5cb9 ARM: zynq: Fix refcount leak in zynq_early_slcr_init
1a7b96043 arm64: dts: meson-gx: Fix Ethernet MAC address unit name
6afd21769 arm64: dts: meson-gx: Fix the SCPI DVFS node name and unit address
b9186c244 ARM: OMAP1: call platform_device_put() in error case in omap1_dm_timer_init()
ba1132add ARM: dts: exynos: correct wr-active property in Exynos3250 Rinato
b87cacc49 arm64: dts: amlogic: meson-gx: fix SCPI clock dvfs node name
98fa53cec arm64: dts: amlogic: meson-gx: add missing unit address to rng node name
52f1573b1 arm64: dts: amlogic: meson-gxl: add missing unit address to eth-phy-mux node name
3e86a9e5d block: bio-integrity: Copy flags when bio_integrity_payload is cloned
32742cce2 wifi: libertas: fix memory leak in lbs_init_adapter()
2da908840 wifi: rtl8xxxu: don't call dev_kfree_skb() under spin_lock_irqsave()
e932ccdbc wifi: ipw2200: fix memory leak in ipw_wdev_init()
865af1888 wifi: brcmfmac: fix potential memory leak in brcmf_netdev_start_xmit()
f128b89b4 wifi: brcmfmac: unmap dma buffer in brcmf_msgbuf_alloc_pktid()
33c1e40bf wifi: libertas: main: don't call kfree_skb() under spin_lock_irqsave()
e67e0b6cb wifi: libertas: cmdresp: don't call kfree_skb() under spin_lock_irqsave()
6b302cbea wifi: wl3501_cs: don't call kfree_skb() under spin_lock_irqsave()
2d3dd153e genirq: Fix the return type of kstat_cpu_irqs_sum()
65f09a32b lib/mpi: Fix buffer overrun when SG is too long
fc9569a35 ACPICA: nsrepair: handle cases without a return value correctly
fd4915372 wifi: orinoco: check return value of hermes_write_wordrec()
9c64a59cc wifi: ath9k: htc_hst: free skb in ath9k_htc_rx_msg() if there is no callback function
eba26d9d8 wifi: ath9k: Fix potential stack-out-of-bounds write in ath9k_wmi_rsp_callback()
7fc422856 ACPI: battery: Fix missing NUL-termination with large strings
f5101f05b crypto: seqiv - Handle EBUSY correctly
c3004bf36 net/mlx5: Enhance debug print in page allocation failure
b96b86786 irqchip/alpine-msi: Fix refcount leak in alpine_msix_init_domains
4f28e4f89 irqchip/irq-mvebu-gicp: Fix refcount leak in mvebu_gicp_probe
e9c657c94 cpufreq: davinci: Fix clk use after free
4f2e6317e Bluetooth: L2CAP: Fix potential user-after-free
899e65349 crypto: rsa-pkcs1pad - Use akcipher_request_complete
9334ae67e m68k: /proc/hardware should depend on PROC_FS
79de4caf0 wifi: mwifiex: fix loop iterator in mwifiex_update_ampdu_txwinsize()
606fcd01d can: esd_usb: Move mislocated storage of SJA1000_ECC_SEG bits in case of a bus error
386d08755 irqchip/irq-bcm7120-l2: Set IRQ_LEVEL for level triggered interrupts
0e9cb667e drm: mxsfb: DRM_MXSFB should depend on ARCH_MXS || ARCH_MXC
d8814e2e0 drm/bridge: megachips: Fix error handling in i2c_register_driver()
3ec843526 gpu: ipu-v3: common: Add of_node_put() for reference returned by of_graph_get_port_by_id()
e8abcf26e drm/msm/hdmi: Add missing check for alloc_ordered_workqueue
e657b9afe pinctrl: rockchip: Fix refcount leak in rockchip_pinctrl_parse_groups
77bf12751 ALSA: hda/ca0132: minor fix for allocation size
d093028a5 drm/mipi-dsi: Fix byte order of 16-bit DCS set/get brightness
fd927f69a drm/mediatek: Drop unbalanced obj unref
c81ecb3ae ASoC: soc-compress.c: fixup private_data on snd_soc_new_compress()
e2567012f gpio: vf610: connect GPIO label to dev name
3926ed5b7 hwmon: (ltc2945) Handle error case in ltc2945_value_store
8e33d33dc scsi: aic94xx: Add missing check for dma_map_single()
ece06f837 dm: remove flush_scheduled_work() during local_exit()
796b445f1 mfd: pcf50633-adc: Fix potential memleak in pcf50633_adc_async_read()
3d06131ab mtd: rawnand: sunxi: Fix the size of the last OOB region
0eb6b2711 Input: ads7846 - don't report pressure for ads7845
97903d18f Input: ads7846 - don't check penirq immediately for 7845
84d5274e1 powerpc/powernv/ioda: Skip unallocated resources when mapping to PE
7a182dcc8 powerpc/pseries/lparcfg: add missing RTAS retry status handling
b11ba6bf0 MIPS: vpe-mt: drop physical_memsize
21e10cd25 media: platform: ti: Add missing check for devm_regulator_get
e50f33bee media: rc: Fix use-after-free bugs caused by ene_tx_irqsim()
00d082fa2 media: usb: siano: Fix use after free bugs caused by do_submit_urb
71d6d3342 rpmsg: glink: Avoid infinite loop on intent for missing channel
911154cb2 udf: Define EFSCORRUPTED error code
5e7170fb1 ARM: dts: exynos: Use Exynos5420 compatible for the MIPI video phy
d524deb77 wifi: brcmfmac: Fix potential stack-out-of-bounds in brcmf_c_preinit_dcmds()
b4eaec077 rcu: Suppress smp_processor_id() complaint in synchronize_rcu_expedited_wait()
aefd7ec39 thermal: intel: Fix unsigned comparison with less than zero
8e4619752 timers: Prevent union confusion from unexpected restart_syscall()
eb4e92561 x86/bugs: Reset speculation control settings on init
8b8a1ea6e inet: fix fast path in __inet_hash_connect()
b7b922f17 ACPI: Don't build ACPICA with '-Os'
753111439 net: bcmgenet: Add a check for oversized packets
d36924aa0 m68k: Check syscall_trace_enter() return code
804dedf1e ACPI: video: Fix Lenovo Ideapad Z570 DMI match
701e1127d drm/radeon: free iio for atombios when driver shutdown
816ba049f drm/msm/dsi: Add missing check for alloc_ordered_workqueue
7ae9cd901 docs/scripts/gdb: add necessary make scripts_gdb step
2d2bab2c2 ASoC: kirkwood: Iterate over array indexes instead of using pointer math
031db0be4 regulator: max77802: Bounds check regulator id against opmode
70a0cd1d4 regulator: s5m8767: Bounds check id indexing into arrays
9c558d673 pinctrl: at91: use devm_kasprintf() to avoid potential leaks
3e3d207ff dm thin: add cond_resched() to various workqueue loops
c22e09a43 dm cache: add cond_resched() to various workqueue loops
8f041ea75 spi: bcm63xx-hsspi: Fix multi-bit mode setting
0faaaff4c wifi: rtl8xxxu: fixing transmisison failure for rtl8192eu
8a334c8dd rtc: pm8xxx: fix set-alarm race
0c025b208 s390/kprobes: fix irq mask clobbering on kprobe reenter from post_handler
a223fcdc1 s390/kprobes: fix current_kprobe never cleared after kprobes reenter
9c0af76d5 hfs: fix missing hfs_bnode_get() in __hfs_bnode_create
72f3a74d4 fs: hfsplus: fix UAF issue in hfsplus_put_super
fe83d98ad f2fs: fix information leak in f2fs_move_inline_dirents()
501acb12b ocfs2: fix defrag path triggering jbd2 ASSERT
dabb5b287 ocfs2: fix non-auto defrag path not working issue
e3a6dc81b udf: Truncate added extents on failed expansion
4ef5c16af udf: Do not bother merging very long extents
2ba67a506 udf: Do not update file length for failed writes to inline files
8dff45ec7 udf: Fix file corruption when appending just after end of preallocated extent
db2ae145a x86/virt: Force GIF=1 prior to disabling SVM (for reboot flows)
96d221757 x86/crash: Disable virt in core NMI crash handler to avoid double shootdown
b8a1bfc25 x86/reboot: Disable virtualization in an emergency if SVM is supported
dcfaec9ae x86/reboot: Disable SVM, not just VMX, when stopping CPUs
9ffa794a0 x86/kprobes: Fix __recover_optprobed_insn check optimizing logic
0b79a4d4b x86/kprobes: Fix arch_check_optimized_kprobe check within optimized_kprobe range
066cd6d6d x86/microcode/amd: Remove load_microcode_amd()'s bsp parameter
87df12b53 x86/microcode/AMD: Add a @cpu parameter to the reloading functions
a87e139e6 x86/microcode/AMD: Fix mixed steppings support
f327ce3d5 x86/speculation: Allow enabling STIBP with legacy IBRS
23aede0a4 Documentation/hw-vuln: Document the interaction between IBRS and STIBP
9caeb7370 ima: Align ima_file_mmap() parameters with mmap_file LSM hook
4956a570c irqdomain: Fix association race
be2d9ca0a irqdomain: Fix disassociation race
dac208f00 irqdomain: Drop bogus fwspec-mapping error handling
60cd0b7ea ALSA: ice1712: Do not left ice->gpio_mutex locked in aureon_add_controls()
e51ae40a4 ext4: optimize ea_inode block expansion
1175b4d36 ext4: refuse to create ea block when umounted
91a73e2cd wifi: rtl8xxxu: Use a longer retry limit of 48
9a0062f50 wifi: cfg80211: Fix use after free for wext
f8991023f dm flakey: fix logic when corrupting a bio
34802b091 dm flakey: don't corrupt the zero page
d7539a0bd ARM: dts: exynos: correct TMU phandle in Exynos4
a8bee52a8 ARM: dts: exynos: correct TMU phandle in Odroid XU
f8f412450 rbd: avoid use-after-free in do_rbd_add() when rbd_dev_create() fails
24eb6d72e alpha: fix FEN fault handling
1fe3cfe35 mips: fix syscall_get_nr
0bcae5638 ktest.pl: Fix missing "end_monitor" when machine check fails
038c2916a scsi: qla2xxx: Fix link failure in NPIV environment
2ca22234a scsi: qla2xxx: Fix erroneous link down
f3cf8a327 scsi: ses: Don't attach if enclosure has no components
e7128ca02 scsi: ses: Fix slab-out-of-bounds in ses_enclosure_data_process()
3fdc4e97d scsi: ses: Fix possible addl_desc_ptr out-of-bounds accesses
03aab244a scsi: ses: Fix possible desc_ptr out-of-bounds accesses
bb6b867ad scsi: ses: Fix slab-out-of-bounds in ses_intf_remove()
aec42c0a4 PCI: Avoid FLR for AMD FCH AHCI adapters
20c1a8e50 drm/radeon: Fix eDP for single-display iMac11,2
a60ecc9ea kbuild: Port silent mode detection to future gnu make.
42ff90638 net/sched: Retire tcindex classifier
355ee8107 fs/jfs: fix shift exponent db_agl2size negative
32f01ebbf pwm: stm32-lp: fix the check on arr and cmp registers update
5fc596d2f ubi: ensure that VID header offset + VID header size <= alloc, size
cc44d8b9f ubifs: Rectify space budget for ubifs_xrename()
0db606154 ubifs: Fix wrong dirty space budget for dirty inode
2d4468e1e ubifs: Reserve one leb for each journal head while doing budget
2782dd70b ubi: Fix use-after-free when volume resizing failed
f565acd27 ubi: Fix unreferenced object reported by kmemleak in ubi_resize_volume()
5a6e974ba ubi: Fix possible null-ptr-deref in ubi_free_volume()
a7e4148e3 ubifs: Re-statistic cleaned znode count if commit failed
087b38393 ubifs: dirty_cow_znode: Fix memleak in error handling path
e5d04180d ubifs: ubifs_writepage: Mark page dirty after writing inode failed
f0548887f ubi: Fix UAF wear-leveling entry in eraseblk_count_seq_show()
898aded5a ubi: ubi_wl_put_peb: Fix infinite loop when wear-leveling work failed
3e0ddc6c2 x86: um: vdso: Add '%rcx' and '%r11' to the syscall clobber list
d24292f29 watchdog: at91sam9_wdt: use devm_request_irq to avoid missing free_irq() in error path
5659a7880 watchdog: Fix kmemleak in watchdog_cdev_register
0a187f74a watchdog: pcwd_usb: Fix attempting to access uninitialized memory
5f5457e9b netfilter: ctnetlink: fix possible refcount leak in ctnetlink_create_conntrack()
9a4d132f9 net: fix __dev_kfree_skb_any() vs drop monitor
673795265 9p/xen: fix version parsing
8730d8cf0 9p/xen: fix connection sequence
775e34ca4 nfc: fix memory leak of se_io context in nfc_genl_se_io
be8d6563a ARM: dts: spear320-hmi: correct STMPE GPIO compatible
818953795 tcp: tcp_check_req() can be called from process context
86f976695 scsi: ipr: Work around fortify-string warning
f1f6b003e thermal: intel: quark_dts: fix error pointer dereference
8e42f2c8b tracing: Add NULL checks for buffer in ring_buffer_free_read_page()
c0c0cfd25 firmware/efi sysfb_efi: Add quirk for Lenovo IdeaPad Duet 3
c211db289 media: uvcvideo: Handle cameras with invalid descriptors
86140d5e1 tty: fix out-of-bounds access in tty_driver_lookup_tty()
bbea561b6 tty: serial: fsl_lpuart: disable the CTS when send break signal
90cea9662 tools/iio/iio_utils:fix memory leak
7441970d5 iio: accel: mma9551_core: Prevent uninitialized variable in mma9551_read_status_word()
b2b86d8ea iio: accel: mma9551_core: Prevent uninitialized variable in mma9551_read_config_word()
273551cdd usb: host: xhci: mvebu: Iterate over array indexes instead of using pointer math
31e4ef483 USB: ene_usb6250: Allocate enough memory for full object
9b9512a0e usb: uvc: Enumerate valid values for color matching
a12307cb8 phy: rockchip-typec: Fix unsigned comparison with less than zero
33c331efd Bluetooth: hci_sock: purge socket queues in the destruct() callback
901899a84 s390/maccess: add no DAT mode to kernel_write
4b8906fec s390/setup: init jump labels before command line parsing
730a77157 tcp: Fix listen() regression in 4.14.303.
80933c4f3 thermal: intel: powerclamp: Fix cur_state for multi package system
b914f33d6 Linux 4.14.308
4022a716a wifi: cfg80211: Partial revert "wifi: cfg80211: Fix use after free for wext"
aca3f9fc8 staging: rtl8192e: Remove function ..dm_check_ac_dc_power calling a script
fc5348747 staging: rtl8192e: Remove call_usermodehelper starting RadioPower.sh
dc777f0f5 Linux 4.14.309
328230d80 fs: prevent out-of-bounds array speculation when closing a file descriptor
3d73a0588 x86/CPU/AMD: Disable XSAVES on AMD family 0x17
1e7876a2c ext4: fix RENAME_WHITEOUT handling for inline directories
df4c9a4fc ext4: fix another off-by-one fsmap error on 1k block filesystems
c7ac0288d ext4: move where set the MAY_INLINE_DATA flag is set
d78996b7a ext4: fix WARNING in ext4_update_inline_data
db7af1930 ext4: zero i_disksize when initializing the bootloader inode
b0a5b58e9 nfc: change order inside nfc_se_io error path
bd0528141 nfc: fdp: add null check of devm_kmalloc_array in fdp_nci_i2c_read_device_properties
9806a41ef ila: do not generate empty messages in ila_xlat_nl_cmd_get_mapping()
a59b093be net: caif: Fix use-after-free in cfusbl_device_notify()
39b3800f4 MIPS: Fix a compilation issue
c8d7d3dd6 alpha: fix R_ALPHA_LITERAL reloc for large modules
a45a0c390 macintosh: windfarm: Use unsigned type for 1-bit bitfields
45789b869 PCI: Add SolidRun vendor ID
ab96f345f media: ov5640: Fix analogue gain control
df1d25920 tipc: improve function tipc_wait_for_cond()
aa25d7986 drm/i915: Don't use BAR mappings for ring buffers with LLC
72f853b52 x86/cpu: Fix LFENCE serialization check in init_amd()
1969c1f53 Linux 4.14.310
b8e86ac21 ext4: fix cgroup writeback accounting with fs-layer encryption
88073e696 fs: sysfs_emit_at: Remove PAGE_SIZE alignment check
151944756 tcp: tcp_make_synack() can be called from process context
7c6bd2702 nfc: pn533: initialize struct pn533_out_arg properly
86c856135 qed/qed_dev: guard against a possible division by zero
add79fd75 net: tunnels: annotate lockless accesses to dev->needed_headroom
651e827d6 net: phy: smsc: bail out in lan87xx_read_status if genphy_read_status fails
1205a6a82 nfc: st-nci: Fix use after free bug in ndlc_remove due to race condition
5b58aaacd net: usb: smsc75xx: Limit packet length to skb->len
432e77191 nvmet: avoid potential UAF in nvmet_req_complete()
4077e1bf9 block: sunvdc: add check for mdesc_grab() returning NULL
fd933c587 ipv4: Fix incorrect table ID in IOCTL path
7db46302d net: usb: smsc75xx: Move packet length check to prevent kernel panic in skb_pull
5a290725f net/iucv: Fix size of interrupt data
cc36cd148 ethernet: sun: add check for the mdesc_grab()
fa9fe56ad hwmon: (adt7475) Display smoothing attributes in correct order
719fcd2b5 hwmon: (adt7475) Fix masking of hysteresis registers
45f76cde4 hwmon: (xgene) Fix use after free bug in xgene_hwmon_remove due to race condition
32d1035f9 media: m5mols: fix off-by-one loop termination error
eabbd3075 mmc: atmel-mci: fix race between stop command and start of next command
823d068d7 ext4: fail ext4_iget if special inode unallocated
bc9f73cce ext4: fix task hung in ext4_xattr_delete_inode
c3774abdb sh: intc: Avoid spurious sizeof-pointer-div warning
c68d583dd ftrace: Fix invalid address access in lookup_rec() when index is 0
16c111c32 fbdev: stifb: Provide valid pixelclock and add fb_check_var() checks
1e5200ddb drm/i915: Don't use stolen memory for ring buffers with LLC
d6d30e749 serial: 8250_em: Fix UART port type
95c8f0a04 HID: core: Provide new max_buffer_size attribute to over-ride the default
4993e0e12 HID: uhid: Over-ride the default maximum data buffer value with our own
a6387a870 Linux 4.14.311
c8339f718 power: supply: da9150: Fix use after free bug in da9150_charger_remove due to race condition
ebb4f72e1 iavf: fix inverted Rx hash condition leading to disabled hash
ec85f85cb intel/igbvf: free irq on the error path in igbvf_request_msix()
4982691e2 igbvf: Regard vf reset nack as success
8b2accffa i2c: imx-lpi2c: check only for enabled interrupt flags
2099503e8 scsi: scsi_dh_alua: Fix memleak for 'qdata' in alua_activate()
e997fab45 net: usb: smsc95xx: Limit packet length to skb->len
26cbfcda4 qed/qed_sriov: guard against NULL derefs from qed_iov_get_vf_info
006fee137 xirc2ps_cs: Fix use after free bug in xirc2ps_detach
d8a80cd19 net: qcom/emac: Fix use after free bug in emac_remove due to race condition
6984e644d net/ps3_gelic_net: Fix RX sk_buff length
6ee4e702e net/ps3_gelic_net: Use dma_mapping_error
568fd1809 bpf: Adjust insufficient default bpf_jit_limit
640f3139c net/mlx5: Read the TC mapping of all priorities on ETS query
f0fbe0946 atm: idt77252: fix kmemleak when rmmod idt77252
ba3aa3720 hvc/xen: prevent concurrent accesses to the shared ring
5f22ba300 net: mdio: thunder: Add missing fwnode_handle_put()
b6b8f436c Bluetooth: btqcomsmd: Fix command timeout after setting BD address
7a823f219 Bluetooth: btsdio: fix use after free bug in btsdio_remove due to unfinished work
c15f3763f hwmon (it87): Fix voltage scaling for chips with 10.9mV ADCs
9c89f2493 uas: Add US_FL_NO_REPORT_OPCODES for JMicron JMS583Gen 2
510f738ba thunderbolt: Use const qualifier for `ring_interrupt_index`
a37428bfc riscv: Bump COMMAND_LINE_SIZE value to 1024
ad6ee333b ca8210: fix mac_len negative array access
95cbc79f8 m68k: Only force 030 bus error if PC not in exception table
b700073ef scsi: target: iscsi: Fix an error message in iscsi_check_key()
3f979295e scsi: ufs: core: Add soft dependency on governor_simpleondemand
7d2226d7e net: usb: cdc_mbim: avoid altsetting toggling for Telit FE990
8479775c4 net: usb: qmi_wwan: add Telit 0x1080 composition
fa97806bb sh: sanitize the flags on sigreturn
0759ea688 scsi: core: Add BLIST_SKIP_VPD_PAGES for SKhynix H28U74301AMR
fe011ad8a usb: gadget: u_audio: don't let userspace block driver unbind
4c05d8f47 igb: revert rtnl_lock() that causes deadlock
0510da6a2 usb: chipdea: core: fix return -EINVAL if request role is the same with current role
3912895f9 usb: chipidea: core: fix possible concurrent when switch role
cee982d95 nilfs2: fix kernel-infoleak in nilfs_ioctl_wrap_copy()
723b7bdd9 i2c: xgene-slimpro: Fix out-of-bounds bug in xgene_slimpro_i2c_xfer()
7805ce9e6 dm stats: check for and propagate alloc_percpu failure
503e9bc0c dm crypt: add cond_resched() to dmcrypt_write()
044f14e46 sched/fair: sanitize vruntime of entity being placed
a953221bf sched/fair: Sanitize vruntime of entity being migrated
1be933468 ocfs2: fix data corruption after failed write
a5d706942 md: avoid signed overflow in slot_store()
72cfeea53 ALSA: asihpi: check pao in control_message()
ac878aa2a ALSA: hda/ca0132: fixup buffer overrun at tuning_ctl_set()
d718ca500 fbdev: tgafb: Fix potential divide by zero
d332e4417 sched_getaffinity: don't assume 'cpumask_size()' is fully initialized
14fe5aa02 fbdev: nvidia: Fix potential divide by zero
5db3118de fbdev: intelfb: Fix potential divide by zero
95f76fde0 fbdev: lxfb: Fix potential divide by zero
8f25d20d1 fbdev: au1200fb: Fix potential divide by zero
fe452cbf7 scsi: megaraid_sas: Fix crash after a double completion
85f391838 can: bcm: bcm_tx_setup(): fix KMSAN uninit-value in vfs_write
b40b7ba38 i40e: fix registers dump after run ethtool adapter self test
c5a1b6309 Input: focaltech - use explicitly signed char type
8b462e332 cifs: fix DFS traversal oops without CONFIG_CIFS_DFS_UPCALL
caa240d9d xen/netback: don't do grant copy across page boundary
a0fa52385 pinctrl: at91-pio4: fix domain name assignment
94cca4140 ALSA: hda/conexant: Partial revert of a quirk for Lenovo
30b36badf ALSA: usb-audio: Fix regression on detection of Roland VS-100
b6776530e drm/etnaviv: fix reference leak when mmaping imported buffer
6d6f6c730 s390/uaccess: add missing earlyclobber annotations to __clear_user()
c34fcc6a9 usb: host: ohci-pxa27x: Fix and & vs | typo
87e458883 ext4: fix kernel BUG in 'ext4_write_inline_data_end()'
bce2b2370 net: sched: cbq: dont intepret cls results when asked to drop
7eb7b1805 ca8210: Fix unsigned mac_len comparison with zero in ca8210_skb_tx()
b86146d81 Linux 4.14.312
42432c673 pwm: cros-ec: Explicitly set .polarity in .get_state()
9a3ad289d wifi: mac80211: fix invalid drv_sta_pre_rcu_remove calls for non-uploaded sta
70895089d icmp: guard against too small mtu
c9beea321 ipv6: Fix an uninit variable access bug in __ip6_make_skb()
6718e12c3 gpio: davinci: Add irq chip flag to skip set wake
651224151 USB: serial: cp210x: add Silicon Labs IFS-USB-DATACABLE IDs
be6d8c96a USB: serial: option: add Telit FE990 compositions
20890c1d2 USB: serial: option: add Quectel RM500U-CN modem
a905209a3 iio: dac: cio-dac: Fix max DAC write value check for 12-bit
3b69b2c2a tty: serial: sh-sci: Fix Rx on RZ/G2L SCI
91920a249 nilfs2: fix potential UAF of struct nilfs_sc_info in nilfs_segctor_thread()
744e90956 nilfs2: fix sysfs interface lifetime
9d0abe76d perf/core: Fix the same task check in perf_event_set_output
4e8668a45 ftrace: Mark get_lock_parent_ip() __always_inline
0db58ba3f ring-buffer: Fix race while reader and writer are on the same page
026d64554 mm/swap: fix swap_info_struct race between swapoff and get_swap_pages()
fe3daa872 ALSA: emu10k1: fix capture interrupt handler unlinking
1870c5354 ALSA: hda/sigmatel: add pin overrides for Intel DP45SG motherboard
46f333c5d ALSA: i2c/cs8427: fix iec958 mixer control deactivation
145a096cd ALSA: hda/sigmatel: fix S/PDIF out on Intel D*45* motherboards
779d40e37 Bluetooth: L2CAP: Fix use-after-free in l2cap_disconnect_{req,rsp}
0aa2008a5 Bluetooth: Fix race condition in hidp_session_thread
a8bd1ba20 mtdblock: tolerate corrected bit-flips
5e30b4c5f 9p/xen : Fix use after free bug in xen_9pfs_front_remove due to race condition
477cb6417 niu: Fix missing unwind goto in niu_alloc_channels()
47b8e661b qlcnic: check pci_reset_function result
c761391a1 net: macb: fix a memory corruption in extended buffer descriptor mode
a4cffae68 i2c: imx-lpi2c: clean rx/tx buffers upon new message
959724ad3 efi: sysfb_efi: Add quirk for Lenovo Yoga Book X91F/L
fbf5a63f7 verify_pefile: relax wrapper length check
341b98bdc ubi: Fix failure attaching when vid_hdr offset equals to (sub)page size
64af5c35a cgroup/cpuset: Wake up cpuset_attach_wq tasks in cpuset_cancel_attach()
a16683fa0 watchdog: sbsa_wdog: Make sure the timeout programming is within the limits
785ef7ed1 coresight-etm4: Fix for() loop drvdata->nr_addr_cmp range bug
6256408ae KVM: arm64: Factor out core register ID enumeration
f6d92959e KVM: arm64: Filter out invalid core register IDs in KVM_GET_REG_LIST
6022c24fd arm64: KVM: Fix system register enumeration
aad060900 Linux 4.14.313
13132e028 ARM: dts: rockchip: fix a typo error for rk3288 spdif node
a4a6c80fd net: sched: sch_qfq: prevent slab-out-of-bounds in qfq_activate_agg
2de9d3b7c virtio_net: bugfix overflow inside xdp_linearize_page()
43997f1b2 i40e: fix accessing vsi->active_filters without holding lock
45389aac1 i40e: fix i40e_setup_misc_vector() error handling
d7908c5b7 mlxfw: fix null-ptr-deref in mlxfw_mfa2_tlv_next()
fa5005a96 e1000e: Disable TSO on i219-LM card to increase speed
c32a2ea54 f2fs: Fix f2fs_truncate_partial_nodes ftrace event
b9be2df6c selftests: sigaltstack: fix -Wuninitialized
874643c44 scsi: megaraid_sas: Fix fw_crash_buffer_show()
bc80639e0 scsi: core: Improve scsi_vpd_inquiry() checks
27ce0e056 net: dsa: b53: mmap: add phy ops
b5084420d s390/ptrace: fix PTRACE_GET_LAST_BREAK error handling
e1bf14a70 xen/netback: use same error messages for same errors
993e51005 nilfs2: initialize unused bytes in segment summary blocks
46925642d memstick: fix memory leak if card device is never registered
7961ca740 x86/purgatory: Don't generate debug info for purgatory.ro
23bff69d4 Revert "ext4: fix use-after-free in ext4_xattr_set_entry"
6a03e3017 ext4: remove duplicate definition of ext4_xattr_ibody_inline_set()
8563aa1e6 ext4: fix use-after-free in ext4_xattr_set_entry
94e024e67 udp: Call inet6_destroy_sock() in setsockopt(IPV6_ADDRFORM).
8de5d4526 tcp/udp: Call inet6_destroy_sock() in IPv6 sk->sk_destruct().
6c475a7f4 inet6: Remove inet6_destroy_sock() in sk->sk_prot->destroy().
25abad42a dccp: Call inet6_destroy_sock() via sk->sk_destruct().
98bd84134 sctp: Call inet6_destroy_sock() via sk->sk_destruct().
1967ccc6f counter: 104-quad-8: Fix race condition between FLAG and CNTR reads
3444b0343 iio: adc: at91-sama5d2_adc: fix an error code in at91_adc_allocate_trigger()
1b4d5d592 ASN.1: Fix check for strdup() success
2cd4ba4ee Linux 4.14.314
96f836354 wifi: brcmfmac: slab-out-of-bounds read in brcmf_get_assoc_ies()
6007a70a6 bluetooth: Perform careful capability checks in hci_sock_ioctl()
c3ec9fb63 USB: serial: option: add UNISOC vendor and TOZED LT70C product
7fc6134e6 iio: adc: palmas_gpadc: fix NULL dereference on rmmod
29b3b196c USB: dwc3: fix runtime pm imbalance on unbind
b6698742c perf sched: Cast PTHREAD_STACK_MIN to int as it may turn into sysconf(__SC_THREAD_STACK_MIN_VALUE)
d5881babf staging: iio: resolver: ads1210: fix config mode
49405522d MIPS: fw: Allow firmware to pass a empty env
3515d9424 ring-buffer: Sync IRQ works before buffer destruction
7588d4d1e reiserfs: Add security prefix to xattr name in reiserfs_security_write()
c5867d397 i2c: omap: Fix standard mode false ACK readings
73b4fb87e Revert "ubifs: dirty_cow_znode: Fix memleak in error handling path"
07f90b363 ubi: Fix return value overwrite issue in try_write_vid_and_data()
a352b06ad ubifs: Free memory for tmpfile name
2fbf0eba6 selinux: fix Makefile dependencies of flask.h
d4d825821 selinux: ensure av_permissions.h is built when needed
5e0281656 drm/rockchip: Drop unbalanced obj unref
ac967a780 drm/vgem: add missing mutex_destroy
6da9bdcb1 drm/probe-helper: Cancel previous job before starting new one
f864eef8d media: bdisp: Add missing check for create_workqueue
43492832d media: av7110: prevent underflow in write_ts_to_decoder()
bfb060e17 x86/apic: Fix atomic update of offset in reserve_eilvt_offset()
033bb337e media: dm1105: Fix use after free bug in dm1105_remove due to race condition
0a094e330 x86/ioapic: Don't return 0 from arch_dynirq_lower_bound()
960a18bfb arm64: kgdb: Set PSTATE.SS to 1 to re-enable single-step
fab333bea wifi: ath6kl: minor fix for allocation size
c65bffa62 wifi: ath5k: fix an off by one check in ath5k_eeprom_read_freq_list()
05996c8c9 wifi: ath6kl: reduce WARN to dev_dbg() in callback
a9e45466a scm: fix MSG_CTRUNC setting condition for SO_PASSSEC
67874b11f vlan: partially enable SIOCSHWTSTAMP in container
76708b847 net/packet: convert po->origdev to an atomic flag
d3b20266e net/packet: convert po->auxdata to an atomic flag
1f41af4fb scsi: target: iscsit: Fix TAS handling during conn cleanup
388bc6258 scsi: megaraid: Fix mega_cmd_done() CMDID_INT_CMDS
bbe58f998 md/raid10: fix leak of 'r10bio->remaining' for recovery
7cc97099e wifi: iwlwifi: make the loop for card preparation effective
9a11d9fb6 wifi: iwlwifi: mvm: check firmware response size
8004935d2 ixgbe: Allow flow hash to be set via ethtool
a5674dd15 ixgbe: Enable setting RSS table to default values
e79a2ad11 ipv4: Fix potential uninit variable access bug in __ip_make_skb()
48f78e75f Revert "Bluetooth: btsdio: fix use after free bug in btsdio_remove due to unfinished work"
c70c241b4 net: amd: Fix link leak when verifying config failed
6b5c86692 tcp/udp: Fix memleaks of sk and zerocopy skbs with TX timestamp.
5e72fa5dc pstore: Revert pmsg_lock back to a normal mutex
a1d7d43aa linux/vt_buffer.h: allow either builtin or modular for macros
6e4475042 spi: fsl-spi: Fix CPM/QE mode Litte Endian
cd83813e9 of: Fix modalias string generation
3ab557e09 ia64: mm/contig: fix section mismatch warning/error
77f670d00 uapi/linux/const.h: prefer ISO-friendly __typeof__
d8fadf106 sh: sq: Fix incorrect element size for allocating bitmap buffer
577cc8e57 usb: chipidea: fix missing goto in `ci_hdrc_probe`
dfc8fa300 tty: serial: fsl_lpuart: adjust buffer length to the intended size
8fca9a99f serial: 8250: Add missing wakeup event reporting
1d5aa0d33 staging: rtl8192e: Fix W_DISABLE# does not work after stop/start
114283310 spmi: Add a check for remove callback when removing a SPMI driver
5f6860159 macintosh/windfarm_smu_sat: Add missing of_node_put()
1cc4829db powerpc/mpc512x: fix resource printk format warning
6ea6a1cfa powerpc/wii: fix resource printk format warnings
d94d15982 powerpc/sysdev/tsi108: fix resource printk format warnings
3151628b2 macintosh: via-pmu-led: requires ATA to be set
9c5421753 powerpc/rtas: use memmove for potentially overlapping buffer copy
8cbef47ef perf/core: Fix hardlockup failure caused by perf throttle
5d3017940 RDMA/rdmavt: Delete unnecessary NULL check
d92c6b259 power: supply: generic-adc-battery: fix unit scaling
d3e37d7b6 clk: add missing of_node_put() in "assigned-clocks" property parsing
875a08b42 IB/hfi1: Fix SDMA mmu_rb_node not being evicted in LRU order
feefaa1d0 NFSv4.1: Always send a RECLAIM_COMPLETE after establishing lease
b1909bca9 SUNRPC: remove the maximum number of retries in call_bind_status
21bfda51e phy: tegra: xusb: Add missing tegra_xusb_port_unregister for usb2_port and ulpi_port
b0e09b2b1 dmaengine: at_xdmac: do not enable all cyclic channels
c2a332af3 parisc: Fix argument pointer in real64_call_asm()
93d0a80c7 nilfs2: do not write dirty data after degenerating to read-only
0db58bc94 nilfs2: fix infinite loop in nilfs_mdt_get_block()
16cccfb0c wifi: rtl8xxxu: RTL8192EU always needs full init
dadc6ba3d clk: rockchip: rk3399: allow clk_cifout to force clk_cifout_src to reparent
4d08af496 btrfs: scrub: reject unsupported scrub flags
753eae08a s390/dasd: fix hanging blockdevice after request requeue
fee645f42 dm integrity: call kmem_cache_destroy() in dm_integrity_init() error path
6a1841ea9 dm flakey: fix a crash with invalid table line
969d187c1 dm ioctl: fix nested locking in table_clear() to remove deadlock concern
77de7bd98 perf auxtrace: Fix address filter entire kernel size
b6ace4d54 netfilter: nf_tables: split set destruction in deactivate and destroy phase
9385d2610 netfilter: nf_tables: unbind set in rule from commit path
a55bd5e03 netfilter: nft_hash: fix nft_hash_deactivate
e58d4de0c netfilter: nf_tables: use-after-free in failing rule with bound set
bfc74e443 netfilter: nf_tables: bogus EBUSY when deleting set after flush
e22dbfc2d netfilter: nf_tables: deactivate anonymous set from preparation phase
56fec7f69 sit: update dev->needed_headroom in ipip6_tunnel_bind_dev()
8fc037899 writeback: fix call of incorrect macro
44fb64e0b net/sched: act_mirred: Add carrier check
7904caeb9 af_packet: Don't send zero-byte data in packet_sendmsg_spkt().
79c476995 ALSA: caiaq: input: Add error handling for unsupported input methods in `snd_usb_caiaq_input_init`
a1cf99c5c perf vendor events power9: Remove UTF-8 characters from JSON files
220c0c592 perf map: Delete two variable initialisations before null pointer checks in sort__sym_from_cmp()
1457ffaad perf symbols: Fix return incorrect build_id size in elf_read_build_id()
e33679779 btrfs: fix btrfs_prev_leaf() to not return the same key twice
278250053 btrfs: print-tree: parent bytenr must be aligned to sector size
82f46a059 cifs: fix pcchunk length type in smb2_copychunk_range
a1dc2bece sh: math-emu: fix macro redefined warning
e3363f3da sh: nmi_debug: fix return value of __setup handler
b036c8750 ARM: dts: exynos: fix WM8960 clock name in Itop Elite
cef1c3994 ARM: dts: s5pv210: correct MIPI CSIS clock name
664440f24 HID: wacom: Set a default resolution for older tablets
d278c7d95 ext4: avoid a potential slab-out-of-bounds in ext4_group_desc_csum
8a66b2533 ext4: improve error recovery code paths in __ext4_remount()
fe20855e8 ext4: add bounds checking in get_max_inline_xattr_value_size()
ba74b38b6 ext4: bail out of ext4_xattr_ibody_get() fails for any reason
4a53637eb ext4: remove a BUG_ON in ext4_mb_release_group_pa()
17952a68e ext4: fix invalid free tracking in ext4_xattr_move_to_block()
7b99aa8a4 perf bench: Share some global variables to fix build with gcc 10
2016b771b tty: Prevent writing chars during tcsetattr TCSADRAIN/FLUSH
b77520a96 serial: 8250: Fix serial8250_tx_empty() race with DMA Tx
f8a19ee31 drbd: correctly submit flush bio on barrier
43c8e2976 printk: declare printk_deferred_{enter,safe}() in include/linux/printk.h
8401202d3 mm/page_alloc: fix potential deadlock on zonelist_update_seq seqlock
bd2cee6fd Linux 4.14.315
baba4bef4 Fix bad conflict resolution from c56b3587d95f2adf06e6c01b1cda80a06829192c
453815226 net: Fix load-tearing on sk->sk_stamp in sock_recv_cmsgs().
2a44493a3 netlink: annotate accesses to nlk->cb_running
cd4810337 net: annotate sk->sk_err write from do_recvmmsg()
42f45ccc2 ipvlan:Fix out-of-bounds caused by unclear skb->cb
3c18d44b0 af_unix: Fix a data race of sk->sk_receive_queue->qlen.
c9e174d0e fs: hfsplus: remove WARN_ON() from hfsplus_cat_{read,write}_inode()
52a177982 regmap: cache: Return error in cache sync operations for REGCACHE_NONE
dca08bc10 memstick: r592: Fix UAF bug in r592_remove due to race condition
66f51acfc ACPI: EC: Fix oops when removing custom query handlers
af6de44b7 drm/tegra: Avoid potential 32-bit integer overflow
c1f4c3a91 ACPICA: Avoid undefined behavior: applying zero offset to null pointer
b3e3c940b ACPICA: ACPICA: check null return of ACPI_ALLOCATE_ZEROED in acpi_db_display_objects
2ebd3c30a wifi: brcmfmac: cfg80211: Pass the PMK in binary instead of hex
83d1d8f65 ext2: Check block size validity during mount
da44b39e8 net: pasemi: Fix return type of pasemi_mac_start_tx()
e4b898bcc net: Catch invalid index in XPS mapping
aa2413479 lib: cpu_rmap: Avoid use after free on rmap->obj array entries
2a3653f9e scsi: message: mptlan: Fix use after free bug in mptlan_remove() due to race condition
0bd0293c5 gfs2: Fix inode height consistency check
5caa44347 ext4: set goal start correctly in ext4_mb_normalize_request
5463df174 ext4: Fix best extent lstart adjustment logic in ext4_mb_new_inode_pa()
b219405c4 wifi: iwlwifi: dvm: Fix memcpy: detected field-spanning write backtrace
eab130117 Bluetooth: L2CAP: fix "bad unlock balance" in l2cap_disconnect_rsp
e2aaabbda staging: rtl8192e: Replace macro RTL_PCI_DEVICE with PCI_DEVICE
d74415ae4 HID: logitech-hidpp: Don't use the USB serial for USB devices
6bfed3adb HID: logitech-hidpp: Reconcile USB and Unifying serials
30374cce8 spi: spi-imx: fix MX51_ECSPI_* macros when cs > 3
6aa046ab4 HID: wacom: generic: Set battery quirk only when we see battery data
809c13ff9 serial: 8250: Reinit port->pm on port specific driver unbind
de835a8cd mcb-pci: Reallocate memory region to avoid memory overlapping
897790a6b sched: Fix KCSAN noinstr violation
27ec94093 recordmcount: Fix memory leaks in the uwrite function
5e802cb44 clk: tegra20: fix gcc-7 constant overflow warning
370774881 Input: xpad - add constants for GIP interface numbers
8fa949fa1 phy: st: miphy28lp: use _poll_timeout functions for waits
64aaec40d mfd: dln2: Fix memory leak in dln2_probe()
3bfa00bd0 cpupower: Make TSC read per CPU for Mperf monitor
86a4a35b4 af_key: Reject optional tunnel/BEET mode templates in outbound policies
61ccc9905 net: fec: Better handle pm_runtime_get() failing in .remove()
3e26d1cf3 vsock: avoid to close connected socket after the timeout
3d62bf897 media: netup_unidvb: fix use-after-free at del_timer()
b46604574 net: nsh: Use correct mac_offset to unwind gso skb in nsh_gso_segment()
9a577ea77 cassini: Fix a memory leak in the error handling path of cas_init_one()
066f7c971 igb: fix bit_shift to be in [1..8] range
b72f82902 vlan: fix a potential uninit-value in vlan_dev_hard_start_xmit()
437e02721 usb-storage: fix deadlock when a scsi command timeouts more than once
49286f35b ALSA: hda: Fix Oops by 9.1 surround channel names
5c08db0bc ALSA: hda: Add NVIDIA codec IDs a3 through a7 to patch table
fb9463ca2 statfs: enforce statfs[64] structure initialization
425e7970c serial: Add support for Advantech PCI-1611U card
ba53e20c9 ceph: force updating the msg pointer in non-split case
1420e60fc nilfs2: fix use-after-free bug of nilfs_root in nilfs_evict_inode()
b760af90e netfilter: nf_tables: bogus EBUSY in helper removal from transaction
4926d579a spi: spi-fsl-spi: automatically adapt bits-per-word in cpu mode
95c367c46 spi: fsl-spi: Re-organise transfer bits_per_word adaptation
a12f97b9a spi: fsl-cpm: Use 16 bit mode for large transfers with even size
7b3c909f9 m68k: Move signal frame following exception on 68020/030
8b26564da parisc: Allow to reboot machine after system halt
25532d5c1 netfilter: nftables: add nft_parse_register_load() and use it
b070c3dd0 netfilter: nftables: add nft_parse_register_store() and use it
f5adc5c04 netfilter: nftables: statify nft_parse_register()
dead30615 netfilter: nf_tables: validate registers coming from userspace.
43b0773fa netfilter: nf_tables: add nft_setelem_parse_key()
8a7d29e3f netfilter: nf_tables: allow up to 64 bytes in the set element data area
fcfd9dcf1 netfilter: nf_tables: stricter validation of element data
e25ad929d netfilter: nft_dynset: do not reject set updates with NFT_SET_EVAL
bad8c989e netfilter: nf_tables: do not allow RULE_ID to refer to another chain
f2b9c6cff netfilter: nf_tables: do not allow SET_ID to refer to another table
1de9e3f6f netfilter: nf_tables: fix register ordering
46fafbef4 x86/mm: Avoid incomplete Global INVLPG flushes
009b5282c selftests/memfd: Fix unknown type name build failure
5050f4ae1 USB: core: Add routines for endpoint checks in old drivers
fd2a0891f USB: sisusbvga: Add endpoint checks
1c49e11ee media: radio-shark: Add endpoint checks
165258ccf net: fix skb leak in __skb_tstamp_tx()
24a1fff27 ipv6: Fix out-of-bounds access in ipv6_find_tlv()
872e52c25 power: supply: leds: Fix blink to LED on transition
ba764b96c power: supply: bq27xxx: Fix bq27xxx_battery_update() race condition
49b224e2f power: supply: bq27xxx: Fix I2C IRQ race on remove
c60f6b35c power: supply: bq27xxx: Fix poll_interval handling and races on remove
60c7020a5 power: supply: sbs-charger: Fix INHIBITED bit for Status reg
0c7bacbec xen/pvcalls-back: fix double frees with pvcalls_new_active_socket()
b44f66f3d x86/show_trace_log_lvl: Ensure stack pointer is aligned, again
c985eb218 forcedeth: Fix an error handling path in nv_probe()
944a59a64 3c589_cs: Fix an error handling path in tc589_probe()
f07026940 Linux 4.14.316
d7e3ce5b2 power: supply: bq27xxx: After charger plug in/out wait 0.5s for things to stabilize
1c6baa7fa ASoC: Intel: Skylake: Fix declaration of enum skl_ch_cfg
4a32f5863 bluetooth: Add cmd validity checks at the start of hci_sock_ioctl()
5d609d2d9 dmaengine: pl330: rename _start to prevent build error
43b7a2bb3 netrom: fix info-leak in nr_write_internal()
f74701610 af_packet: Fix data-races of pkt_sk(sk)->num.
fcae34871 af_packet: do not use READ_ONCE() in packet_bind()
1bc8eaa53 tcp: Return user_mss for TCP_MAXSEG in CLOSE/LISTEN state if user_mss set
42e6c6b25 udp6: Fix race condition in udp6_sendmsg & connect
60809ae70 net: dsa: mv88e6xxx: Increase wait after reset deactivation
47d87b1be mailbox: mailbox-test: Fix potential double-free in mbox_test_message_write()
14f9b417e ARM: 9295/1: unwind:fix unwind abort for uleb128 case
065fb9cda fbdev: modedb: Add 1920x1080 at 60 Hz video mode
7ac09dd9d fbdev: stifb: Fix info entry in sti_struct on error path
ff2649587 nbd: Fix debugfs_create_dir error checking
1ed2b1b31 ASoC: dwc: limit the number of overrun messages
6cb75f0a4 ASoC: ssm2602: Add workaround for playback distortions
37761fb54 media: dvb-usb: az6027: fix three null-ptr-deref in az6027_i2c_xfer()
231525c35 media: dvb-usb-v2: ec168: fix null-ptr-deref in ec168_i2c_xfer()
6cb94b4cd media: dvb-usb-v2: ce6230: fix null-ptr-deref in ce6230_i2c_master_xfer()
577c37329 media: dvb-usb-v2: rtl28xxu: fix null-ptr-deref in rtl28xxu_i2c_xfer
1e9ebdbfb media: dvb-usb: digitv: fix null-ptr-deref in digitv_i2c_xfer()
24f733526 media: dvb-usb: dw2102: fix uninit-value in su3000_read_mac_address
5dc7fa873 media: netup_unidvb: fix irq init by register it at the end of probe
d7fa8e9bb media: ttusb-dec: fix memory leak in ttusb_dec_exit_dvb()
a138334b9 media: dvb-core: Fix kernel WARNING for blocking operation in wait_event*()
0049715cb media: dvb-core: Fix use-after-free due to race condition at dvb_ca_en50221
994780e2f wifi: rtl8xxxu: fix authentication timeout due to incorrect RCR value
94afaef82 scsi: core: Decrease scsi_device's iorequest_cnt if dispatch failed
4957b6554 wifi: b43: fix incorrect __packed annotation
8799180e4 netfilter: conntrack: define variables exp_nat_nla_policy and any_addr with CONFIG_NF_NAT
7ef732dc7 ALSA: oss: avoid missing-prototype warnings
c5e197ea9 atm: hide unused procfs functions
628346a81 mailbox: mailbox-test: fix a locking issue in mbox_test_message_write()
06f300545 iio: adc: mxs-lradc: fix the order of two cleanup operations
71cf4b489 HID: wacom: avoid integer overflow in wacom_intuos_inout()
3f057c4cb iio: dac: mcp4725: Fix i2c_master_send() return value handling
ff8e24996 net: usb: qmi_wwan: Set DTR quirk for BroadMobi BM818
d86abd711 usb: gadget: f_fs: Add unbind event before functionfs_unbind
68069600c scsi: stex: Fix gcc 13 warnings
75f12963c ata: libata-scsi: Use correct device no in ata_find_dev()
0625f16ec x86/boot: Wrap literal addresses in absolute_pointer()
5f36f7977 ACPI: thermal: drop an always true check
26c8cba75 gcc-12: disable '-Wdangling-pointer' warning for now
01bb495f1 eth: sun: cassini: remove dead code
a5989079f kernel/extable.c: use address-of operator on section symbols
84b5adf5f lib/dynamic_debug.c: use address-of operator on section symbols
ea9e884a6 wifi: rtlwifi: remove always-true condition pointed out by GCC 12
05d350a54 regulator: da905{2,5}: Remove unnecessary array check
487f3b7c6 mmc: vub300: fix invalid response handling
f2ab52813 tty: serial: fsl_lpuart: use UARTCTRL_TXINV to send break instead of UARTCTRL_SBK
72560b382 selinux: don't use make's grouped targets feature yet
6b569a923 ext4: add lockdep annotations for i_data_sem for ea_inode's
8d9266935 fbcon: Fix null-ptr-deref in soft_cursor
4c678f510 scsi: dpt_i2o: Remove broken pass-through ioctl (I2OUSERCMD)
2362572cd scsi: dpt_i2o: Do not process completions with invalid addresses
544e87753 cdc_ncm: Implement the 32-bit version of NCM Transfer Block
192ba8068 cdc_ncm: Fix the build warning
b8e42a50f net: cdc_ncm: Deal with too low values of dwNtbOutMaxSize
a84d6f644 Fix double fget() in vhost_net_set_backend()
27bfb2a25 wifi: rtlwifi: 8192de: correct checking of IQK reload
431871da2 Linux 4.14.317
15591cf7c i40iw: fix build warning in i40iw_manage_apbvt()
757c9465d i40e: fix build warnings in i40e_alloc.h
7545484fb spi: qup: Request DMA before enabling clocks
befa37850 Bluetooth: Fix l2cap_disconnect_req deadlock
4a9916e4f Bluetooth: L2CAP: Add missing checks for invalid DCID
04e698fdd rfs: annotate lockless accesses to sk->sk_rxhash
85148a3cb rfs: annotate lockless accesses to RFS sock flow table
8be76fc14 net: sched: move rtm_tca_policy declaration to include file
9248afb55 lib: cpu_rmap: Fix potential use-after-free in irq_cpu_rmap_release()
25718edc7 bnxt_en: Query default VLAN before VNIC setup on a VF
21cc53686 batman-adv: Broken sync while rescheduling delayed work
abcfbec62 Input: xpad - delete a Razer DeathAdder mouse VID/PID entry
46bbacce8 Input: psmouse - fix OOB access in Elantech protocol
c23db6fa5 drm/amdgpu: fix xclk freq on CHIP_STONEY
cc489980c ceph: fix use-after-free bug for inodes when flushing capsnaps
5cce03012 Bluetooth: Fix use-after-free in hci_remove_ltk/hci_remove_irk
511758138 i2c: sprd: Delete i2c adapter in .remove's error path
8e2452bdc ext4: only check dquot_initialize_needed() when debugging
707d607fb btrfs: check return value of btrfs_commit_transaction in relocation
cdac8aa40 btrfs: unset reloc control if transaction commit fails in prepare_to_relocate()
a72e5a4ae Revert "staging: rtl8192e: Replace macro RTL_PCI_DEVICE with PCI_DEVICE"
eea3cd619 Linux 4.14.318
324e33670 power: supply: ab8500: Fix external_power_changed race
4e0268ba0 power: supply: bq27xxx: Use mod_delayed_work() instead of cancel() + schedule()
9051c89a4 ARM: dts: vexpress: add missing cache properties
c7db22706 power: supply: Ratelimit no data debug output
2e3390901 regulator: Fix error checking for debugfs_create_dir
944dfdfc7 power: supply: Fix logic checking if system is running from battery
67ecbbabf MIPS: Alchemy: fix dbdma2
3391e3324 mips: Move initrd_start check after initrd address sanitisation.
cb74f747d xen/blkfront: Only check REQ_FUA for writes
85fa37c24 ocfs2: fix use-after-free when unmounting read-only filesystem
c53903def ocfs2: check new file size on fallocate call
8dec550d0 nios2: dts: Fix tse_mac "max-frame-size" property
02078c28d nilfs2: fix incomplete buffer cleanup in nilfs_btnode_abort_change_key()
51e6fba3c nilfs2: fix possible out-of-bounds segment allocation in resize ioctl
7ec5c6e50 net: usb: qmi_wwan: add support for Compal RXM-G1
026a6461a Remove DECnet support from kernel
0505734d5 USB: serial: option: add Quectel EM061KGL series
570610610 netfilter: nfnetlink: skip error delivery on batch in case of ENOMEM
721c9153e ping6: Fix send to link-local addresses with VRF.
f7ef02bfc IB/isert: Fix dead lock in ib_isert
03fb01b78 IB/isert: Fix possible list corruption in CMA handler
4e555498d IB/isert: Fix incorrect release of isert connection
57b1f9483 sctp: fix an error code in sctp_sf_eat_auth()
7b4feea8f igb: fix nvm.ops.read() error handling
a6f5f3292 drm/nouveau/dp: check for NULL nv_connector->native_mode
8fe7e81dd net: lapbether: only support ethernet devices
1d4678ba5 net: tipc: resize nlattr array to correct size
f2da317bc selftests/ptp: Fix timestamp printf format for PTP_SYS_OFFSET
84d842161 neighbour: Remove unused inline function neigh_key_eq16()
00920635a neighbour: delete neigh_lookup_nodev as not used
197004fa9 powerpc: Fix defconfig choice logic when cross compiling
f0dfc0604 mmc: block: ensure error propagation for non-blk
00adda5f2 Linux 4.14.319
0524b4fea serial: lantiq: add missing interrupt ack
c4d5093fd nilfs2: reject devices with insufficient block count
5e7debc11 nilfs2: fix buffer corruption due to concurrent device reads
41aae6c65 Drivers: hv: vmbus: Fix vmbus_wait_for_unload() to scan present CPUs
ce702e124 cgroup: Do not corrupt task iteration when rebinding subsystem
656199ebb nilfs2: prevent general protection fault in nilfs_clear_dirty_page()
7d4652de9 xfrm: Linearize the skb after offloading if needed.
216170566 net: qca_spi: Avoid high load if QCA7000 is not available
349722872 mmc: mtk-sd: fix deferred probing
ec6d68281 mmc: omap: fix deferred probing
50041bf2c mmc: omap_hsmmc: fix deferred probing
7a85b8a9d mmc: usdhi60rol0: fix deferred probing
48e5fd0e4 be2net: Extend xmit workaround to BE3 chip
e633f6db1 netfilter: nf_tables: disallow element updates of bound anonymous sets
de2c1ab24 scsi: target: iscsi: Prevent login threads from racing between each other
9211e9aed HID: wacom: Add error check to wacom_parse_and_register()
9f1ec24a1 arm64: Add missing Set/Way CMO encodings
29b5bf5d3 nfcsim.c: Fix error checking for debugfs_create_dir
b3ca2789d fbdev: imsttfb: Release framebuffer and dealloc cmap on error path
7ff23db2b usb: gadget: udc: fix NULL dereference in remove()
842646b28 s390/cio: unregister device when the only path is gone
c85f31f45 drm/exynos: vidi: fix a wrong error return
9f5cb92c7 drm/exynos: fix race condition UAF in exynos_g2d_exec_ioctl
a02ed34c5 drm/radeon: fix race condition UAF in radeon_gem_set_domain_ioctl
f05f64bde x86/apic: Fix kernel panic when booting with intremap=off and x2apic_phys
96bc68c04 i2c: imx-lpi2c: fix type char overflow issue when calculating the clock cycle
b482990ed Linux 4.14.320
a5b87a003 Upstream KernelSU to v0.6.6
c8eaaaa66 init: Provide arch_cpu_finalize_init()
aaa1165ab x86/cpu: Switch to arch_cpu_finalize_init()
7dad0c777 ARM: cpu: Switch to arch_cpu_finalize_init()
fc8e54bb7 ia64/cpu: Switch to arch_cpu_finalize_init()
f9826f6a0 m68k/cpu: Switch to arch_cpu_finalize_init()
ee5cf92c4 mips/cpu: Switch to arch_cpu_finalize_init()
2f807f03a sh/cpu: Switch to arch_cpu_finalize_init()
bda031755 sparc/cpu: Switch to arch_cpu_finalize_init()
a23f6c05b um/cpu: Switch to arch_cpu_finalize_init()
560f3d388 init: Remove check_bugs() leftovers
53b78434e init: Invoke arch_cpu_finalize_init() earlier
4f8177730 init, x86: Move mem_encrypt_init() into arch_cpu_finalize_init()
6b74c4450 x86/fpu: Remove cpuinfo argument from init functions
a9087e0b4 x86/fpu: Mark init functions __init
f07ed06a2 x86/fpu: Move FPU initialization into arch_cpu_finalize_init()
5dfb76bd9 x86/speculation: Add Gather Data Sampling mitigation
22834cc5c x86/speculation: Add force option to GDS mitigation
d13736f8a x86/speculation: Add Kconfig option for GDS
5420e1249 KVM: Add GDS_NO support to KVM
928400f57 x86/xen: Fix secondary processors' FPU initialization
76c56c796 Documentation/x86: Fix backwards on/off logic about YMM support
078c7ec04 xen/netback: Fix buffer overrun triggered by unusual packet
7492d7cc2 x86: fix backwards merge of GDS/SRSO bit
c89e95aa7 Linux 4.14.321
ffc14752d KernelSU: Upstream to v0.6.7
428c19576 Oops accidently did tha t
b39c5cbd5 gfs2: Don't deref jdesc in evict
40db2ec30 x86/microcode/AMD: Load late on both threads too
8f77fb79d x86/smp: Use dedicated cache-line for mwait_play_dead()
5cf351953 fbdev: imsttfb: Fix use after free bug in imsttfb_probe
84fdab59f drm/edid: Fix uninitialized variable in drm_cvt_modes()
ca2806e0c scripts/tags.sh: Resolve gtags empty index generation
ae631a8c1 drm/amdgpu: Validate VM ioctl flags.
c9a092616 treewide: Remove uninitialized_var() usage
e7d615934 md/raid10: fix overflow of md/safe_mode_delay
dfe1ada3b md/raid10: fix wrong setting of max_corr_read_errors
7f80dbce0 md/raid10: fix io loss while replacement replace rdev
5b878a536 PM: domains: fix integer overflow issues in genpd_parse_state()
5886f43d1 evm: Complete description of evm_inode_setattr()
1146f851c wifi: ath9k: fix AR9003 mac hardware hang check register offset calculation
7aee49040 wifi: ath9k: avoid referencing uninit memory in ath9k_wmi_ctrl_rx
986c8a04e wifi: orinoco: Fix an error handling path in spectrum_cs_probe()
1e246c7f9 wifi: orinoco: Fix an error handling path in orinoco_cs_probe()
f9c311fe9 wifi: atmel: Fix an error handling path in atmel_probe()
e0e756d83 wifi: wl3501_cs: Fix an error handling path in wl3501_probe()
037c83bcc wifi: ray_cs: Fix an error handling path in ray_probe()
5b1e6eced wifi: ath9k: don't allow to overwrite ENDPOINT0 attributes
23da84adf watchdog/perf: define dummy watchdog_update_hrtimer_threshold() on correct config
f1170e50e watchdog/perf: more properly prevent false positives with turbo modes
4b27a003d kexec: fix a memory leak in crash_shrink_memory()
a0823da42 memstick r592: make memstick_debug_get_tpc_name() static
309108191 wifi: ath9k: Fix possible stall on ath9k_txq_list_has_key()
ce948d833 wifi: ath9k: convert msecs to jiffies where needed
30178dea8 netlink: fix potential deadlock in netlink_set_err()
1dfe87456 netlink: do not hard code device address lenth in fdb dumps
4282c966f gtp: Fix use-after-free in __gtp_encap_destroy().
ee41e02fe lib/ts_bm: reset initial match offset for every block of text
cceb3fb64 netfilter: nf_conntrack_sip: fix the ct_sip_parse_numerical_param() return value.
00bd686b6 netlink: Add __sock_i_ino() for __netlink_diag_dump().
352f19fd2 radeon: avoid double free in ci_dpm_init()
11c5a3632 Input: drv260x - sleep between polling GO bit
9a856f5bf ARM: dts: BCM5301X: Drop "clock-names" from the SPI node
ba1ec8c7c Input: adxl34x - do not hardcode interrupt trigger type
f6be6307a drm/panel: simple: fix active size for Ampire AM-480272H3TMQW-T01H
1551233cf ARM: ep93xx: fix missing-prototype warnings
2df9db807 ASoC: es8316: Increment max value for ALC Capture Target Volume control
5059b0f44 soc/fsl/qe: fix usb.c build errors
31747b9da fbdev: omapfb: lcd_mipid: Fix an error handling path in mipid_spi_probe()
ef9ff2b01 drm/radeon: fix possible division-by-zero errors
8031e5f01 ALSA: ac97: Fix possible NULL dereference in snd_ac97_mixer
83cf577ae scsi: 3w-xxxx: Add error handling for initialization failure in tw_probe()
0fe1195da PCI: Add pci_clear_master() stub for non-CONFIG_PCI
f7cb2a829 pinctrl: cherryview: Return correct value if pin in push-pull mode
285505a33 perf dwarf-aux: Fix off-by-one in die_get_varname()
3d817ef02 pinctrl: at91-pio4: check return value of devm_kasprintf()
bba0670c7 crypto: nx - fix build warnings when DEBUG_FS is not enabled
bdf89c271 modpost: fix section mismatch message for R_ARM_ABS32
323902d23 modpost: fix section mismatch message for R_ARM_{PC24,CALL,JUMP24}
0a0909e35 modpost: fix off by one in is_executable_section()
5ddf88014 USB: serial: option: add LARA-R6 01B PIDs
537bd586e block: change all __u32 annotations to __be32 in affs_hardblocks.h
b5d9db074 w1: fix loop in w1_fini()
756120470 sh: j2: Use ioremap() to translate device tree address into kernel memory
860ed3bc3 media: usb: Check az6007_read() return value
597282e16 media: videodev2.h: Fix struct v4l2_input tuner index comment
d78f0fc44 media: usb: siano: Fix warning due to null work_func_t function pointer
d53be4855 extcon: Fix kernel doc of property fields to avoid warnings
959e60fe1 extcon: Fix kernel doc of property capability fields to avoid warnings
63e3bdadd usb: phy: phy-tahvo: fix memory leak in tahvo_usb_probe()
d2744f798 mfd: rt5033: Drop rt5033-battery sub-device
7a965a683 mfd: intel-lpss: Add missing check for platform_get_resource
4b573cc2e mfd: stmpe: Only disable the regulators if they are enabled
67ffa6667 rtc: st-lpc: Release some resources in st_rtc_probe() in case of error
dd194b254 sctp: fix potential deadlock on &net->sctp.addr_wq_lock
12221a5f3 Add MODULE_FIRMWARE() for FIRMWARE_TG357766.
906633f3f spi: bcm-qspi: return error if neither hif_mspi nor mspi is available
aed487c1f mailbox: ti-msgmgr: Fill non-message tx data fields with 0x0
b493318d0 powerpc: allow PPC_EARLY_DEBUG_CPM only when SERIAL_CPM=y
20ba9eeb5 net: bridge: keep ports without IFF_UNICAST_FLT in BR_PROMISC mode
6170d8dd8 tcp: annotate data races in __tcp_oow_rate_limited()
5797087a3 net/sched: act_pedit: Add size check for TCA_PEDIT_PARMS_EX
f48b3a34f sh: dma: Fix DMA channel offset calculation
e68fae15e NFSD: add encoding of op_recall flag for write delegation
8354295e2 mmc: core: disable TRIM on Kingston EMMC04G-M627
df2d00967 mmc: core: disable TRIM on Micron MTFC4GACAJCN-1M
6a30888bf integrity: Fix possible multiple allocation in integrity_inode_get()
7b5572052 jffs2: reduce stack usage in jffs2_build_xattr_subsystem()
307b020e5 btrfs: fix race when deleting quota root from the dirty cow roots list
86c2f8940 ARM: orion5x: fix d2net gpio initialization
86c5d01ac spi: spi-fsl-spi: remove always-true conditional in fsl_spi_do_one_msg
88221fa9f spi: spi-fsl-spi: relax message sanity checking a little
5405a9d96 spi: spi-fsl-spi: allow changing bits_per_word while CS is still active
2602a4779 netfilter: nf_tables: incorrect error path handling with NFT_MSG_NEWRULE
df1589391 netfilter: nf_tables: add NFT_TRANS_PREPARE_ERROR to deal with bound set/chain
b0509c2d1 netfilter: nf_tables: unbind non-anonymous set if rule construction fails
6fad8ff5c netfilter: conntrack: Avoid nf_ct_helper_hash uses after free
90ca37cf1 netfilter: nf_tables: prevent OOB access in nft_byteorder_eval
dd684e7a0 workqueue: clean up WORK_* constant types, clarify masking
205331793 net: mvneta: fix txq_map in case of txq_number==1
add812822 udp6: fix udp6_ehashfn() typo
4d50ecad1 ntb: idt: Fix error handling in idt_pci_driver_init()
8db66140b NTB: amd: Fix error handling in amd_ntb_pci_driver_init()
09cc49ca4 ntb: intel: Fix error handling in intel_ntb_pci_driver_init()
d2f2c5e01 NTB: ntb_transport: fix possible memory leak while device_register() fails
93bfc667c ipv6/addrconf: fix a potential refcount underflow for idev
f75bd924e wifi: airo: avoid uninitialized warning in airo_get_rate()
02e1cdc40 net/sched: make psched_mtu() RTNL-less safe
0569d03a7 tpm: tpm_vtpm_proxy: fix a race condition in /dev/vtpmx creation
72750b897 SUNRPC: Fix UAF in svc_tcp_listen_data_ready()
9396ba290 perf intel-pt: Fix CYC timestamps after standalone CBR
d779a9b7f ext4: fix wrong unit use in ext4_mb_clear_bb
fb267785f ext4: only update i_reserved_data_blocks on successful block allocation
9cb97dd41 jfs: jfs_dmap: Validate db_l2nbperpage while mounting
3d9ee16c0 PCI: Add function 1 DMA alias quirk for Marvell 88SE9235
d1a7438eb misc: pci_endpoint_test: Re-init completion for every test
cd56d96fa md/raid0: add discard support for the 'original' layout
d08d5483f fs: dlm: return positive pid value for F_GETLK
9d415e65e hwrng: imx-rngc - fix the timeout for init and self check
a818e0763 meson saradc: fix clock divider mask length
d44f885fe Revert "8250: add support for ASIX devices with a FIFO bug"
84caea99f tty: serial: samsung_tty: Fix a memory leak in s3c24xx_serial_getclk() in case of error
4a0260977 tty: serial: samsung_tty: Fix a memory leak in s3c24xx_serial_getclk() when iterating clk
0436a67fa ring-buffer: Fix deadloop issue on reading trace_pipe
ecf414d6d xtensa: ISS: fix call to split_if_spec
956385107 scsi: qla2xxx: Wait for io return on terminate rport
8d8e82b42 scsi: qla2xxx: Fix potential NULL pointer dereference
85bbe21fc scsi: qla2xxx: Check valid rport returned by fc_bsg_to_rport()
043006ba9 scsi: qla2xxx: Pointer may be dereferenced
71e094fe5 serial: atmel: don't enable IRQs prematurely
59bc21643 perf probe: Add test for regression introduced by switch to die_get_decl_file()
6749676c3 fuse: revalidate: don't invalidate if interrupted
6179cc670 can: bcm: Fix UAF in bcm_proc_show()
cc966f24b ext4: correct inline offset when handling xattrs in inode body
84273afbd debugobjects: Recheck debug_objects_enabled before reporting
9ad988a80 nbd: Add the maximum limit of allocated index in nbd_dev_add
324e8ca20 md: fix data corruption for raid456 when reshape restart while grow up
4f5e2ce4b md/raid10: prevent soft lockup while flush writes
3f9df7b5a posix-timers: Ensure timer ID search-loop limit is valid
1b3c87732 sched/fair: Don't balance task to its current running CPU
885c1a998 bpf: Address KCSAN report on bpf_lru_list
d94e9ba6a wifi: wext-core: Fix -Wstringop-overflow warning in ioctl_standard_iw_point()
b27c240ea igb: Fix igb_down hung on surprise removal
a9c10f9a7 spi: bcm63xx: fix max prepend length
674113ae8 fbdev: imxfb: warn about invalid left/right margin
b2164a298 pinctrl: amd: Use amd_pinconf_set() for all config options
04492954d net: ethernet: ti: cpsw_ale: Fix cpsw_ale_get_field()/cpsw_ale_set_field()
0fa7e8167 fbdev: au1200fb: Fix missing IRQ check in au1200fb_drv_probe
9103370c5 llc: Don't drop packet from non-root netns.
ed1bf18c2 netfilter: nf_tables: fix spurious set element insertion failure
d1f120c4e tcp: annotate data-races around rskq_defer_accept
ebea7af60 tcp: annotate data-races around tp->notsent_lowat
e87d6d241 tcp: annotate data-races around fastopenq.max_qlen
655309c17 gpio: tps68470: Make tps68470_gpio_output() always set the initial value
9a724579d i40e: Fix an NULL vs IS_ERR() bug for debugfs_create_dir()
f434cecfe ethernet: atheros: fix return value check in atl1e_tso_csum()
a3e32eba1 ipv6 addrconf: fix bug where deleting a mngtmpaddr can create a new temporary address
84a641fc5 tcp: Reduce chance of collisions in inet6_hashfn().
1d70400ff bonding: reset bond's flags when down link is P2P device
27ff589f6 team: reset team's flags when down link is P2P device
1a43ca195 platform/x86: msi-laptop: Fix rfkill out-of-sync on MSI Wind U100
bfb8f589d benet: fix return value check in be_lancer_xmit_workarounds()
1ba0db995 ASoC: fsl_spdif: Silence output on stop
52a0dc1ee block: Fix a source code comment in include/uapi/linux/blkzoned.h
ee027bd94 dm raid: fix missing reconfig_mutex unlock in raid_ctr() error paths
bb84525f1 ata: pata_ns87415: mark ns87560_tf_read static
caa318c99 ring-buffer: Fix wrong stat of cpu_buffer->read
c585889d4 tracing: Fix warning in trace_buffered_event_disable()
8fb3ece45 USB: serial: option: support Quectel EM060K_128
6217b39cf USB: serial: option: add Quectel EC200A module support
5483c56f8 USB: serial: simple: add Kaufmann RKS+CAN VCP
ffe2f489d USB: serial: simple: sort driver entries
eee7a0d52 can: gs_usb: gs_can_close(): add missing set of CAN state to CAN_STATE_STOPPED
b6ccee832 usb: ohci-at91: Fix the unhandle interrupt when resume
82211a683 usb: xhci-mtk: set the dma max_seg_size
7ce6e2bea Documentation: security-bugs.rst: update preferences when dealing with the linux-distros group
1be3ec8d3 staging: ks7010: potential buffer overflow in ks_wlan_set_encode_ext()
a877feb55 hwmon: (nct7802) Fix for temp6 (PECI1) processed even if PECI1 disabled
15d029b81 tpm_tis: Explicitly check for error code
302ed7087 irq-bcm6345-l1: Do not assume a fixed block to cpu mapping
f12a233b5 s390/dasd: fix hanging device after quiesce/resume
80c1cdd78 ASoC: wm8904: Fill the cache for WM8904_ADC_TEST_0 register
e261f5c7c dm cache policy smq: ensure IO doesn't prevent cleaner policy progress
da61c808e drm/client: Fix memory leak in drm_client_target_cloned
73f4f5356 net/sched: cls_fw: Fix improper refcount update leads to use-after-free
60421ee6a net/sched: sch_qfq: account for stab overhead in qfq_enqueue
b63f2e2d3 net/sched: cls_u32: Fix reference counter leak leading to overflow
b484e022e perf: Fix function pointer case
8d1379bdc word-at-a-time: use the same return type for has_zero regardless of endianness
978daef5d net/mlx5e: fix return value check in mlx5e_ipsec_remove_trailer()
2e59ff06c perf test uprobe_from_different_cu: Skip if there is no gcc
ff78ac0e6 net: add missing data-race annotations around sk->sk_peek_off
60a869f62 net: add missing data-race annotation for sk_ll_usec
6b254c0cb net/sched: cls_u32: No longer copy tcf_result on update to avoid use-after-free
8d86f992a net/sched: cls_route: No longer copy tcf_result on update to avoid use-after-free
609f7d025 ip6mr: Fix skb_under_panic in ip6mr_cache_report()
7eb32822b tcp_metrics: fix addr_same() helper
dee05d2d5 tcp_metrics: annotate data-races around tm->tcpm_stamp
4824c2f3b tcp_metrics: annotate data-races around tm->tcpm_lock
644e67010 tcp_metrics: annotate data-races around tm->tcpm_vals[]
a4599a16d tcp_metrics: annotate data-races around tm->tcpm_net
cff86df88 tcp_metrics: fix data-race in tcpm_suck_dst() vs fastopen
082bedb0a loop: Select I/O scheduler 'none' from inside add_disk()
1ff2f79f9 libceph: fix potential hang in ceph_osdc_notify()
780f513bb USB: zaurus: Add ID for A-300/B-500/C-700
8e0f89e77 fs/sysv: Null check to prevent null-ptr-deref bug
a27bcee4a Bluetooth: L2CAP: Fix use-after-free in l2cap_sock_ready_cb
4779cf5c4 net: usbnet: Fix WARNING in usbnet_start_xmit/usb_submit_urb
59d45e18b ext2: Drop fragment support
95748403f test_firmware: fix a memory leak with reqs buffer
804ef42d7 mtd: rawnand: omap_elm: Fix incorrect type in assignment
7a2700ecb drm/edid: fix objtool warning in drm_cvt_modes()
1b5f745ca Linux 4.14.322
ae8214b6a sparc: fix up arch_cpu_finalize_init() build breakage.
d17a17836 mmc: moxart: read scr register without changing byte order
8d3f12876 ipv6: adjust ndisc_is_useropt() to also return true for PIO
411243f73 dmaengine: pl330: Return DMA_PAUSED when transaction is paused
b0676656e radix tree test suite: fix incorrect allocation size for pthreads
d6eb102fb nilfs2: fix use-after-free of nilfs_root in dirtying inodes via iput
6dc689b41 test_firmware: return ENOMEM instead of ENOSPC on failed memory allocation
380dc5c87 iio: cros_ec: Fix the allocation size for cros_ec_command
2bec73220 usb-storage: alauda: Fix uninit-value in alauda_check_media()
4027ae9a2 usb: dwc3: Properly handle processing of pending events
cb3b3b9cc x86/mm: Fix VDSO and VVAR placement on 5-level paging machines
a19ed3a8c x86: Move gds_ucode_mitigated() declaration to header
00d3abcd9 drm/nouveau/disp: Revert a NULL check inside nouveau_connector_get_modes
16a10fc08 net/packet: annotate data-races around tp->status
e6a58afef bonding: Fix incorrect deletion of ETH_P_8021AD protocol vid from slaves
ecb4c9613 dccp: fix data-race around dp->dccps_mss_cache
f39884ac6 drivers: net: prevent tun_build_skb() to exceed the packet size limit
8ca22a569 IB/hfi1: Fix possible panic during hotplug remove
82c514d0a btrfs: don't stop integrity writeback too early
a1d1734c5 netfilter: nf_tables: report use refcount overflow
97cadd526 scsi: core: Fix legacy /proc parsing buffer overflow
27c8e9e15 scsi: storvsc: Fix handling of virtual Fibre Channel timeouts
d91e9d26d scsi: 53c700: Check that command slot is not NULL
a033cf212 scsi: snic: Fix possible memory leak if device_add() fails
276b2909e scsi: core: Fix possible memory leak if device_add() fails
639afc970 alpha: remove __init annotation from exported page_is_ram()
53295880d Linux 4.14.323
2bb5f4bac Re enable permissive by default
011c604cf Overclock: OC and UV GPU
91a9f39a6 Enable Enforcing and disable MTK_PTPOD
dff27b96f re-enable MTK_PTPOD
5ad405232 Overclock: clock gpu a bit higher and over volt it a bit so it can maintain those frequencies
d6762a6a9 Overclock: Overclock CPU L cores to 3.6GHz and B cores to 4GHz
62fd742b0 Remove patch.patch file
31a175765 Overclock: overvolt cpu a bit higher. (saw some instability)
d116c1e6a lib/mpi: Eliminate unused umul_ppmm definitions for MIPS
a4ec727cb drm/radeon: Fix integer overflow in radeon_cs_parser_init
0705bd7bd ALSA: emu10k1: roll up loops in DSP setup code for Audigy
637df3f5e quota: Properly disable quotas when add_dquot_ref() fails
470232066 quota: fix warning in dqgrab()
0fe16e18a udf: Fix uninitialized array access for some pathnames
5ae233084 fs: jfs: Fix UBSAN: array-index-out-of-bounds in dbAllocDmapLev
120dd13e3 MIPS: dec: prom: Address -Warray-bounds warning
7abf47642 FS: JFS: Fix null-ptr-deref Read in txBegin
b2653ec59 FS: JFS: Check for read-only mounted filesystem in txBegin
b043e754f media: v4l2-mem2mem: add lock to protect parameter num_rdy
26278edf6 media: platform: mediatek: vpu: fix NULL ptr dereference
388cdb1e8 gfs2: Fix possible data races in gfs2_show_options()
a516f2653 pcmcia: rsrc_nonstatic: Fix memory leak in nonstatic_release_resource_db()
39a473e5d Bluetooth: L2CAP: Fix use-after-free
f0abda063 drm/amdgpu: Fix potential fence use-after-free v2
36b8a9417 fbdev: mmp: fix value check in mmphw_probe()
e058df2f6 net: xfrm: Fix xfrm_address_filter OOB read
dc00ca57f net: af_key: fix sadb_x_filter validation
331e6e20e ip6_vti: fix slab-use-after-free in decode_session6
d6d321c70 ip_vti: fix potential slab-use-after-free in decode_session6
396998a37 xfrm: add NULL check in xfrm_update_ae_params
3d3d3b1be netfilter: nft_dynset: disallow object maps
d41dce711 team: Fix incorrect deletion of ETH_P_8021AD protocol vid from slaves
8a69c43a6 i40e: fix misleading debug logs
17524198e sock: Fix misuse of sk_under_memory_pressure()
df31495f9 net: do not allow gso_size to be set to GSO_BY_FRAGS
2e0c7ed37 ALSA: usb-audio: Add support for Mythware XA001AU capture and playback interfaces.
5e2840e84 cifs: Release folio lock on fscache read hit.
849c48279 mmc: wbsd: fix double mmc_free_host() in wbsd_init()
be7154e8b serial: 8250: Fix oops for port->pm on uart_change_pm()
09d83e317 binder: fix memory leak in binder_init()
575aba20a test_firmware: prevent race conditions by a correct implementation of locking
d9718df3c netfilter: set default timeout to 3 secs for sctp shutdown send and recv state
49802a74c ASoC: rt5665: add missed regulator_bulk_disable
bee4c6f8b af_unix: Fix null-ptr-deref in unix_stream_sendpage().
1da7640b4 net: fix the RTO timer retransmitting skb every 1ms if linear option is enabled
66a05df68 net: xfrm: Amend XFRMA_SEC_CTX nla_policy structure
08533c612 net: phy: broadcom: stub c45 read/write for 54810
56186dfca tracing: Fix memleak due to race between current_tracer and trace
2856c588e sock: annotate data-races around prot->memory_pressure
1bf11d416 igb: Avoid starting unnecessary workqueues
503d5eae3 ipvs: Improve robustness to the ipvs sysctl
064a86388 ipvs: fix racy memcpy in proc_do_sync_threshold
73b49e502 ibmveth: Use dcbf rather than dcbfl
fe26a341b batman-adv: Trigger events for auto adjusted MTU
c2e5f7b9b batman-adv: Do not get eth header before batadv_check_management_packet
b787ab263 batman-adv: Fix TT global entry leak when client roamed back
9fc79ebe9 batman-adv: Fix batadv_v_ogm_aggr_send memory leak
efeea7ee4 lib/clz_ctz.c: Fix __clzdi2() and __ctzdi2() for 32-bit kernels
c8c7bef9d media: vcodec: Fix potential array out-of-bounds in encoder queue_setup
cd2157a04 x86/fpu: Set X86_FEATURE_OSXSAVE feature after enabling OSXSAVE in CR4
33a435f18 rtnetlink: Reject negative ifindexes in RTM_NEWLINK
f0ac13158 scsi: snic: Fix double free in snic_tgt_create()
7f9ddb638 scsi: core: raid_class: Remove raid_component_add()
416dc7802 dma-buf/sw_sync: Avoid recursive lock during fence signal
817e9dbd8 Linux 4.14.324
c5cb342ee Revert "MIPS: Alchemy: fix dbdma2"
49963685f Revert "ARM: ep93xx: fix missing-prototype warnings"
7dcec5231 Linux 4.14.325
47fa28421 Fix not building issue caused by improper merge
c75f04db9 Overclock: Downclock our GPU because artifacting occurs during gaming or benchmarking
3925d44fe Overclock: Update CPU freq
b9a2c521e configs: Use a timer frequency of 100 Hz The use of high CPU frequencies combined with a large number of cores makes latency decent with a 100 Hz scheduler tick. Reducing the tick rate from 250 Hz to 100 Hz improves throughput and significantly reduces the number of interrupts firing off per second, improving power consumption.
18993b024 Where do these patches keep coming from- oh right. Anways remove it because why not
0bb483f65 Revert "configs: Use a timer frequency of 100 Hz The use of high CPU frequencies combined with a large number of cores makes latency decent with a 100 Hz scheduler tick. Reducing the tick rate from 250 Hz to 100 Hz improves throughput and significantly reduces the number of interrupts firing off per second, improving power consumption."
b3eabcde7 Downclock cpu and gpu. (it really didnt make much of a difference. lets go for something stable)
aedac427d bump KernelSU to v0.6.8
5b561d102 ARM: pxa: remove use of symbol_get()
be7a76324 mmc: au1xmmc: force non-modular build and remove symbol_get usage
10da05a28 rtc: ds1685: use EXPORT_SYMBOL_GPL for ds1685_rtc_poweroff
005344ebc modules: only allow symbol_get of EXPORT_SYMBOL_GPL modules
2aed4ae6f USB: serial: option: add Quectel EM05G variant (0x030e)
1684fea6a USB: serial: option: add FOXCONN T99W368/T99W373 product
eaf8d19b3 HID: wacom: remove the battery when the EKR is off
039afcc3f Bluetooth: btsdio: fix use after free bug in btsdio_remove due to race condition
5b2de0961 serial: sc16is7xx: fix bug when first setting GPIO direction
8989210cd nilfs2: fix general protection fault in nilfs_lookup_dirty_data_buffers()
4a20f6402 nilfs2: fix WARNING in mark_buffer_dirty due to discarded buffer reuse
3cbd06120 pinctrl: amd: Don't show `Invalid config param` errors
de0355c49 lib/ubsan: remove returns-nonnull-attribute checks
45178f7d5 9p: virtio: make sure 'offs' is initialized in zc_request
17905539d ASoC: da7219: Flush pending AAD IRQ when suspending
a32e70bf2 ethernet: atheros: fix return value check in atl1c_tso_csum()
36a2451fe m68k: Fix invalid .section syntax
edb30bb4e s390/dasd: use correct number of retries for ERP requests
0a745af84 fs/nls: make load_nls() take a const parameter
22963a44d ASoc: codecs: ES8316: Fix DMIC config
a898a77df security: keys: perform capable check only on privileged operations
c4861ead4 net: usb: qmi_wwan: add Quectel EM05GV2
6d1d9d67a idmaengine: make FSL_EDMA and INTEL_IDMA64 depends on HAS_IOMEM
aecd4fc5f scsi: qedi: Fix potential deadlock on &qedi_percpu->p_work_lock
64185f57d netlabel: fix shift wrapping bug in netlbl_catmap_setlong()
0c77c0f34 bnx2x: fix page fault following EEH recovery
2d2a525bd sctp: handle invalid error codes without calling BUG()
5bceb5d34 cifs: add a warning when the in-flight count goes negative
b6aa00123 ALSA: seq: oss: Fix racy open/close of MIDI devices
2f72a3f11 powerpc/32: Include .branch_lt in data section
c683e1eaf powerpc/32s: Fix assembler warning about r0
242efacba udf: Check consistency of Space Bitmap Descriptor
6b5126cb1 udf: Handle error when adding extent to a file
f1b75c51d Revert "net: macsec: preserve ingress frame ordering"
ac25240df reiserfs: Check the return value from __getblk()
a311f2154 fs: Fix error checking for d_hash_and_lookup()
c558e1f84 cpufreq: powernow-k8: Use related_cpus instead of cpus in driver.exit()
2763bf8c9 regmap: rbtree: Use alloc_flags for memory allocations
e5457e491 spi: tegra20-sflash: fix to check return value of platform_get_irq() in tegra_sflash_probe()
300a5a519 can: gs_usb: gs_usb_receive_bulk_callback(): count RX overflow errors also in case of OOM
66bcd7749 wifi: mwifiex: Fix OOB and integer underflow when rx packets
63d4bd8c0 Bluetooth: nokia: fix value check in nokia_bluetooth_serdev_probe()
aed74d52b net: tcp: fix unexcepted socket die when snd_wnd is 0
177f5211a crypto: caam - fix unchecked return value error
f3360663c lwt: Check LWTUNNEL_XMIT_CONTINUE strictly
f52cf2145 fs: ocfs2: namei: check return value of ocfs2_add_entry()
f779758d0 wifi: mwifiex: fix memory leak in mwifiex_histogram_read()
a29e0a752 wifi: mwifiex: Fix missed return in oob checks failed path
e462115f3 wifi: ath9k: protect WMI command response buffer replacement with a lock
873efc527 wifi: mwifiex: avoid possible NULL skb pointer dereference
2adc45416 wifi: ath9k: use IS_ERR() with debugfs_create_dir()
3302e91be net: arcnet: Do not call kfree_skb() under local_irq_disable()
895ad9834 netrom: Deny concurrent connect().
b8926b92b ARM: dts: BCM53573: Add cells sizes to PCIe node
fd508cd37 ARM: dts: samsung: s3c6410-mini6410: correct ethernet reg addresses (split)
62e608de0 ARM: dts: samsung: s5pv210-smdkv210: correct ethernet reg addresses (split)
ed62141e4 drm: adv7511: Fix low refresh rate register for ADV7533/5
6a6af33b7 of: unittest: fix null pointer dereferencing in of_unittest_find_node_by_name()
008cba1a6 smackfs: Prevent underflow in smk_set_cipso()
1a579c246 audit: fix possible soft lockup in __audit_inode_child()
1afeadfcb ALSA: ac97: Fix possible error value of *rac97
568e4aadd drivers: clk: keystone: Fix parameter judgment in _of_pll_clk_init()
bea523035 clk: sunxi-ng: Modify mismatched function name
37923e094 PCI: Mark NVIDIA T4 GPUs to avoid bus reset
e4ab6c9bc PCI: pciehp: Use RMW accessors for changing LNKCTL
c70a48314 wifi: ath10k: Use RMW accessors for changing LNKCTL
860296876 nfs/blocklayout: Use the passed in gfp flags
247708516 powerpc/iommu: Fix notifiers being shared by PCI and VIO buses
269efa1c6 jfs: validate max amount of blocks before allocation.
b9c3b365d fs: lockd: avoid possible wrong NULL parameter
ae7166fb7 NFSD: da_addr_body field missing in some GETDEVICEINFO replies
c9e641bc2 drivers: usb: smsusb: fix error handling code in smsusb_init_device
b98503372 media: dib7000p: Fix potential division by zero
c55180a80 media: dvb-usb: m920x: Fix a potential memory leak in m920x_i2c_xfer()
8f159846b media: cx24120: Add retval check for cx24120_message_send()
0fc916cdb media: mediatek: vcodec: Return NULL if no vdec_fb is found
2134e502a usb: phy: mxs: fix getting wrong state with mxs_phy_is_otg_host()
99f93b834 scsi: iscsi: Add strlen() check in iscsi_if_set{_host}_param()
71e7e1e6e scsi: be2iscsi: Add length check when parsing nlattrs
2a9487086 scsi: qla4xxx: Add length check when parsing nlattrs
c54312e68 x86/APM: drop the duplicate APM_MINOR_DEV macro
ea8bea001 scsi: qedf: Do not touch __user pointer in qedf_dbg_stop_io_on_error_cmd_read() directly
8f078fe71 scsi: qedf: Do not touch __user pointer in qedf_dbg_fp_int_cmd_read() directly
2a351e066 dma-buf/sync_file: Fix docs syntax
053bb1431 media: go7007: Remove redundant if statement
d8c2d5aa2 USB: gadget: f_mass_storage: Fix unused variable warning
02b2c9fcb cgroup:namespace: Remove unused cgroup_namespaces_init()
286e97a20 scsi: core: Use 32-bit hostnum in scsi_host_lookup()
5d6e8e239 scsi: fcoe: Fix potential deadlock on &fip->ctlr_lock
06674d1e0 serial: tegra: handle clk prepare error in tegra_uart_hw_init()
718db518a amba: bus: fix refcount leak
d2df28f95 Revert "IB/isert: Fix incorrect release of isert connection"
349807a4f HID: multitouch: Correct devm device reference for hidinput input_dev name
851e1e1ba rpmsg: glink: Add check for kstrdup
9cdf66203 dmaengine: ste_dma40: Add missing IRQ check in d40_probe
b91aaf65f igmp: limit igmpv3_newpack() packet size to IP_MAX_MTU
33fe2cf34 netfilter: ipset: add the missing IP_SET_HASH_WITH_NET0 macro for ip_set_hash_netportnet.c
8892e5a97 netfilter: xt_u32: validate user space input
0ebedff87 netfilter: xt_sctp: validate the flag_info count
e0e5ea0bf igb: set max size RX buffer when store bad packet is enabled
b09f9bafb PM / devfreq: Fix leak in devfreq_dev_release()
ce5e45988 ALSA: pcm: Fix missing fixup call in compat hw_refine ioctl
2cc0687a3 ARM: OMAP2+: Fix -Warray-bounds warning in _pwrdm_state_switch()
90baa23d0 backlight/gpio_backlight: Compare against struct fb_info.device
13c0c1f19 backlight/bd6107: Compare against struct fb_info.device
66b733f48 backlight/lv5207lp: Compare against struct fb_info.device
65d2314dc media: dvb: symbol fixup for dvb_attach()
bd42babc6 ntb: Drop packets when qp link is down
27d7052ba ntb: Clean up tx tail index on link down
9e6399021 ntb: Fix calculation ntb_transport_tx_free_entry()
3115936a6 Revert "PCI: Mark NVIDIA T4 GPUs to avoid bus reset"
eac0c5a6c procfs: block chmod on /proc/thread-self/comm
8768d0e29 parisc: Fix /proc/cpuinfo output for lscpu
39c6e0025 dccp: Fix out of bounds access in DCCP error handler
834edfff7 X.509: if signature is unsupported skip validation
a45b3b595 net: handle ARPHRD_PPP in dev_is_mac_header_xmit()
ac7b7af3c pstore/ram: Check start of empty przs during init
d1b636213 crypto: stm32 - fix loop iterating through scatterlist for DMA
1231ea1db scsi: qla2xxx: fix inconsistent TMF timeout
6f2cb52c9 scsi: qla2xxx: Turn off noisy message log
789409737 fbdev/ep93xx-fb: Do not assign to struct fb_info.dev
07489f38f drm/ast: Fix DRAM init on AST2200
e82e35495 parisc: led: Fix LAN receive and transmit LEDs
b30308ff4 parisc: led: Reduce CPU overhead for disk & lan LED computation
bc0e9b377 clk: qcom: gcc-mdm9615: use proper parent for pll0_vote clock
1cb18b177 NFSv4/pnfs: minor fix for cleanup path in nfs4_get_device_info
8889ce88c x86/virt: Drop unnecessary check on extended CPUID level in cpu_has_svm()
7a5725235 watchdog: intel-mid_wdt: add MODULE_ALIAS() to allow auto-load
7ab2521f5 pwm: lpc32xx: Remove handling of PWM channels
2112fd86b net: read sk->sk_family once in sk_mc_loop()
ab34f8fc1 igb: disable virtualization features on 82580
2ea8d88d6 net: ipv6/addrconf: avoid integer underflow in ipv6_create_tempaddr
738cdc495 af_unix: Fix data-races around user->unix_inflight.
593ae9ec1 af_unix: Fix data-race around unix_tot_inflight.
d12ea16b1 af_unix: Fix data-races around sk->sk_shutdown.
896b0c349 af_unix: Fix data race around sk->sk_err.
d9e382559 net: sched: sch_qfq: Fix UAF in qfq_dequeue()
964da1303 kcm: Destroy mutex in kcm_exit_net()
4d4868b24 igbvf: Change IGBVF_MIN to allow set rx/tx value between 64 and 80
6feac9f14 igb: Change IGB_MIN to allow set rx/tx value between 64 and 80
a75270334 ata: sata_gemini: Add missing MODULE_DESCRIPTION
1a7bde03d ata: pata_ftide010: Add missing MODULE_DESCRIPTION
1413ada82 net: ethernet: mtk_eth_soc: fix possible NULL pointer dereference in mtk_hwlro_get_fdir_all()
e5049dd90 kcm: Fix memory leak in error path of kcm_sendmsg()
c2f0eb0b2 ixgbe: fix timestamp configuration code
f5fcdca0d kcm: Fix error handling for SOCK_DGRAM in kcm_sendmsg().
1944a7b97 parisc: Drop loops_per_jiffy from per_cpu struct
401dc4698 autofs: fix memory leak of waitqueues in autofs_catatonic_mode
23d4bf655 btrfs: output extra debug info if we failed to find an inline backref
5770eb170 ACPICA: Add AML_NO_OPERAND_RESOLVE flag to Timer
a0886010a ACPI: video: Add backlight=native DMI quirk for Lenovo Ideapad Z470
17e0aa3ce hw_breakpoint: fix single-stepping when using bpf_overflow_handler
4117794f8 wifi: ath9k: fix printk specifier
a77397ef6 wifi: mwifiex: fix fortify warning
ab1495935 crypto: lib/mpi - avoid null pointer deref in mpi_cmp_ui()
39a026da6 tpm_tis: Resend command to recover from data transfer errors
2e58c8d42 alx: fix OOB-read compiler warning
721eaa500 drm/exynos: fix a possible null-pointer dereference due to data race in exynos_drm_crtc_atomic_disable()
055219b39 md: raid1: fix potential OOB in raid1_remove_disk()
8a46c1eee ext2: fix datatype of block number in ext2_xattr_set2()
bb3c77c4f fs/jfs: prevent double-free in dbUnmount() after failed jfs_remount()
9014e2589 jfs: fix invalid free of JFS_IP(ipimap)->i_imap in diUnmount
42b590959 powerpc/pseries: fix possible memory leak in ibmebus_bus_init()
9d8357b4c media: dvb-usb-v2: af9035: Fix null-ptr-deref in af9035_i2c_master_xfer
d1d7e02d8 media: dw2102: Fix null-ptr-deref in dw2102_i2c_transfer()
ff5788d3c media: af9005: Fix null-ptr-deref in af9005_i2c_xfer
33aec60da media: anysee: fix null-ptr-deref in anysee_master_xfer
e6b82b5ff media: az6007: Fix null-ptr-deref in az6007_i2c_xfer()
eb1dd5c2b iio: core: Use min() instead of min_t() to make code more robust
3ec7a1225 media: tuners: qt1010: replace BUG_ON with a regular error
8f4be5616 media: pci: cx23885: replace BUG with error return
4685d7a9f usb: gadget: fsl_qe_udc: validate endpoint index for ch9 udc
de5a8995b scsi: target: iscsi: Fix buffer overflow in lio_target_nacl_info_show()
c1e5cac9c serial: cpm_uart: Avoid suspicious locking
e33154a80 kobject: Add sanity check for kset->kobj.ktype in kset_register()
fab9db620 md/raid1: fix error: ISO C90 forbids mixed declarations
2652a4758 attr: block mode changes of symlinks
c6973cc24 btrfs: fix lockdep splat and potential deadlock after failure running delayed items
d57eafec8 nfsd: fix change_info in NFSv4 RENAME replies
6e5b65a4a mtd: rawnand: brcmnand: Fix crash during the panic_write
2fc1f55cb mtd: rawnand: brcmnand: Fix potential false time out warning
d5158bc18 mtd: rawnand: brcmnand: Fix ECC level field setting for v7.2 controller
573a08656 mtd: rawnand: brcmnand: Fix potential out-of-bounds access in oob write
850bfb0a1 net/sched: cls_fw: No longer copy tcf_result on update to avoid use-after-free
fc0febc5e net/sched: Retire rsvp classifier
cf918a8a7 Linux 4.14.326
76692f801 Re enable permissive by default
6f4799236 Push GPU and CPU a lil bit higher
d493b958d Defconfig: disable PTPOD
6acf6007d Idk what happened with KernelSU submodule
eb15db34e Add KernelSU as a git module
9f39e5ec9 Fix errors about eem_v2
cdc3dbcfc arm64/: defconfig: Enable cpufreq_mtk driver
ad6d81dc8 defconfig: Disable audio debugging
bc4c26aa2 defconfig: disable CFG80211_INTERNAL_REGDB
dd8e13c56 defconfig: Disable debugfs and dynamic debug
f5b20c4ac defconfig: Disable MTK CPU perf trackers
94b194fd3 defconfig: Enable VDSO
5afe8f8a6 defconfig: Disable mtk systracker
622dd06ed drivers: mediatek: connectivity: Fix wifi random disconnection
894389069 defconfig: Drop several debug configs
186a07c0e defconfig: Disable NL80211_TESTMODE
622f48ebf defconfig: Explicitly disable mtk systracker
a2e7f5f83 defconfig: Disable MTPROF
dec85e50d Remove left over + signs in defconfig
48869387d selinux: remove debug and enforce flag
4c61abec4 drivers: battery_v2: sec_battery: export {CURRENT/VOLTAGE}_MAX to sysfs
1cb66870d drivers: battery_v2: sec_battery: fix multiplication factor for input voltage
1a66f4394 printk: Don't allow userspace to write to /dev/kmsg
77edcb827 localversion: Remove dirty text
c9ae5c5c7 Disable vmscan warning print
bf3b23a1d drivers: vibrator: sec_vibrator: use AOSP-friendly interface
d107ec582 drivers: battery_v2: sec_battery: Fixup of 6635e565ab84f4f1e79c8ecf1b64b3398942c774
2a7637c82 Revert "drivers: battery_v2: sec_battery: fix multiplication factor for input voltage"
d54667fca arm64: Use aarch64elf and aarch64elfb emulation mode variants
7d4cd597b drivers: misc/mtk: blocktag: Stop compiling blocktag driver
aeed34a1e drivers: misc/mtk: mdp: Avoid storing debug info on production builds
08884a09e mtk-ccu: Stop dumping i2c
6f53690c1 drivers: misc/mtk: selinux_warning: Compile this driver conditionally
04ff8a292 defconfig: misc/mtk: selinux_warning: Disable
3c5aff812 mtk-tz: Disable TrustZone debugging
275a6ae4a mtk-cma: Move logging to debug
3f5530cf4 mtk-mmdvfs: Stop using info and notice print fuctions for debugging
d0cde590b mtk-pseudo_m4u: Use debug printing for any level of logs
07047f102 mtk-pseudo_m4u: Use debug printing
423cdaf79 drivers: misc: mediatek: Disable mtk eng builds by default
4bbc8fe98 video: mt6785: Don’t check for ovl status
128a2beb7 selinux: Remove audit dependency
54822bb1f drivers: mtk-mlog: Disable building mlog by default
5c230d1e2 drivers: Disable building MLOG
d9ddb7405 arm64: defconfig: Remove CPUFreq times driver Ignoring its colorful memory-leak-filled past, the CPUFreq times driver is absolutely horrible for several reasons. Firstly, it allocs and reallocs memory directly from the scheduler tick with IRQs disabled, which is not only bad for latency, but also forbidden on RT. Secondly, the statistics just aren't that useful because they're calculated using nonsense: a process is assumed to have run at the same CPU freq for the entire jiffy (and that freq is just the current freq at the time of the tick), the power consumed for the entire jiffy is attributed to whatever unlucky process happens to be running at the time of the scheduler tick, the UID owning the process is blamed for other CPUs in the cluster not being idle (with no basis for it), and there's assumed to be a strong correlation between a CPU's freq and the power consumed by the process (when there isn't, at the very least because all CPUs in a cluster share the same clock source, which means a high load on any CPU in a cluster will cause all CPUs in the cluster to run at a higher freq).
79e0a9ccf defconfig: Set timer frequency to 300Hz
491d3526a Kconfig.hz: Default to 300Hz timer frequency
e84fcf498 defconfig: Disable more samsung stuff
f66b43267 kernelsu: upstream kernelsu to v0.6.9
3d7068ae1 overclock: Reduce CPU speeds back down, Its very inefficient and sucks battery like crazy
3d7beba95 proc: Track /proc/$pid/attr/ opener mm_struct
953ed7325 net/nfc/rawsock.c: fix a permission check bug
c94744f2e ASoC: sti-sas: add missing MODULE_DEVICE_TABLE
2243236df isdn: mISDN: netjet: Fix crash in nj_probe:
6fcede3d1 bonding: init notify_work earlier to avoid uninitialized use
c28077e9c netlink: disable IRQs for netlink_lock_table()
3623618c5 net: mdiobus: get rid of a BUG_ON()
4a056185c cgroup: disable controllers at parse time
54a5ce0dc wq: handle VM suspension in stall detection
a7691ddf1 net/qla3xxx: fix schedule while atomic in ql_sem_spinlock
018046be1 scsi: vmw_pvscsi: Set correct residual data length
ee174b9c2 scsi: target: qla2xxx: Wait for stop_phase1 at WWN removal
a820c60e0 net: macb: ensure the device is available before accessing GEMGXL control registers
2791e905b net: appletalk: cops: Fix data race in cops_probe1
99b06f813 MIPS: Fix kernel hang under FUNCTION_GRAPH_TRACER and PREEMPT_TRACER
da95193a9 bnx2x: Fix missing error code in bnx2x_iov_init_one()
de5b2d92a powerpc/fsl: set fsl,i2c-erratum-a004447 flag for P2041 i2c controllers
67ab57cbe powerpc/fsl: set fsl,i2c-erratum-a004447 flag for P1010 i2c controllers
563d84050 i2c: mpc: Make use of i2c_recover_bus()
8991f6b05 i2c: mpc: implement erratum A-004447 workaround
6cb99f96a drm: Fix use-after-free read in drm_getunique()
0f73461a1 drm: Lock pointer access in drm_master_release()
fd3c2cd8a kvm: avoid speculation-based attacks from out-of-range memslot accesses
1a04d71c1 staging: rtl8723bs: Fix uninitialized variables
e968dcf74 btrfs: return value from btrfs_mark_extent_written() in case of error
aad9732cf cgroup1: don't allow '\n' in renaming
de7eea72f USB: f_ncm: ncm_bitrate (speed) is unsigned
bb4de26c3 usb: dwc3: ep0: fix NULL pointer exception
11d4a3015 usb: typec: ucsi: Clear PPM capability data in ucsi_init() error path
30db43925 usb: gadget: f_fs: Ensure io_completion_wq is idle during unbind
b08e65356 USB: serial: ftdi_sio: add NovaTech OrionMX product ID
58f31e8e8 USB: serial: omninet: add device id for Zyxel Omni 56K Plus
a6391ed27 USB: serial: quatech2: fix control-request directions
b4df4f386 usb: gadget: eem: fix wrong eem header operation
d093bbca0 usb: fix various gadgets null ptr deref on 10gbps cabling.
198c884af usb: fix various gadget panics on 10gbps cabling
aba16ac1f regulator: core: resolve supply for boot-on/always-on regulators
2d1da3e97 regulator: max77620: Use device_set_of_node_from_dev()
092d6e957 perf: Fix data race between pin_count increment/decrement
9405ecbf7 NFS: Fix a potential NULL dereference in nfs_get_client()
1151a1bf3 perf session: Correct buffer copying when peeking events
dba650f1e kvm: fix previous commit for 32-bit builds
8496805b0 NFS: Fix use-after-free in nfs4_init_client()
0e7daab86 NFSv4: nfs4_proc_set_acl needs to restore NFS_CAP_UIDGID_NOMAP on error.
f4fd5a9fc scsi: core: Fix error handling of scsi_host_alloc()
2c608fad9 scsi: core: Put .shost_dev in failure path if host state changes to RUNNING
386a53456 scsi: core: Only put parent device if host state differs from SHOST_CREATED
a5b5efb74 ftrace: Do not blindly read the ip address in ftrace_bug()
aa29bfac2 tracing: Correct the length check which causes memory corruption
df7089dc8 proc: only require mm_struct for writing
2391e75af Linux 4.14.237
08eeb2c53 drivers: misc/mtk: cmdq/mdp: Tone down debug and verbose logging
4a72c69c0 linux: Remove the check #ifndef __LINUX_SPINLOCK_TYPES_H
ff41f911a linux: include device.h header file
32e8ad31f watchdog: mediatek: wdk: Drop cpu cbit printing
987529788 drivers: mtk-teei: Disable teei trustzone logging
c6be752a5 arm64: Use optimized memcmp
1a9262937 Disable MTK AEE
e6a04ea65 binder: Disable debug mask
69dbb3a89 mediatek: CMDQ/v3: Purge as much CMDQ_LOGs as possible
a2f5d0385 drivers: mtk-thermal-common: Silence thermal logging
7e1f40342 drivers: mtk-gpu-bifrost: Reduce job rescheduling latency
4d64039f9 drivers: mtk-video: mt6768: videox: Reduce the number of esd checks
f75c60e07 import include/linux/pm_qos.h changes from xiaomi mt6768 kernel
152bbf2fe Makefile: Use -O3 optimization level
4b307774e Makefile: Disable stack conservation for clang
4f8c4de75 drivers: misc: Remove annoying logs
525e98360 drivers: platform: mtk-vcodec: Try to fix arg call issue
13eb5cb88 drivers: mtk-ccu: Disable left over i2c dumps from 63305708db5bcb435705d51253a864e72bc84939
c91e83d24 mbcache: Speed up cache entry creation
c939a7dbf Revert "drivers: platform: mtk-vcodec: Try to fix arg call issue"
ac30b219e drivers: mtk-perf: Shut up with the spam
2cde4f95d trace: add CONFIG_DISABLE_TRACE_PRINTK option
7a1e3a816 drivers: mtk-systracker: Add an option to disable systracker debugger
6ec179607 drivers: mtk: Conditionally include systracker
671993404 drivers: gpu: drm: mediatek: Shut up with massive obscure logspam
9daa4dd4b drivers/misc: mediatek/video: mt6768/dispsys: Use strlen() argument for strncmp() expression
19ba691cd drivers/misc: mediatek/typec: tcpc: Fix strict prototype warning
dd9258fb2 drivers/power: supply/mediatek: charger: Fix switch-unreachable warning
01f48d217 drivers/misc: mediatek/sensors-1.0: alsps: Fix array-parameter warning
8878cde10 drivers/misc: mediatek/cmdq: v3: Use destination strncpy() expression for sizeof() argument
056cf217c drivers/misc: mediatek/base: power/cm_mgr_v1: Fix -Werror=memset-elt-size
5986b5dc7 kernel/irq: silence irq no longer affine to cpu logspam
358a52cf0 binder_alloc: Disable debug logging by default
8120be58b cpu: Silence log spam when a CPU is brought up
74b19069b CPU: Underclock min freq from 850 to 500
0dbb68099 printk: use on-stack allocations for kernel log
9916ddc57 cpufreq: schedutil: Enforce realtime priority
81f3339e7 block: queue work on power efficient wq
be6437c24 drivers: mtk-power: spm: Silence logspam (mt6768 patch)
9691b64e4 drivers: mtk-base: power: Globally silence MT6768 power logspam in dmesg
be42bac16 kernel: time: Drop some spammy alarmtimer verbose logging
059ae8589 drivers: usb: gadget: Disable spammy verbose logging
05712f408 drivers: scsi: ufs: Drop spammy verbose logging
cd32d7676 drivers: misc/mtk: freqhopping: Disable freqhopping debug logging
e9a5a7a98 drivers: misc/mtk: audio_ipi/audio_scp: Tone down debug and verbose logging
11901762f drivers: misc/mtk: atf: Tone down debug and verbose logging
0a8f9313f drivers: misc/mtk: ccmni: Tone down debug and verbose logging
d82076f66 RDMA/cxgb4: Check skb value for failure to allocate
cb8dc773e HID: logitech-hidpp: Fix kernel crash on receiver USB disconnect
04dfae856 drm: etvnaviv: fix bad backport leading to warning
17779b80a ieee802154: ca8210: Fix a potential UAF in ca8210_probe
93312ca8e drm/vmwgfx: fix typo of sizeof argument
dfc082f22 ixgbe: fix crash with empty VF macvlan list
caa613f6d nfc: nci: assert requested protocol is valid
d2f76dcdd workqueue: Override implicit ordered attribute in workqueue_apply_unbound_cpumask()
921ccff9d usb: xhci: xhci-ring: Use sysdev for mapping bounce buffer
6e7c97c7a net: usb: dm9601: fix uninitialized variable use in dm9601_mdio_read
010e625fc usb: musb: Get the musb_qh poniter after musb_giveback
855f29283 usb: musb: Modify the "HWVers" register address
40c87009a iio: pressure: bmp280: Fix NULL pointer exception
6ae7a9e2c iio: pressure: ms5611: ms5611_prom_is_valid false negative bug
f1c7dc695 mcb: remove is_added flag from mcb_device struct
203ad8f79 ceph: fix incorrect revoked caps assert in ceph_fill_file_size()
ad8ebc771 Input: powermate - fix use-after-free in powermate_config_complete
6a9732f48 Input: xpad - add PXN V900 support
5e9f79aa5 cgroup: Remove duplicates in cgroup v1 tasks file
064e258d6 pinctrl: avoid unsafe code pattern in find_pinctrl()
866a25702 usb: gadget: udc-xilinx: replace memcpy with memcpy_toio
ec0e6a948 usb: gadget: ncm: Handle decoding of multiple NTB's in unwrap call
4d7771a97 x86/cpu: Fix AMD erratum #1485 on Zen4-based CPUs
1ff69a7f8 usb: hub: Guard against accesses to uninitialized BOS descriptors
0deb16c27 Bluetooth: hci_event: Ignore NULL link key
ba364f51a Bluetooth: Reject connection with the device which has same BD_ADDR
a60826bde Bluetooth: Fix a refcnt underflow problem for hci_conn
ec191f5cd Bluetooth: vhci: Fix race when opening vhci device
fe24abe8b Bluetooth: hci_event: Fix coding style
f9ed30674 Bluetooth: avoid memcmp() out of bounds warning
62408728a nfc: nci: fix possible NULL pointer dereference in send_acknowledge()
1aec4ae49 regmap: fix NULL deref on lookup
a29811272 KVM: x86: Mask LVTPC when handling a PMI
9bfb03946 netfilter: nft_payload: fix wrong mac header matching
10720ab33 xfrm: fix a data-race in xfrm_gen_index()
d687e3070 net: ipv4: fix return value check in esp_remove_trailer
23e4c3342 net: ipv6: fix return value check in esp_remove_trailer
763e38fc9 net: rfkill: gpio: prevent value glitch during probe
e18e80dc5 net: usb: smsc95xx: Fix an error code in smsc95xx_reset()
1c140867b i40e: prevent crash on probe if hw registers have invalid values
6f0b2e6af ARM: dts: ti: omap: Fix noisy serial with overrun-throttle-ms for mapphone
4d3422ff2 btrfs: initialize start_slot in btrfs_log_prealloc_extents
619171a87 i2c: mux: Avoid potential false error message in i2c_mux_add_adapter
2c75eefd4 overlayfs: set ctime when setting mtime and atime
6c0c10f73 gpio: timberdale: Fix potential deadlock on &tgpio->lock
01f879c3f ata: libata-eh: Fix compilation warning in ata_eh_link_report()
5e90ef7b2 tracing: relax trace_event_eval_update() execution with cond_resched()
923e9b91c HID: holtek: fix slab-out-of-bounds Write in holtek_kbd_input_event
41ca433af Bluetooth: Avoid redundant authentication
51a760ba4 Bluetooth: hci_core: Fix build warnings
352d470fc wifi: mac80211: allow transmitting EAPOL frames with tainted key
0bdf0de02 wifi: cfg80211: avoid leaking stack data into trace
07cedfade sky2: Make sure there is at least one frag_addr available
3edf3e0ef mmc: core: Capture correct oemid-bits for eMMC cards
c66b73f5c Revert "pinctrl: avoid unsafe code pattern in find_pinctrl()"
611b8e0fd ACPI: irq: Fix incorrect return value in acpi_register_gsi()
8bb3b8de6 USB: serial: option: add Telit LE910C4-WWX 0x1035 composition
cb9de1dab USB: serial: option: add entry for Sierra EM9191 with new firmware
df7dcfff3 USB: serial: option: add Fibocom to DELL custom modem FM101R-GL
553831e5f perf: Disallow mis-matched inherited group reads
20e9c5186 s390/pci: fix iommu bitmap allocation
35dcd962d gpio: vf610: set value before the direction to avoid a glitch
9f701457b Bluetooth: hci_sock: fix slab oob read in create_monitor_event
994f38f70 Bluetooth: hci_sock: Correctly bounds check and pad HCI_MON_NEW_INDEX name
c04c502c2 Bluetooth: hci_event: Fix using memcmp when comparing keys
521f9b2e8 Linux 4.14.328
7da4f9d65 KernelSU: Upstream to v0.7.0
005fd36e2 timer: Switch back to a frequency of 250Hz
a099c2ec9 OC: Raise CPU voltage
426b0ce1d mcb: Return actual parsed size when reading chameleon table
d06183573 mcb-lpc: Reallocate memory region to avoid memory overlapping
d12222ccd virtio_balloon: Fix endless deflation and inflation on arm64
b27dc1b81 treewide: Spelling fix in comment
894b5e89a igb: Fix potential memory leak in igb_add_ethtool_nfc_entry
6f47b6de8 r8152: Increase USB control msg timeout to 5000ms as per spec
aea3eef53 tcp: fix wrong RTO timeout when received SACK reneging
c432bf88e gtp: uapi: fix GTPA_MAX
b5858c7ef i40e: Fix wrong check for I40E_TXR_FLAGS_WB_ON_ITR
843fa352c i2c: muxes: i2c-mux-pinctrl: Use of_get_i2c_adapter_by_node()
800616c8a i2c: muxes: i2c-mux-gpmux: Use of_get_i2c_adapter_by_node()
4b4618ee1 i2c: muxes: i2c-demux-pinctrl: Use of_get_i2c_adapter_by_node()
4976affbf perf/core: Fix potential NULL deref
63f0ba78b NFS: Don't call generic_error_remove_page() while holding locks
573ff7ca4 ARM: 8933/1: replace Sun/Solaris style flag on section directive
b94b3a18a drm/dp_mst: Fix NULL deref in get_mst_branch_device_by_guid_helper()
698270bae kobject: Fix slab-out-of-bounds in fill_kobj_path()
15a507727 f2fs: fix to do sanity check on inode type during garbage collection
b8b8b79aa nfsd: lock_rename() needs both directories to live on the same fs
da8323f81 x86/i8259: Skip probing when ACPI/MADT advertises PCAT compatibility
0ef919120 x86/mm: Simplify RESERVE_BRK()
e803d2e24 x86/mm: Fix RESERVE_BRK() for older binutils
0cd6ba05b driver: platform: Add helper for safer setting of driver_override
b5bc96d46 rpmsg: Fix kfree() of static memory on setting driver_override
dc4b3e876 rpmsg: Fix calling device_lock() on non-initialized device
79626983e rpmsg: glink: Release driver_override
5e0ee9633 rpmsg: Fix possible refcount leak in rpmsg_register_device_override()
586868a32 x86: Fix .brk attribute in linker script
61ccfdc06 ASoC: simple-card: fixup asoc_simple_probe() error handling
5c23f6e0c irqchip/stm32-exti: add missing DT IRQ flag translation
54413c13a dmaengine: ste_dma40: Fix PM disable depth imbalance in d40_probe
8748e6313 Input: synaptics-rmi4 - handle reset delay when using SMBus trsnsport
e14fd9542 fbdev: atyfb: only use ioremap_uc() on i386 and ia64
026579e29 netfilter: nfnetlink_log: silence bogus compiler warning
162afeaa6 ASoC: rt5650: fix the wrong result of key button
e83915933 fbdev: uvesafb: Call cn_del_callback() at the end of uvesafb_exit()
b9efa75ba scsi: mpt3sas: Fix in error path
297d00618 platform/x86: asus-wmi: Change ASUS_WMI_BRN_DOWN code from 0x20 to 0x2e
88bf54bf2 net: chelsio: cxgb4: add an error code check in t4_load_phy_fw
4b855bd21 ata: ahci: fix enum constants for gcc-13
ab9091e87 remove the sx8 block driver
287b104fd vc_screen: move load of struct vc_data pointer in vcs_read() to avoid UAF
0d34fef6d PCI: Prevent xHCI driver from claiming AMD VanGogh USB3 DRD device
f3d1aecf4 usb: storage: set 1.50 as the lower bcdDevice for older "Super Top" compatibility
aefbb5611 tty: 8250: Remove UC-257 and UC-431
ad8416859 tty: 8250: Add support for additional Brainboxes UC cards
6a16ba849 tty: 8250: Add support for Brainboxes UP cards
8dcda89ff tty: 8250: Add support for Intashield IS-100
69f365795 Linux 4.14.329
efe211be0 Revert "f2fs: fix to do sanity check on inode type during garbage collection"
73b78e29e Remove temporary file
5630a2a98 timer: Reduce frequency to 100Hz
8636cd5e2 KernelSU: Upstream to v0.7.1
48692302f KernelSU: Upstream to v0.7.2
bc197e806 i40e: fix potential memory leaks in i40e_remove()
2b37da993 tcp_metrics: properly set tp->snd_ssthresh in tcp_init_metrics()
1e82f9c91 tcp_metrics: do not create an entry from tcp_init_metrics()
c5d112084 wifi: rtlwifi: fix EDCA limit set by BT coexistence
908e39f3a thermal: core: prevent potential string overflow
d0a047198 ACPI: sysfs: Fix create_pnp_modalias() and create_of_modalias()
57100709d ipv6: avoid atomic fragment on GSO packets
d71e6343b clk: qcom: clk-rcg2: Fix clock rate overflow for high parent frequencies
c00a00285 clk: keystone: pll: fix a couple NULL vs IS_ERR() checks
7cac57a7e clk: mediatek: clk-mt6797: Add check for mtk_alloc_clk_data
d538335b0 clk: mediatek: clk-mt2701: Add check for mtk_alloc_clk_data
b00226b0c platform/x86: wmi: Fix probe failure when failing to register WMI devices
6947fbf46 drm/rockchip: vop: Fix reset of state in duplicate state crtc funcs
a49853b0d drm/radeon: possible buffer overflow
ceba34cad drm/rockchip: cdn-dp: Fix some error handling paths in cdn_dp_probe()
813f7dbcc ARM: dts: qcom: mdm9615: populate vsdcc fixed regulator
ce7470b13 firmware: ti_sci: Mark driver as non removable
cc1727cc2 hwrng: geode - fix accessing registers
356a21267 ARM: 9321/1: memset: cast the constant byte to unsigned char
47ad4a5a3 ext4: move 'ix' sanity check to corrent position
b8acfbd90 RDMA/hfi1: Workaround truncation compilation error
156a90e4b sh: bios: Revive earlyprintk support
700069caf ASoC: Intel: Skylake: Fix mem leak when parsing UUIDs fails
26a35b47f mfd: dln2: Fix double put in dln2_probe
6d0385659 tty: tty_jobctrl: fix pid memleak in disassociate_ctty()
00eccedcf usb: dwc2: fix possible NULL pointer dereference caused by driver concurrency
2b55bb6f9 dmaengine: ti: edma: handle irq_of_parse_and_map() errors
9a34973c1 misc: st_core: Do not call kfree_skb() under spin_lock_irqsave()
9916f6e5b USB: usbip: fix stub_dev hub disconnect
697b35389 dmaengine: pxa_dma: Remove an erroneous BUG_ON() in pxad_free_desc()
b12b0955c pcmcia: cs: fix possible hung task and memory leak pccardd()
de7878745 pcmcia: ds: fix refcount leak in pcmcia_device_add()
ed5636645 pcmcia: ds: fix possible name leak in error path in pcmcia_device_add()
2898f16a6 media: s3c-camif: Avoid inappropriate kfree()
eb1bb05dc media: dvb-usb-v2: af9035: fix missing unlock
14e58ee79 pwm: brcmstb: Utilize appropriate clock APIs in suspend/resume
54a118232 llc: verify mac len before reading mac header
0a198d455 tipc: Change nla_policy for bearer-related names to NLA_NUL_STRING
3549064f2 dccp: Call security_inet_conn_request() after setting IPv4 addresses.
36ec7b532 dccp/tcp: Call security_inet_conn_request() after setting IPv6 addresses.
933dcbcc4 tg3: power down device only on SYSTEM_POWER_OFF
f04131c8d netfilter: xt_recent: fix (increase) ipv6 literal buffer length
2c800c89c fbdev: fsl-diu-fb: mark wr_reg_wa() static
eee261667 Revert "mmc: core: Capture correct oemid-bits for eMMC cards"
f5f50012f btrfs: use u64 for buffer sizes in the tree search ioctls
3cfa8f74c Linux 4.14.330
68b2009f1 locking/ww_mutex/test: Fix potential workqueue corruption
d294349b8 clocksource/drivers/timer-imx-gpt: Fix potential memory leak
910c91c75 clocksource/drivers/timer-atmel-tcb: Fix initialization on SAM9 hardware
d47b21d4b x86/mm: Drop the 4 MB restriction on minimal NUMA node memory size
5e47c78ba wifi: mac80211: don't return unset power in ieee80211_get_tx_power()
44824ed5a wifi: ath9k: fix clang-specific fortify warnings
19e1e8c2e wifi: ath10k: fix clang-specific fortify warning
d97a21437 net: annotate data-races around sk->sk_dst_pending_confirm
91e6a0ff1 drm/amd: Fix UBSAN array-index-out-of-bounds for SMU7
92f84dca3 drm/amd: Fix UBSAN array-index-out-of-bounds for Polaris and Tonga
70d74d092 selftests/efivarfs: create-read: fix a resource leak
ba450b4e6 crypto: pcrypt - Fix hungtask for PADATA_RESET
0b464b07c RDMA/hfi1: Use FIELD_GET() to extract Link Width
7cd6ba135 fs/jfs: Add check for negative db_l2nbperpage
4f9cbe9db fs/jfs: Add validity check for db_maxag and db_agpref
c9e34a8fa jfs: fix array-index-out-of-bounds in dbFindLeaf
28d9634bd jfs: fix array-index-out-of-bounds in diAlloc
86e9992db ALSA: hda: Fix possible null-ptr-deref when assigning a stream
b3935bf0d atm: iphase: Do PCI error checks on own line
1cc3d6925 scsi: libfc: Fix potential NULL pointer dereference in fc_lport_ptp_setup()
1cd4854e2 tty: vcc: Add check for kstrdup() in vcc_probe()
17370181f i2c: sun6i-p2wi: Prevent potential division by zero
1fda649f5 media: gspca: cpia1: shift-out-of-bounds in set_flicker
9bbfb4ef7 media: vivid: avoid integer overflow
75afa9aa9 gfs2: ignore negated quota changes
af5bc0d97 pwm: Fix double shift bug
b5ffc5edf media: venus: hfi: add checks to perform sanity on queue pointers
fb8eb1479 randstruct: Fix gcc-plugin performance mode to stay in group
a9edcf327 KVM: x86: Ignore MSR_AMD64_TW_CFG access
9ba642869 audit: don't take task_lock() in audit_exe_compare() code path
1513667be audit: don't WARN_ON_ONCE(!current->mm) in audit_exe_compare()
1c003b624 hvc/xen: fix error path in xen_hvc_init() to always register frontend driver
9ae64e972 PCI/sysfs: Protect driver's D3cold preference from user space
1965ecae9 mmc: vub300: fix an error code
924822705 PM: hibernate: Use __get_safe_page() rather than touching the list
2b03ed518 PM: hibernate: Clean up sync_read handling in snapshot_write_next()
ae095e000 mmc: meson-gx: Remove setting of CMD_CFG_ERROR
255e120ad genirq/generic_chip: Make irq_remove_generic_chip() irqdomain aware
e63e8f73b jbd2: fix potential data lost in recovering journal raced with synchronizing fs bdev
9f65b4ba9 mcb: fix error handling for different scenarios when parsing
176f25cca parisc: Prevent booting 64-bit kernels on PA1.x machines
8516b41c7 parisc/pgtable: Do not drop upper 5 address bits of physical address
28159642a ALSA: info: Fix potential deadlock at disconnection
0d2f99970 net: dsa: lan9303: consequently nested-lock physical MDIO
8ac6294e1 i2c: i801: fix potential race in i801_block_transaction_byte_by_byte
731b0e4d4 media: sharp: fix sharp encoding
72630bd8b media: venus: hfi: fix the check to handle session buffer requirement
c5c4443e7 ext4: apply umask if ACL support is disabled
bb66fd1d4 ext4: correct offset of gdb backup in non meta_bg group to update_backups
94af0136f ext4: correct return value of ext4_convert_meta_bg
3962f6678 ext4: remove gdb backup copy for meta bg in setup_new_flex_group_blocks
866db6e6f scsi: virtio_scsi: limit number of hw queues by nr_cpu_ids
590b601ff net: sched: fix race condition in qdisc_graft()
9bebbc792 Linux 4.14.331
6ffa4d66b RDMA/irdma: Prevent zero-length STAG registration
ba39ee92e drm/panel: simple: Fix Innolux G101ICE-L01 timings
e312f9aab ata: pata_isapnp: Add missing error check for devm_ioport_map()
78d19ad4d drm/rockchip: vop: Fix color for RGB888/BGR888 format on VOP full
6c1a5a9a5 ipv4: Correct/silence an endian warning in __ip_do_redirect
39d51d9a7 net: usb: ax88179_178a: fix failed operations during ax88179_reset
87c717e0b arm/xen: fix xen_vcpu_info allocation alignment
69051e281 amd-xgbe: handle corner-case during sfp hotplug
6ae1ae6cd amd-xgbe: propagate the correct speed and duplex status
7229488b4 net: axienet: Fix check for partial TX checksum
111309f36 mtd: rawnand: brcmnand: Fix ecc chunk calculation for erased page bitfips
eab17d764 s390/dasd: protect device queue against concurrent access
3ee7f9a7f USB: serial: option: add Luat Air72*U series products
b5834b96a bcache: check return value from btree_node_alloc_replacement()
7afb20c3e bcache: prevent potential division by zero error
691487a4c USB: serial: option: add Fibocom L7xx modules
874349cb3 USB: serial: option: fix FM101R-GL defines
7df79e389 USB: serial: option: don't claim interface 4 for ZTE MF290
be7239e77 usb: dwc3: set the dma max_seg_size
1cea52244 pinctrl: avoid reload of p state in list iteration
73387cb47 firewire: core: fix possible memory leak in create_units()
1693e1cf3 dm-verity: align struct dm_verity_fec_io properly
8e8c9ff36 dm verity: don't perform FEC for failed readahead IO
647271e0c powerpc: Don't clobber f0/vs0 during fp|altivec register save
2fba9a460 btrfs: fix off-by-one when checking chunk map includes logical address
08d5475b4 btrfs: send: ensure send_fd is writable
3bf837965 ipv4: igmp: fix refcnt uaf issue when receiving igmp query packet
f8d30dae1 ravb: Fix races between ravb_tx_timeout_work() and net related ops
8e389905f net: ravb: Start TX queues after HW initialization succeeded
ee71e733f driver core: Release all resources during unbind before updating device links
30f1eb3cb Linux 4.14.332
c5863fab5 tg3: Increment tx_dropped in tg3_tso_bug()
e2800ae12 drm/amdgpu: correct chunk_ptr to a pointer to chunk.
43f4d9af3 net: hns: fix fake link up on xge port
a9ecf9ac2 tcp: do not accept ACK of bytes we never sent
95f22b1d3 RDMA/bnxt_re: Correct module description string
2c61f065e hwmon: (acpi_power_meter) Fix 4.29 MW bug
a96b6d782 tracing: Fix a warning when allocating buffered events fails
e7aecf361 scsi: be2iscsi: Fix a memleak in beiscsi_init_wrb_handle()
03107af8b ALSA: pcm: fix out-of-bounds in snd_pcm_state_names
ade9def96 nilfs2: prevent WARNING in nilfs_sufile_set_segment_usage()
0a8c2ecfb tracing: Always update snapshot buffer size
1f62b3bfe tracing: Fix incomplete locking when disabling buffered events
765383632 tracing: Fix a possible race when disabling buffered events
e8968dcfb packet: Move reference count in packet_sock to atomic_long_t
75a3f92fc parport: Add support for Brainboxes IX/UC/PX parallel cards
053aca9f7 serial: sc16is7xx: address RX timeout interrupt errata
ed8d72506 serial: 8250_omap: Add earlycon support for the AM654 UART controller
6bfe1c0fa KVM: s390/mm: Properly reset no-dat
c5f520bda nilfs2: fix missing error check for sb_set_blocksize call
44cec3088 netlink: don't call ->netlink_bind with table lock held
37f02c4f7 genetlink: add CAP_NET_ADMIN test for multicast bind
c4470d1c2 psample: Require 'CAP_NET_ADMIN' when joining "packets" group
c43abe5cd drop_monitor: Require 'CAP_SYS_ADMIN' when joining "events" group
f086df5cf Linux 4.14.333
de2b3299d qca_debug: Prevent crash on TX ring changes
c58b86875 qca_debug: Fix ethtool -G iface tx behavior
52103acc2 qca_spi: Fix reset behavior
efea791ee atm: solos-pci: Fix potential deadlock on &cli_queue_lock
369f39626 atm: solos-pci: Fix potential deadlock on &tx_queue_lock
c99a57c2e atm: Fix Use-After-Free in do_vcc_ioctl
03eafba91 net/rose: Fix Use-After-Free in rose_ioctl
0dc9653ce qed: Fix a potential use-after-free in qed_cxt_tables_alloc
57577dbaa net: Remove acked SYN flag from packet in the transmit queue correctly
c61283587 sign-file: Fix incorrect return values check
922316009 vsock/virtio: Fix unsigned integer wrap around in virtio_transport_has_space()
90b674dbc appletalk: Fix Use-After-Free in atalk_ioctl
4503a25cb cred: switch to using atomic_long_t
d318e8c2f blk-throttle: fix lockdep warning of "cgroup_mutex or RCU read lock required!"
7dd30e892 bcache: add code comments for bch_btree_node_get() and __bch_btree_node_alloc()
95a4b0453 platform/x86: intel_telemetry: Fix kernel doc descriptions
45ca61952 HID: hid-asus: reset the backlight brightness level on resume
73876f7cd HID: multitouch: Add quirk for HONOR GLO-GXXX touchpad
1276f286e asm-generic: qspinlock: fix queued_spin_value_unlocked() implementation
d1acb8283 net: usb: qmi_wwan: claim interface 4 for ZTE MF290
906753986 HID: hid-asus: add const to read-only outgoing usb buffer
a467d9437 ext4: prevent the normalized size from exceeding EXT_MAX_BLOCKS
6f6a5a457 team: Fix use-after-free when an option instance allocation fails
295682391 ring-buffer: Fix memory leak of free page
d0c433319 powerpc/ftrace: Create a dummy stackframe to fix stack unwind
a4b6b0cc1 powerpc/ftrace: Fix stack teardown in ftrace_no_trace
83cc6c3ab Linux 4.14.334
bcae72e70 Use all threads for building
0aa3fc8a3 Fix improper merge
bfd4dd237 Upstream KernelSU to v0.7.3
7e62c79ff Upstream KernelSU to v0.7.5
d8fe6fb5f a32: Upstream KernelSU to v0.8.1
ca4305965 ARM: OMAP2+: Fix null pointer dereference and memory leak in omap_soc_device_init
9d80d71e1 s390/vx: fix save/restore of fpu kernel context
9261a551d wifi: mac80211: mesh_plink: fix matches_local logic
e1f3b0e19 net: sched: ife: fix potential use-after-free
bc5e05f3e ethernet: atheros: fix a memleak in atl1e_setup_ring_resources
3d009a901 iio: imu: inv_mpu6050: fix an error code problem in inv_mpu6050_read_raw
34355bd46 Input: ipaq-micro-keys - add error handling for devm_kmemdup
b7985f947 iio: common: ms_sensors: ms_sensors_i2c: fix humidity conversion time table
1ebce6aa4 wifi: cfg80211: Add my certificate
b31aa9ad6 wifi: cfg80211: fix certs build to not depend on file order
c167c8041 USB: serial: ftdi_sio: update Actisense PIDs constant names
1758e5d69 USB: serial: option: add Quectel EG912Y module support
45072454b USB: serial: option: add Foxconn T99W265 with new baseline
37d64351e USB: serial: option: add Quectel RM500Q R13 firmware support
f8aca60ee Bluetooth: hci_event: Fix not checking if HCI_OP_INQUIRY has been sent
8795adeb8 net: 9p: avoid freeing uninit memory in p9pdu_vreadf
96cd663e7 net: rfkill: gpio: set GPIO direction
de8721c71 dm-integrity: don't modify bio's immutable bio_vec in integrity_metadata()
39fb33eb0 block: Don't invalidate pagecache for invalid falloc modes
a02867cc5 Linux 4.14.335
256fc0677 nfc: llcp_core: Hold a ref to llcp_local->dev when holding a ref to llcp_local
531276c0e net: sched: em_text: fix possible memory leak in em_text_destroy()
57c0f76fd net: bcmgenet: Fix FCS generation for fragmented skbuffs
d973e5303 i40e: fix use-after-free in i40e_aqc_add_filters()
4f13c060c firewire: ohci: suppress unexpected system reboot in AMD Ryzen machines and ASM108x/VT630x PCIe cards
289e2032d mmc: rpmb: fixes pause retune on all RPMB partitions.
11fd41891 mmc: core: Cancel delayed work before releasing host
52a1cf99e Linux 4.14.336
596406e2b Upstream kernelsu to v0.9.2
a6783ecc8 fs: Backport `path_unmount` from linux-5.9 * This change can allow Module Unmount Feature to be used in KSU.
e06460db0 a32: bpf: Import changes from xiaomi agate kernel
efe1ded1b a32: overclock: Reduce cpu speeds more
f255fee8a ksu: Upstream to v0.9.3
8d74019d3 UPSTREAM: binder: prevent UAF for binderfs devices II
6ef47fbaa UPSTREAM: binder: fix null deref of proc->context
f627abc39 UPSTREAM: binder: use euid from cred instead of using task
6abcb42c1 binder: fix test regression due to sender_euid change
9500d1e6b android: binder: Rate-limit debug and userspace triggered err msgs
238230ff5 BACKPORT: binderfs: add support for feature files
f6449ede9 BACKPORT: binderfs: add extended_error feature entry
e437b9f27 BACKPORT: bpf: add skb_load_bytes_relative helper
da69476e2 BACKPORT: bpf: encapsulate verifier log state into a structure
dad97b712 BACKPORT: bpf: Rename bpf_verifer_log
c4bc787a3 BACKPORT: bpf: btf: Introduce BPF Type Format (BTF)
88415e76a bpf: Update logging functions to work with BTF
bcb35005d bpf: btf: Validate type reference
cdfc5a5c6 bpf: btf: Check members of struct/union
f439afc78 bpf: btf: Add pretty print capability for data with BTF type info
49d340c86 BACKPORT: bpf: btf: Add BPF_BTF_LOAD command
9b460598f bpf: btf: Add BPF_OBJ_GET_INFO_BY_FD support to BTF fd
ef5340791 BACKPORT: bpf: btf: Clean up btf.h in uapi
f5cf98436 bpf: btf: Avoid WARN_ON when CONFIG_REFCOUNT_FULL=y
01d91976c BACKPORT: bpf: Add name, load_time, uid and map_ids to bpf_prog_info
43df6c3dc BACKPORT: bpf: Add map_name to bpf_map_info
2911fc8f6 bpf: Change bpf_obj_name_cpy() to better ensure map's name is init by 0
fb68ef859 BACKPORT: bpf: Use char in prog and map name
057282e9f bpf: Fix compiler warning on info.map_ids for 32bit platform
6c90e18ae bpf: btf: Change how section is supported in btf_header
e270ebd6b bpf: btf: Check array->index_type
4380df516 bpf: btf: Remove unused bits from uapi/linux/btf.h
2565f3a58 bpf: btf: Avoid variable length array
5e5d531a4 bpf: btf: avoid -Wreturn-type warning
b4db1efe5 bpf: btf: Check array t->size
304d897f2 bpf: btf: Ensure t->type == 0 for BTF_KIND_FWD
e9887a163 bpf: btf: Fix bitfield extraction for big endian
7be9c127a bpf: btf: Clean up BTF_INT_BITS() in uapi btf.h
0c89a0ba7 bpf: btf: Ensure the member->offset is in the right order
1802ba91c bpf: fix bpf_skb_load_bytes_relative pkt length check
8b1ba1412 bpf: btf: Fix end boundary calculation for type section
b71d7b8fd bpf: btf: Fix a missing check bug
b096e5f31 bpf, btf: fix a missing check bug in btf_parse
6e04c14e1 bpf: fix BTF limits
4021e2eac bpf/btf: Fix BTF verification of enum members in struct/union
5adf60d84 bpf: btf: fix truncated last_member_type_id in btf_struct_resolve
6e394e5c6 BACKPORT: net: bpf: rename ndo_xdp to ndo_bpf
7bf29d4b6 BACKPORT: bpf: offload: add infrastructure for loading programs for a specific netdev
d5c48a5a3 bpf: offload: rename the ifindex field
3158c7aac BACKPORT: bpf: Check attach type at prog load time
5e99ffdd0 BACKPORT: bpf: introduce BPF_PROG_QUERY command
50f2ef0c4 BACKPORT: bpf: Hooks for sys_bind
2fe908976 BACKPORT: net: Introduce __inet_bind() and __inet6_bind
f7935b295 BACKPORT: bpf: Hooks for sys_connect
c31bcadae BACKPORT: bpf: Post-hooks for sys_bind
3c15c04bd kernel: bpf: devmap: Create __dev_map_alloc_node
0fddb3913 BACKPORT: xdp: Add devmap_hash map type for looking up devices by hashed index
4efd3d28c BACKPORT: devmap: Allow map lookups from eBPF
ab673b7a8 syscall: Fake uname to 4.19 for bpfloader/netd
b05596ea3 syscall: Fake uname to 4.19 also for netbpfload
4e5fa73b8 syscall: Increase bpf fake uname to 5.4
04ac22d40 Revert "a32: bpf: Import changes from xiaomi agate kernel"
f3cdbaf17 bpf: Declare missing identifiers
7e858c869 net/qla3xxx: switch from 'pci_' to 'dma_' API
657441ffb net/qla3xxx: fix potential memleak in ql_alloc_buffer_queues
7282c7d3e asix: Add check for usbnet_get_endpoints
39f35b0f2 bnxt_en: Remove mis-applied code from bnxt_cfg_ntp_filters()
3186675a3 mm/memory-failure: check the mapcount of the precise page
9bab4cb94 mm: fix unmap_mapping_range high bits shift bug
5d4dc22b9 fuse: nlookup missing decrement in fuse_direntplus_link
607d7a387 netfilter: nf_tables: Reject tables of unsupported family
d61f72522 net: add a route cache full diagnostic message
ab148b4a6 net/dst: use a smaller percpu_counter batch for dst entries accounting
16bedbb08 ipv6: make ip6_rt_gc_expire an atomic_t
6d4b2b043 ipv6: remove max_size check inline with ipv4
1052fc0e5 LTS: Update to 4.14.337
aa6a0a7e4 f2fs: explicitly null-terminate the xattr list
3a9ea9aa1 ASoC: cs43130: Fix the position of const qualifier
69f188f9d ASoC: cs43130: Fix incorrect frame delay configuration
22ef33936 ASoC: rt5650: add mutex to avoid the jack detection failure
d3915f232 net/tg3: fix race condition in tg3_reset_task()
17546d777 ASoC: da7219: Support low DC impedance headset
247c84d75 drm/exynos: fix a potential error pointer dereference
7e55806f1 clk: rockchip: rk3128: Fix HCLK_OTG gate register
6f9a679bd jbd2: correct the printing of write_flags in jbd2_write_superblock()
df8a7162d drm/crtc: Fix uninit-value bug in drm_mode_setcrtc
51747c80e tracing: Have large events show up as '[LINE TOO BIG]' instead of nothing
21bfd4aab tracing: Add size check when printing trace_marker output
018ae9b09 ring-buffer: Do not record in NMI if the arch does not support cmpxchg in NMI
97c01af31 reset: hisilicon: hi6220: fix Wvoid-pointer-to-enum-cast warning
254db6c7e Input: atkbd - skip ATKBD_CMD_GETID in translated mode
7eb4f8274 s390/scm: fix virtual vs physical address confusion
51ed36cb2 ARC: fix spare error
5ce4c9576 Input: xpad - add Razer Wolverine V2 support
fc09801e3 drm/crtc: fix uninitialized variable use
14166c44a binder: fix comment on binder_alloc_new_buf() return value
7ce892124 uio: Fix use-after-free in uio_open
4db4dd650 coresight: etm4x: Fix width of CCITMIN field
bffe26b21 x86/lib: Fix overflow when counting digits
cde9183d5 EDAC/thunderx: Fix possible out-of-bounds string access
a6cf98e5a powerpc: add crtsavres.o to always-y instead of extra-y
a3eac3ec9 powerpc: remove redundant 'default n' from Kconfig-s
b3dcbde55 powerpc/44x: select I2C for CURRITUCK
a6d9fe686 powerpc/pseries/memhotplug: Quieten some DLPAR operations
bc4ede910 powerpc/pseries/memhp: Fix access beyond end of drmem array
4202ff468 selftests/powerpc: Fix error handling in FPU/VMX preemption tests
8bb842a9f powerpc/powernv: Add a null pointer check in opal_event_init()
6e33c84e6 powerpc/imc-pmu: Add a null pointer check in update_events_in_group()
71237683d mtd: rawnand: Increment IFC_TIMEOUT_MSECS for nand controller response
a7263ce0e ACPI: video: check for error while searching for backlight device parent
9d9d7908d net: netlabel: Fix kerneldoc warnings
b3a0545fb netlabel: remove unused parameter in netlbl_netlink_auditinfo()
eb411305a calipso: fix memory leak in netlbl_calipso_add_pass()
15467c790 mtd: Fix gluebi NULL pointer dereference caused by ftl notifier
5940ac338 crypto: virtio - Handle dataq logic with tasklet
b5fe88b9b crypto: ccp - fix memleak in ccp_init_dm_workarea
8221b0d27 crypto: af_alg - Disallow multiple in-flight AIO requests
ee8739b75 crypto: sahara - remove FLAGS_NEW_KEY logic
5e76b8c1b crypto: sahara - fix ahash selftest failure
2fda0cd98 crypto: sahara - fix processing requests with cryptlen < sg->length
edf6ba7c3 crypto: sahara - fix error handling in sahara_hw_descriptor_create()
ff85bc3df pstore: ram_core: fix possible overflow in persistent_ram_init_ecc()
fe2392b82 crypto: virtio - Wait for tasklet to complete on device remove
88cc35667 crypto: sahara - fix ahash reqsize
3b1215e18 crypto: sahara - fix wait_for_completion_timeout() error handling
77a44a248 crypto: sahara - improve error handling in sahara_sha_process()
1aae45922 crypto: sahara - fix processing hash requests with req->nbytes < sg->length
a51595b4b crypto: sahara - do not resize req->src when doing hash operations
abc653366 crypto: scompress - return proper error code for allocation failure
f581c726b crypto: scompress - Use per-CPU struct instead multiple variables
bd523ee54 crypto: scomp - fix req->dst buffer overflow
8bec538f4 NFSv4.1/pnfs: Ensure we handle the error NFS4ERR_RETURNCONFLICT
b3702a4da bpf, lpm: Fix check prefixlen before walking trie
05be42ac9 wifi: libertas: stop selecting wext
8af1b00b1 ncsi: internal.h: Fix a spello
eaea419b8 net/ncsi: Fix netlink major/minor version numbers
9a989f266 firmware: ti_sci: Fix an off-by-one in ti_sci_debugfs_create()
d62dc0732 rtlwifi: Use ffs in <foo>_phy_calculate_bit_shift
ef8956808 wifi: rtlwifi: rtl8821ae: phy: fix an undefined bitwise shift behavior
a1748e887 wifi: rtlwifi: add calculate_bit_shift()
a6f36f7a6 wifi: rtlwifi: rtl8188ee: phy: using calculate_bit_shift()
5dfa24056 wifi: rtlwifi: rtl8192c: using calculate_bit_shift()
603fdf571 wifi: rtlwifi: rtl8192cu: using calculate_bit_shift()
aa8d5c88e wifi: rtlwifi: rtl8192ce: using calculate_bit_shift()
1674292fe rtlwifi: rtl8192de: make arrays static const, makes object smaller
c77137679 wifi: rtlwifi: rtl8192de: using calculate_bit_shift()
ae57e84be wifi: rtlwifi: rtl8192ee: using calculate_bit_shift()
0a748c10b wifi: rtlwifi: rtl8192se: using calculate_bit_shift()
f150bcbad Bluetooth: Fix bogus check for re-auth no supported with non-ssp
ab6f99ac0 ip6_tunnel: fix NEXTHDR_FRAGMENT handling in ip6_tnl_parse_tlv_enc_lim()
76e1b28f6 RDMA/usnic: Silence uninitialized symbol smatch warnings
7983a9391 media: pvrusb2: fix use after free on context disconnection
d0d54453f drm/bridge: Fix typo in post_disable() description
58eda1f41 f2fs: fix to avoid dirent corruption
e6075f3a4 drm/radeon/r600_cs: Fix possible int overflows in r600_cs_check_reg()
61099ec16 drm/radeon/r100: Fix integer overflow issues in r100_cs_track_check()
480860354 drm/radeon: check return value of radeon_ring_lock()
da018997c ASoC: cs35l33: Fix GPIO name and drop legacy include
f9a92ec66 ASoC: cs35l34: Fix GPIO name and drop legacy include
062f2cc83 drm/msm/mdp4: flush vblank event on disable
0289027ea drm/drv: propagate errors from drm_modeset_register_all()
91d690716 drm/radeon: check the alloc_workqueue return value in radeon_crtc_init()
e2a0ad9a9 drm/radeon/dpm: fix a memleak in sumo_parse_power_table
ceb069134 drm/radeon/trinity_dpm: fix a memleak in trinity_parse_power_table
d225e45f1 media: cx231xx: fix a memleak in cx231xx_init_isoc
2ef7f43cf media: dvbdev: drop refcount on error path in dvb_device_open()
677c7d419 drm/amd/pm: fix a double-free in si_dpm_init
70750a267 drivers/amd/pm: fix a use-after-free in kv_parse_power_table
2ff05643d gpu/drm/radeon: fix two memleaks in radeon_vm_init
bafa20353 watchdog: set cdev owner before adding
5c012751c watchdog: bcm2835_wdt: Fix WDIOC_SETTIMEOUT handling
5d82cb36f binder: fix async space check for 0-sized buffers
0711dd1cf Input: atkbd - use ab83 as id when skipping the getid command
a4df72b15 xen-netback: don't produce zero-size SKB frags
fc81ec8c2 binder: fix race between mmput() and do_exit()
a4456daad binder: fix unused alloc->free_async_space
5f0e7d70c tick-sched: Fix idle and iowait sleeptime accounting vs CPU hotplug
1b8da2b52 usb: phy: mxs: remove CONFIG_USB_OTG condition for mxs_phy_is_otg_host()
381191f7b usb: dwc: ep0: Update request status in dwc3_ep0_stall_restart
60c4a9159 usb: chipidea: wait controller resume finished for wakeup irq
0b6910834 usb: mon: Fix atomicity violation in mon_bin_vma_fault
4eb7812f7 ALSA: oxygen: Fix right channel of capture volume mixer
12bbcbc8f fbdev: flush deferred work in fb_deferred_io_fsync()
c16fbd190 wifi: rtlwifi: Remove bogus and dangerous ASPM disable/enable code
2492036b2 wifi: rtlwifi: Convert LNKCTL change to PCIe cap RMW accessors
d32252f73 wifi: mwifiex: configure BSSID consistently when starting AP
78bb7bbef HID: wacom: Correct behavior when processing some confidence == false touches
0fae1eb96 MIPS: Alchemy: Fix an out-of-bound access in db1200_dev_setup()
5ff5b8d46 MIPS: Alchemy: Fix an out-of-bound access in db1550_dev_setup()
cea4823de apparmor: avoid crash when parsed profile name is empty
205e29ad2 serial: imx: Correct clock error message in function probe()
62f575c47 net: ravb: Fix dma_addr_t truncation in error case
749761b92 ipvs: avoid stat macros calls from preemptible context
b202f9e24 kdb: Censor attempts to set PROMPT without ENABLE_MEM_READ
1dd4d4f2f kdb: Fix a potential buffer overflow in kdb_local()
a101416de i2c: s3c24xx: fix read transfers in polling mode
66c9a7e15 i2c: s3c24xx: fix transferring more than one message in polling mode
28fda733e Revert "NFSD: Fix possible sleep during nfsd4_release_lockowner()"
5e26a5c97 crypto: scompress - initialize per-CPU variables on each CPU
43823b038 LTS: Update to 4.14.338
06a12fc32 PCI: mediatek: Clear interrupt status before dispatching handler
67a7cf189 include/linux/units.h: add helpers for kelvin to/from Celsius conversion
16a3aec61 units: Add Watt units
3c0589de8 units: change from 'L' to 'UL'
a9e623674 units: add the HZ macros
cb446bbfd serial: sc16is7xx: set safe default SPI clock frequency
816ef2c35 driver core: add device probe log helper
26df136e3 spi: introduce SPI_MODE_X_MASK macro
c706c5636 serial: sc16is7xx: add check for unsupported SPI modes during probe
3555a351f crypto: api - Disallow identical driver names
efb7742ff PM: hibernate: Enforce ordering during image compression/decompression
2e5c861b3 hwrng: core - Fix page fault dead lock on mmap-ed hwrng
6af70bbc3 rpmsg: virtio: Free driver_override when rpmsg_remove()
dc8d02b5d parisc/firmware: Fix F-extend for PDC addresses
3e404ec9c block: Remove special-casing of compound pages
b8cc4a563 powerpc: Use always instead of always-y in for crtsavres.o
817de1678 x86/CPU/AMD: Fix disabling XSAVES on AMD family 0x17 due to erratum
3e6c562a9 driver core: Annotate dev_err_probe() with __must_check
bd8168b03 Revert "driver core: Annotate dev_err_probe() with __must_check"
310bf8365 driver code: print symbolic error code
9179612d4 drivers: core: fix kernel-doc markup for dev_err_probe()
56c350ae7 vlan: skip nested type that is not IFLA_VLAN_QOS_MAPPING
ad255e871 llc: make llc_ui_sendmsg() more robust against bonding changes
3f104e715 llc: Drop support for ETH_P_TR_802_2.
8f0e511a5 net/rds: Fix UBSAN: array-index-out-of-bounds in rds_cmsg_recv
aefc007a5 tcp: Add memory barrier to tcp_push()
c0f85ad64 netlink: fix potential sleeping issue in mqueue_flush_file
bf3d8fc0f net/mlx5: Use kfree(ft->g) in arfs_create_groups()
a07292c26 net/mlx5e: fix a double-free in arfs_create_groups
273ef460a netfilter: nf_tables: restrict anonymous set and map names to 16 bytes
533f0a7a6 fjes: fix memleaks in fjes_hw_setup
e0bc0f5e8 net: fec: fix the unhandled context fault from smmu
23f0d4634 btrfs: don't warn if discard range is not aligned to sector
ae8864f07 btrfs: defrag: reject unknown flags of btrfs_ioctl_defrag_range_args
8edc73465 netfilter: nf_tables: reject QUEUE/DROP verdict parameters
134dfb1a5 gpiolib: acpi: Ignore touchpad wakeup on GPD G1619-04
049c7fcf5 drm: Don't unref the same fb many times by mistake due to deadlock handling
f10a54e90 drm/bridge: nxp-ptn3460: fix i2c_master_send() error checking
800047d11 drm/bridge: nxp-ptn3460: simplify some error checking
4512b12e1 mips: Call lose_fpu(0) before initializing fcr31 in mips_set_personality_nan
1231cf505 tick/sched: Preserve number of idle sleeps across CPU hotplug events
1842d5770 powerpc/mm: Fix null-pointer dereference in pgtable_cache_add
ee321ff3a powerpc: Fix build error due to is_valid_bugaddr()
54e24461b powerpc/mm: Fix build failures due to arch_reserved_kernel_pages()
bd2af960b powerpc/lib: Validate size for vector operations
94395bc74 audit: Send netlink ACK before setting connection in auditd_set
5e1223ff9 ACPI: video: Add quirk for the Colorful X15 AT 23 Laptop
624ec3f69 PNP: ACPI: fix fortify warning
07b6eb595 ACPI: extlog: fix NULL pointer dereference check
95dd83112 FS:JFS:UBSAN:array-index-out-of-bounds in dbAdjTree
e0573633d UBSAN: array-index-out-of-bounds in dtSplitRoot
2c6bbfda9 jfs: fix slab-out-of-bounds Read in dtSearch
9183b5c5d jfs: fix array-index-out-of-bounds in dbAdjTree
b980126b4 jfs: fix uaf in jfs_evict_inode
ae619c823 pstore/ram: Fix crash when setting number of cpus to an odd number
c1c951b82 rxrpc_find_service_conn_rcu: fix the usage of read_seqbegin_or_lock()
646043f70 jfs: fix array-index-out-of-bounds in diNewExt
cba221af9 s390/ptrace: handle setting of fpc register correctly
2815ef78f KVM: s390: fix setting of fpc register
ab686a344 SUNRPC: Fix a suspicious RCU usage warning
d120336ac ext4: unify the type of flexbg_size to unsigned int
2464aeaa3 scsi: lpfc: Fix possible file string name overflow when updating firmware
d58083b43 PCI: Add no PM reset quirk for NVIDIA Spectrum devices
6187f0e49 bonding: return -ENOMEM instead of BUG in alb_upper_dev_walk
bbca5ef13 ARM: dts: imx7s: Fix lcdif compatible
26a01002e ARM: dts: imx7s: Fix nand-controller #size-cells
88fa88abc wifi: ath9k: Fix potential array-index-out-of-bounds read in ath9k_htc_txstatus()
5da18206c bpf: Add map and need_defer parameters to .map_fd_put_ptr()
b6c5e76a9 scsi: libfc: Don't schedule abort twice
58edd8d3f scsi: libfc: Fix up timeout error in fc_fcp_rec_error()
1796af30c ARM: dts: rockchip: fix rk3036 hdmi ports node
7dbb5f71b ARM: dts: imx25/27-eukrea: Fix RTC node name
b7b70b5bb ARM: dts: imx: Use flash@0,0 pattern
d80660a64 ARM: dts: imx27: Fix sram node
7ab06bff9 ARM: dts: imx1: Fix sram node
d4bac7637 ARM: dts: imx27-apf27dev: Fix LED name
309654c28 ARM: dts: imx23-sansa: Use preferred i2c-gpios properties
7de9bbe7c ARM: dts: imx23/28: Fix the DMA controller node name
2961336a0 md: Whenassemble the array, consult the superblock of the freshest device
a27098497 wifi: rtl8xxxu: Add additional USB IDs for RTL8192EU devices
771d54857 wifi: rtlwifi: rtl8723{be,ae}: using calculate_bit_shift()
5efd8052f wifi: cfg80211: free beacon_ies when overridden from hidden BSS
13a045d0e ASoC: doc: Fix undefined SND_SOC_DAPM_NOPM argument
44bec32a9 fast_dput(): handle underflows gracefully
b480f133e RDMA/IPoIB: Fix error code return in ipoib_mcast_join
2b7015ca2 drm/drm_file: fix use of uninitialized variable
1bb7263f4 drm/framebuffer: Fix use of uninitialized variable
9f5a71c97 drm/mipi-dsi: Fix detach call without attach
565b1faf5 media: stk1160: Fixed high volume of stk1160_dbg messages
59d7fa3b5 PCI: add INTEL_HDA_ARL to pci_ids.h
49b05d0ee ALSA: hda: Add Icelake PCI ID
d50a8109b ALSA: hda: Intel: add HDA_ARL PCI ID support
6248548ea drm/exynos: Call drm_atomic_helper_shutdown() at shutdown/unbind time
3b803326f IB/ipoib: Fix mcast list locking
d75e512c2 media: ddbridge: fix an error code problem in ddb_probe
207b6cbb8 clk: hi3620: Fix memory leak in hi3620_mmc_clk_init()
cdab4e989 clk: mmp: pxa168: Fix memory leak in pxa168_clk_init()
e84adb08a leds: trigger: panic: Don't register panic notifier if creating the trigger failed
6c949a7db um: Fix naming clash between UML and scheduler
fbb862351 um: Don't use vfprintf() for os_info()
654e12e47 um: net: Fix return type of uml_net_start_xmit()
38bef1227 mfd: ti_am335x_tscadc: Fix TI SoC dependencies
9934a39a8 PCI: Only override AMD USB controller if required
32ddb019c usb: hub: Replace hardcoded quirk value with BIT() macro
365c7517d libsubcmd: Fix memory leak in uniq()
cb141bbe8 virtio_net: Fix "‘%d’ directive writing between 1 and 11 bytes into a region of size 10" warnings
f15d69193 ceph: fix deadlock or deadcode of misusing dget()
838e67d1f drm/amdgpu: Release 'adev->pm.fw' before return in 'amdgpu_device_need_post()'
038bd2a39 wifi: cfg80211: fix RCU dereference in __cfg80211_bss_update
bae10fc81 scsi: isci: Fix an error code problem in isci_io_request_build()
185b9d8d7 net: remove unneeded break
ba49b6788 ixgbe: Remove non-inclusive language
68f520339 ixgbe: Refactor overtemp event handling
7463fae0e ixgbe: Fix an error handling path in ixgbe_read_iosf_sb_reg_x550()
9892185f1 ipv6: Ensure natural alignment of const ipv6 loopback and router addresses
9451d9c04 llc: call sock_orphan() at release time
8c108c769 netfilter: nf_log: replace BUG_ON by WARN_ON_ONCE when putting logger
0d985d9bd net: Fix one possible memleak in ip_setup_cork
37f453786 net: ipv4: fix a memleak in ip_setup_cork
71e1b0f9d af_unix: fix lockdep positive in sk_diag_dump_icons()
8a9d82dbe net: sysfs: Fix /sys/class/net/<iface> path
f9b72d8de HID: apple: Swap the Fn and Left Control keys on Apple keyboards
b1b54ca9a HID: apple: Add support for the 2021 Magic Keyboard
b7c6f2d78 HID: apple: Add 2021 magic keyboard FN key mapping
5e9cf93e0 bonding: remove print in bond_verify_device_path
bdb326346 dmaengine: fix is_slave_direction() return false when DMA_DEV_TO_DEV
c9cf44b77 phy: ti: phy-omap-usb2: Fix NULL pointer dereference for SRP
9a16c6c12 atm: idt77252: fix a memleak in open_card_ubr0
3f854581c hwmon: (aspeed-pwm-tacho) mutex for tach reading
c94ebc7b0 inet: read sk->sk_family once in inet_recv_error()
df3ca3d1e rxrpc: Fix response to PING RESPONSE ACKs to a dead call
006735725 tipc: Check the bearer type before calling tipc_udp_nl_bearer_add()
68a70efd5 ppp_async: limit MRU to 64K
355a804f3 netfilter: nft_compat: reject unused compat flag
87c772c84 netfilter: nft_compat: restrict match/target protocol to u16
cf67b989a net/af_iucv: clean up a try_then_request_module()
fa2d5d39c USB: serial: qcserial: add new usb-id for Dell Wireless DW5826e
5b9e0d4d3 USB: serial: option: add Fibocom FM101-GL variant
50037d39b USB: serial: cp210x: add ID for IMST iM871A-USB
3b68726c5 Input: atkbd - skip ATKBD_CMD_SETLEDS when skipping ATKBD_CMD_GETID
0614550d9 vhost: use kzalloc() instead of kmalloc() followed by memset()
687b60b19 btrfs: send: return EOPNOTSUPP on unknown flags
fd054cf2f spi: ppc4xx: Drop write-only variable
9367758ca ASoC: rt5645: Fix deadlock in rt5645_jack_detect_work()
5e07bbf08 Documentation: net-sysfs: describe missing statistics
66dfe91ad net: sysfs: Fix /sys/class/net/<iface> path for statistics
d7bdc916e MIPS: Add 'memory' clobber to csum_ipv6_magic() inline assembler
ab81ca03d i40e: Fix waiting for queues of all VSIs to be disabled
236b569f7 tracing/trigger: Fix to return error if failed to alloc snapshot
87df1ebf4 mm/writeback: fix possible divide-by-zero in wb_dirty_limits(), again
a48b2077e HID: wacom: generic: Avoid reporting a serial of '0' to userspace
fedd060df HID: wacom: Do not register input devices until after hid_hw_start
06f81358f USB: hub: check for alternate port before enabling A_ALT_HNP_SUPPORT
c802a8b94 usb: f_mass_storage: forbid async queue when shutdown happen
02b051d5e scsi: Revert "scsi: fcoe: Fix potential deadlock on &fip->ctlr_lock"
7280c8584 firewire: core: correct documentation of fw_csr_string() kernel API
74382b795 nfc: nci: free rx_data_reassembly skb on NCI device cleanup
2bfff779c xen-netback: properly sync TX responses
1f6954bec ext4: fix double-free of blocks due to wrong extents moved_len
c9e9846f7 staging: iio: ad5933: fix type mismatch regression
b73decc41 x86/mm/ident_map: Use gbpages only where full GB page should be mapped.
2d6ea08b8 ALSA: hda/conexant: Add quirk for SWS JS201D
09be929c1 nilfs2: fix data corruption in dsync block recovery for small block sizes
4739eb085 nilfs2: fix hang in nilfs_lookup_dirty_data_buffers()
5ef31a5f3 nfp: use correct macro for LengthSelect in BAR config
ceb45ccc7 irqchip/irq-brcmstb-l2: Add write memory barrier before exit
74b35446b pmdomain: core: Move the unused cleanup to a _sync initcall
0e91c9234 Revert "md/raid5: Wait for MD_SB_CHANGE_PENDING in raid5d"
829a32ce2 sched/membarrier: reduce the ability to hammer on sys_membarrier
ecd3dbeb0 nilfs2: fix potential bug in end_buffer_async_write
7125cf4a1 lsm: new security_file_ioctl_compat() hook
5b352a1b4 netfilter: nf_tables: fix pointer math issue in nft_byteorder_eval()
5e12b05c4 LTS: Update to 4.14.339
5bd9556a6 net/sched: Retire CBQ qdisc
24904ab17 net/sched: Retire ATM qdisc
2bc1a096a net/sched: Retire dsmark qdisc
11c55f06b memcg: add refcnt for pcpu stock to avoid UAF problem in drain_all_stock()
20a21ce4d nilfs2: replace WARN_ONs for invalid DAT metadata block requests
1878e7937 sched/rt: Fix sysctl_sched_rr_timeslice intial value
f014f325d sched/rt: sysctl_sched_rr_timeslice show default timeslice after reset
16ded23dc sched/rt: Disallow writing invalid values to sched_rt_period_us
4fc7570e1 scsi: target: core: Add TMF to tmr_list handling
4d11dd39d dmaengine: shdma: increase size of 'dev_id'
cb7494d61 wifi: cfg80211: fix missing interfaces when dumping
8b58dede6 wifi: mac80211: fix race condition on enabling fast-xmit
ba5732a59 fbdev: savage: Error out if pixclock equals zero
acc0952e7 fbdev: sis: Error out if pixclock equals zero
7e6713f6a ahci: asm1166: correct count of reported ports
359580d51 ext4: avoid allocating blocks from corrupted group in ext4_mb_try_best_found()
340642d10 ext4: avoid allocating blocks from corrupted group in ext4_mb_find_by_goal()
1ce730fce regulator: pwm-regulator: Add validity checks in continuous .get_voltage
5017b4b4f hwmon: (coretemp) Enlarge per package core count limit
a7a750940 firewire: core: send bus reset promptly on gap count error
e734033e5 virtio-blk: Ensure no requests in virtqueues before deleting vqs.
119c5b628 s390/qeth: Fix potential loss of L3-IP@ in case of network issues
b20631f9d mm: memcontrol: switch to rcu protection in drain_all_stock()
da3ff07a2 dm-crypt: don't modify the data when using authenticated encryption
7b236894b gtp: fix use-after-free and null-ptr-deref in gtp_genl_dump_pdp()
5507563af l2tp: pass correct message length to ip6_append_data
5d12c54fa usb: gadget: ncm: Avoid dropping datagrams of properly parsed NTBs
846f3c7f0 IB/hfi1: Fix a memleak in init_credit_return
dc0245d8b RDMA/srpt: Support specifying the srpt_service_guid parameter
2cfea1eff RDMA/srpt: fix function pointer cast warnings
a86d80da1 scsi: jazz_esp: Only build if SCSI core is builtin
85e8a55de nouveau: fix function cast warnings
e981a9e9b ipv6: sr: fix possible use-after-free and null-ptr-deref
a70d96d54 packet: move from strlcpy with unused retval to strscpy
6f4ec64f6 s390: use the correct count for __iowrite64_copy()
39987fb11 PCI/MSI: Prevent MSI hardware interrupt number truncation
197c472b9 KVM: arm64: vgic-its: Test for valid IRQ in its_sync_lpi_pending_table()
30db4651e fs/aio: Restrict kiocb_set_cancel_fn() to I/O submitted via libaio
13641b160 LTS: Update to 4.14.340
80a956977 netlink: Fix kernel-infoleak-after-free in __skb_datagram_iter
fb3398a52 lan78xx: enable auto speed configuration for LAN7850 if no EEPROM is detected
27113235c net: usb: dm9601: fix wrong return value in dm9601_mdio_read
54bd896d6 Bluetooth: Avoid potential use-after-free in hci_error_reset
8c96fec44 Bluetooth: hci_event: Fix handling of HCI_EV_IO_CAPA_REQUEST
bbe080059 Bluetooth: Enforce validation on max value of connection interval
cbb25ae47 efi/capsule-loader: fix incorrect allocation size
aefe092fd power: supply: bq27xxx-i2c: Do not free non existing IRQ
d6659cc9e ALSA: Drop leftover snd-rtctimer stuff from Makefile
93910e3bf gtp: fix use-after-free and null-ptr-deref in gtp_newlink()
573a6f43b wifi: nl80211: reject iftype change with mesh ID change
c8de55189 btrfs: dev-replace: properly validate device names
dbb1df665 mmc: core: Fix eMMC initialization with 1-bit bus connection
56466fa7b cachefiles: fix memory leak in cachefiles_add_cache()
64f554a66 gpio: 74x164: Enable output pins after registers are reset
7611e67e8 LTS: Update to 4.14.341
b1697afc3 ip: validate header length on virtual device xmit
0ee69b2f9 net: lan78xx: Allow for VLAN headers in timeout calcs
7d94470da net: usb: lan78xx: Disable interrupts before calling generic_handle_irq()
38eb0424d net: usb: lan78xx: Remove lots of set but unused 'ret' variables
21dffbea6 lan78xx: Fix white space and style issues
24640582e lan78xx: Add missing return code checks
cdf7736e8 lan78xx: Fix partial packet errors on suspend/resume
8fdceacce lan78xx: Fix race conditions in suspend/resume handling
259d21e0e net: lan78xx: fix runtime PM count underflow on link stop
17d1c59cc net: move definition of pcpu_lstats to header file
d165eb3d9 net: geneve: modify IP header check in geneve6_xmit_skb and geneve_xmit_skb
335058576 geneve: make sure to pull inner header in geneve_rx()
22ac6f301 netfilter: nf_conntrack_h323: Remove typedef struct
242af785d netfilter: nf_ct_h323: Out Of Bound Read in Netfilter Conntrack
a536a3c48 netfilter: nf_ct_h323: Convert CHECK_BOUND macro to function
5e4419e78 netfilter: nf_ct_h323: Extend nf_h323_error_boundary to work on bits as well
484120331 netfilter: nf_conntrack_h323: Add protection for bmp length out of range
db3f27de5 netrom: Fix a data-race around sysctl_netrom_default_path_quality
2698c8a9c netrom: Fix a data-race around sysctl_netrom_obsolescence_count_initialiser
114acc081 netrom: Fix data-races around sysctl_netrom_network_ttl_initialiser
3b2183a73 netrom: Fix a data-race around sysctl_netrom_transport_timeout
64a03b194 netrom: Fix a data-race around sysctl_netrom_transport_maximum_tries
973e76e91 netrom: Fix a data-race around sysctl_netrom_transport_acknowledge_delay
e312c9ddb netrom: Fix a data-race around sysctl_netrom_transport_busy_delay
7378725d8 netrom: Fix a data-race around sysctl_netrom_transport_requested_window_size
66ef438ec netrom: Fix a data-race around sysctl_netrom_transport_no_activity_timeout
2f95a8663 netrom: Fix a data-race around sysctl_netrom_routing_control
57719882b netrom: Fix a data-race around sysctl_netrom_link_fails_count
8687ee01b netrom: Fix data-races around sysctl_net_busy_read
d1db80205 tools/selftest/vm: allow choosing mem size and page size in map_hugetlb
f2a1f0173 selftests: mm: fix map_hugetlb failure on 64K page size systems
fd1d81435 um: allow not setting extra rpaths in the linux binary
a2f1d56b1 hv_netvsc: use netif_is_bond_master() instead of open code
bd4cce0fd getrusage: add the "signal_struct *sig" local variable
a1f0ce567 getrusage: move thread_group_cputime_adjusted() outside of lock_task_sighand()
1fe5702a5 getrusage: use __for_each_thread()
ac3485307 getrusage: use sig->stats_lock rather than lock_task_sighand()
add8b259d selftests/vm: fix display of page size in map_hugetlb
5957ccdaf selftests/vm: fix map_hugetlb length used for testing read and write
eb788e16f LTS: Update to 4.14.342
eb1bafbfc xen/events: only register debug interrupt for 2-level events
6fee55558 x86/xen: Fix memory leak in xen_smp_intr_init{_pv}()
32a0026a6 x86/xen: Add some null pointer checking to smp.c
0d65cd9da MIPS: Clear Cause.BD in instruction_pointer_set
3bc1db577 net/iucv: fix the allocation size of iucv_path_table array
bc8016aa4 block: sed-opal: handle empty atoms when parsing response
70f0bf6f8 dm-verity, dm-crypt: align "struct bvec_iter" correctly
b527883a4 scsi: mpt3sas: Prevent sending diag_reset when the controller is ready
2b9c5a5e8 Bluetooth: rfcomm: Fix null-ptr-deref in rfcomm_check_security
dc4539940 firewire: core: use long bus reset on gap count error
8de753b19 Input: gpio_keys_polled - suppress deferred probe error for gpio
b83c6f70d ASoC: wm8962: Enable oscillator if selecting WM8962_FLL_OSC
7897e5b85 ASoC: wm8962: Enable both SPKOUTR_ENA and SPKOUTL_ENA in mono mode
17e2598cc ASoC: wm8962: Fix up incorrect error message in wm8962_set_fll
b947dea19 crypto: af_alg - make some functions static
8befd5a54 crypto: algif_aead - Only wake up when ctx->more is zero
5a39207d6 do_sys_name_to_handle(): use kzalloc() to fix kernel-infoleak
99a3adc4f fs/select: rework stack allocation hack for clang
ea3e6e680 md: switch to ->check_events for media change notifications
d88fbc2da block: add a new set_read_only method
8e6284cd4 md: implement ->set_read_only to hook into BLKROSET processing
9a2d534b7 md: Don't clear MD_CLOSING when the raid is about to stop
4fc67658a aoe: fix the potential use-after-free problem in aoecmd_cfg_pkts
b0c44fdcd timekeeping: Fix cross-timestamp interpolation on counter wrap
d63026527 timekeeping: Fix cross-timestamp interpolation corner case decision
b004a9451 timekeeping: Fix cross-timestamp interpolation for non-x86
972abaf66 b43: dma: Fix use true/false for bool type variable
4f91b39dc wifi: b43: Stop/wake correct queue in DMA Tx path when QoS is disabled
ef4221079 wifi: b43: Stop/wake correct queue in PIO Tx path when QoS is disabled
c0b110418 b43: main: Fix use true/false for bool type
16c51b88c wifi: b43: Stop correct queue in DMA worker when QoS is disabled
2d7497afa wifi: b43: Disable QoS for bcm4331
b1760566e wifi: mwifiex: debugfs: Drop unnecessary error check for debugfs_create_dir()
59d4255e9 sock_diag: request _diag module only when the family or proto has been registered
b641ed5f7 sock_diag: annotate data-races around sock_diag_handlers[family]
adca2e7d1 af_unix: Annotate data-race of gc_in_progress in wait_for_unix_gc().
d703297a7 wifi: libertas: fix some memleaks in lbs_allocate_cmd_buffer()
a77297a3f ACPI: processor_idle: Fix memory leak in acpi_processor_power_exit()
77db3b5f9 bus: tegra-aconnect: Update dependency to ARCH_TEGRA
a42169d1d iommu/amd: Mark interrupt as managed
873f24866 wifi: brcmsmac: avoid function pointer casts
9278d6679 ARM: dts: arm: realview: Fix development chip ROM compatible value
cdc2389b6 ACPI: scan: Fix device check notification handling
83ca4afaf x86, relocs: Ignore relocations in .notes section
37f7ac3fa SUNRPC: fix some memleaks in gssx_dec_option_array
2021d2b3d mmc: wmt-sdmmc: remove an incorrect release_mem_region() call in the .remove function
4b2fc6164 igb: move PEROUT and EXTTS isr logic to separate functions
d70a23315 igb: Fix missing time sync events
c7f658569 Bluetooth: Remove superfluous call to hci_conn_check_pending()
565efccd7 Bluetooth: hci_core: Fix possible buffer overflow
61d91e630 sr9800: Add check for usbnet_get_endpoints
dfe8030d4 bpf: Fix hashtab overflow check on 32-bit arches
a433ae4c1 bpf: Fix stackmap overflow check on 32-bit arches
14d28df66 ipv6: fib6_rules: flush route cache when rule is changed
8a7a04441 tcp: fix incorrect parameter validation in the do_tcp_getsockopt() function
334d6e7ae l2tp: fix incorrect parameter validation in the pppol2tp_getsockopt() function
274d95189 udp: fix incorrect parameter validation in the udp_lib_getsockopt() function
2dcde2a79 net: kcm: fix incorrect parameter validation in the kcm_getsockopt) function
8af562b5f net/x25: fix incorrect parameter validation in the x25_getsockopt() function
cfce3d6ec dm raid: fix false positive for requeue needed during reshape
d1c5ee1e2 dm: call the resume method on internal suspend
b01a40c65 drm/tegra: dsi: Add missing check for of_find_device_by_node
5e35f9932 gpu: host1x: mipi: Update tegra_mipi_request() to be node based
f51bfa371 drm/tegra: dsi: Make use of the helper function dev_err_probe()
c0bbe1ca4 drm/tegra: dsi: Fix some error handling paths in tegra_dsi_probe()
756ad0d79 drm/tegra: dsi: Fix missing pm_runtime_disable() in the error handling path of tegra_dsi_probe()
0ea29907f drm/rockchip: inno_hdmi: Fix video timing
a0567fb76 drm: Don't treat 0 as -1 in drm_fixp2int_ceil
64e1a2fef media: tc358743: register v4l2 async device only after successful setup
4be09fe5e media: em28xx: annotate unchecked call to media_device_register()
60f369384 media: v4l2-tpg: fix some memleaks in tpg_alloc
a5a526b4a media: dvbdev: remove double-unlock
b258f8b12 media: media/dvb: Use kmemdup rather than duplicating its implementation
83b90d553 media: dvbdev: Fix memleak in dvb_register_device
9a925af34 media: dvbdev: fix error logic at dvb_register_device()
c7205fbb3 media: dvbdev: convert DVB device types into an enum
2be7669db media: dvb-core: Fix use-after-free due to race at dvb_register_device()
cf1f5c9be media: edia: dvbdev: fix a use-after-free
33ac18c5c clk: qcom: reset: Allow specifying custom reset delay
863254434 clk: qcom: reset: support resetting multiple bits
6e5deb1ae clk: qcom: reset: Commonize the de/assert functions
e6bbfed20 clk: qcom: reset: Ensure write completion on reset de/assertion
8d4547de9 quota: code cleanup for __dquot_alloc_space()
bb8122ba9 fs/quota: erase unused but set variable warning
d6246ece2 quota: check time limit when back out space/inode change
d9875420b quota: simplify drop_dquot_ref()
ca103cc07 quota: Fix potential NULL pointer dereference
62f5d6d56 quota: Fix rcu annotations of inode dquot pointers
668c9fa56 perf thread_map: Free strlist on normal path in thread_map__new_by_tid_str()
8a9bdc5ff drm/radeon/ni: Fix wrong firmware size logging in ni_init_microcode()
81cfe2d77 ALSA: seq: fix function cast warnings
728fe8dbb media: go7007: add check of return value of go7007_read_addr()
4263aca89 media: pvrusb2: fix pvr2_stream_callback casts
09b8efc20 drm/mediatek: dsi: Fix DSI RGB666 formats and definitions
3a8389a68 PCI: Mark 3ware-9650SE Root Port Extended Tags as broken
c44b27bbb clk: hisilicon: hi3519: Release the correct number of gates in hi3519_clk_unregister()
d56414c44 drm/tegra: put drm_gem_object ref on error in tegra_fb_create
9e305b3d7 mfd: syscon: Call of_node_put() only when of_parse_phandle() takes a ref
755b0c2f5 crypto: arm - Rename functions to avoid conflict with crypto/sha256.h
8c747becd crypto: arm/sha - fix function cast warnings
e35405b72 mtd: rawnand: lpc32xx_mlc: fix irq handler prototype
3481ac20f drm/amdgpu: Fix missing break in ATOM_ARG_IMM Case of atom_get_src_int()
772c72bc9 media: pvrusb2: fix uaf in pvr2_context_set_notify
74ae8b5d1 media: dvb-frontends: avoid stack overflow warnings with clang
161164f40 media: go7007: fix a memleak in go7007_load_encoder
df669feda drm/mediatek: Fix a null pointer crash in mtk_drm_crtc_finish_page_flip
c60f29e08 powerpc/hv-gpci: Fix the H_GET_PERF_COUNTER_INFO hcall return value checks
a61987a06 powerpc/embedded6xx: Fix no previous prototype for avr_uart_send() etc.
9b88a0185 backlight: lm3630a: Initialize backlight_properties on init
92d832c44 backlight: lm3630a: Don't set bl->props.brightness in get_brightness
40a9e41a6 backlight: da9052: Fully initialize backlight_properties during probe
be8da5ebf backlight: lm3639: Fully initialize backlight_properties during probe
0e6c9312f backlight: lp8788: Fully initialize backlight_properties during probe
d701be8fb sparc32: Fix section mismatch in leon_pci_grpci
a0167e816 ALSA: usb-audio: Stop parsing channels bits when all channels are found.
14c30d917 scsi: csiostor: Avoid function pointer casts
99aada001 scsi: bfa: Fix function pointer type mismatch for hcb_qe->cbfn
93d32a534 net: sunrpc: Fix an off by one in rpc_sockaddr2uaddr()
d87401bd2 NFS: Fix an off by one in root_nfs_cat()
ea9fa2f2d clk: qcom: gdsc: Add support to update GDSC transition delay
75ad1844d serial: max310x: fix syntax error in IRQ error message
42d789f6d tty: serial: samsung: fix tx_empty() to return TIOCSER_TEMT
94d4a326f rtc: mediatek: enhance the description for MediaTek PMIC based RTC
dbe156d42 rtc: mt6397: select IRQ_DOMAIN instead of depending on it
e6980169b serial: 8250_exar: Don't remove GPIO device on suspend
56bb77b39 staging: greybus: fix get_channel_from_mode() failure path
1f0b34bf1 usb: gadget: net2272: Use irqflags in the call to net2272_probe_fin
d8d66f8d4 net: hsr: fix placement of logical operator in a multi-line statement
06948dec8 hsr: Fix uninit-value access in hsr_get_node()
75eb301ff rds: introduce acquire/release ordering in acquire/release_in_xmit()
b697f9a4a hsr: Handle failures in module init
c82cea27c net/bnx2x: Prevent access to a freed page in page_pool
33a26b43f spi: spi-mt65xx: Fix NULL pointer access in interrupt handler
527fd73b0 crypto: af_alg - Fix regression on empty requests
24f1b0bb5 crypto: af_alg - Work around empty control messages without MSG_MORE
30a1de2f4 LTS: Update to 4.14.343
d578f54eb Revert "bpf: Declare missing identifiers"
ee9cb36cf Revert "Revert "a32: bpf: Import changes from xiaomi agate kernel""
6873481c9 a32: random32: Import changes from xiaomi agate
4f16abe5e a32: f2fs: Fix Warning-Wincompatible-pointer-types
93607373b f2fs: Fix merge oopsie
a489a1e25 KernelSU: Upstream to v0.9.4
e06ee5879 a32: Update KernelSU to v0.9.5
8cc78afc4 ARM: 9303/1: kprobes: avoid missing-declaration warnings
04bda15b5 IB/hfi1: Fix sdma.h tx->num_descs off-by-one errors
313b08c23 ALSA: jack: Fix mutex call in snd_jack_report()
7c097a5ed pinctrl: amd: Detect internal GPIO0 debounce handling
d4b179a0f btrfs: fix extent buffer leak after tree mod log failure at split_node()
b7ba6ec53 ext4: fix to check return value of freeze_bdev() in ext4_shutdown()
3d12b8beb iio: addac: stx104: Fix race condition for stx104_write_raw()
48a9d6c49 block: fix signed int overflow in Amiga partition support
0f944be12 media: v4l2-fwnode: fix v4l2_fwnode_parse_link handling
65c323dc9 selftests/ftrace: Add new test case which checks non unique symbol
0f616f512 iio: exynos-adc: request second interupt only when touchscreen mode is used
daf4b3f73 tty: Fix uninit-value access in ppp_sync_receive()
9f1fd72a1 tipc: Fix kernel-infoleak due to uninitialized TLV value
96c9bf4d5 xen/events: fix delayed eoi list handling
2157c9e71 ptp: annotate data-race around q->head and q->tail
26efb3f9c ppp: limit MRU to 64K
f61c13702 macvlan: Don't propagate promisc change to lower dev in passthru
8ed5767fe cifs: spnego: add ';' in HOST_KEY_LEN
1e78b2dc2 MIPS: KVM: Fix a build warning about variable set but not used
035bbc27f smb3: fix touch -h of symlink
a4bb03130 fbdev: stifb: Make the STI next font pointer a 32-bit signed offset
d722ed835 IB/isert: Fix unaligned immediate-data handling
cee112a50 arm64: dts: mediatek: mt8173-evb: Fix regulator-fixed node names
79e9b4861 net: check vlan filter feature in vlan_vids_add_by_dev() and vlan_vids_del_by_dev()
c7749670d pinctrl: at91-pio4: use dedicated lock class for IRQ
169941d95 btrfs: do not allow non subvolume root targets for snapshot
2b736f709 smb: client: fix OOB in smbCalcSize()
9d5a21ee0 usb: fotg210-hcd: delete an incorrect bounds test
c1fd898f4 IB/hfi1: Fix sdma.h tx->num_descs off-by-one error
c0b63def7 pinctrl: amd: Only use special debounce behavior for GPIO 0
049fbb20e PCI: qcom: Disable write access to read only registers for IP v2.3.3
bf35606e3 ASoC: cs42l51: fix driver to properly autoload with automatic module loading
3bc84acf6 x86/topology: Fix erroneous smp_num_siblings on Intel Hybrid platforms
97e8f7f08 regmap: Account for register length in SMBus I/O limits
f49d401fb sched/rt: pick_next_rt_entity(): check list_entry
9c0dc04e8 arm64: dts: qcom: msm8996: Add missing interrupt to the USB2 controller
adc3de44a MIPS: Alchemy: only build mmc support helpers if au1xmmc is enabled
4218fb662 xen-netback: use default TX queue size for vifs
0a5b0f2be r8169: fix the KCSAN reported data-race in rtl_tx while reading TxDescArray[entry].opts1
1e1b26e2f can: dev: can_restart(): don't crash kernel if carrier is OK
fb4ecda2a can: dev: can_restart(): fix race condition between controller restart and netif_carrier_on()
4a4241fee PCI: keystone: Don't discard .remove() callback
843e52e8b PCI: keystone: Don't discard .probe() callback
cfff52f88 ksmbd: fix wrong name of SMB2_CREATE_ALLOCATION_SIZE
c1d0b25c0 reset: Fix crash when freeing non-existent optional resets
74ed673f9 net/rose: fix races in rose_kill_by_device()
123e0e778 usb: musb: fix MUSB_QUIRK_B_DISCONNECT_99 handling
6fbca186a Documentation: fix little inconsistencies
d43650c30 irqchip/jcore-aic: Kill use of irq_create_strict_mappings()
f11738ef7 irqchip/jcore-aic: Fix missing allocation of IRQ descriptors
317e5ab1b nfc: constify several pointers to u8, char and sk_buff
0791b3859 nfc: llcp: fix possible use of uninitialized variable in nfc_llcp_send_connect()
0a99c9af4 hwrng: virtio - add an internal buffer
4cfe7b3f8 hwrng: virtio - don't wait on cleanup
6f4dc0a3a hwrng: virtio - don't waste entropy
4bba2403b hwrng: virtio - always add a pending request
ba57510e5 hwrng: virtio - Fix race on data_avail and actual data
0464097d4 i2c: xiic: Fix kerneldoc warnings
4e49780a7 i2c: xiic: Add timeout to the rx fifo wait loop
1b83f0c07 i2c: xiic: Change code alignment to 1 space only
dbd69198e i2c: xiic: Fix broken locking on tx_msg
4e6b46d16 i2c: xiic: Defer xiic_wakeup() and __xiic_start_xfer() in xiic_process()
6d7325965 i2c: xiic: Don't try to handle more interrupt events after error
d22ea3d17 net: tcp_input: Neaten DBGUNDO
a57e3bdef net: bcmgenet: Avoid calling platform_device_put() twice in bcmgenet_mii_exit()
f5145d98c net: bcmgenet: Ensure MDIO unregistration has clocks enabled
a70f31b68 ceph: define argument structure for handle_cap_grant
d5af139b9 ceph: don't let check_caps skip sending responses for revoke msgs
be93d7736 net: Replace the limit of TCP_LINGER2 with TCP_FIN_TIMEOUT_MAX
daaeb6442 tcp: annotate data-races around tp->linger2
34b7ba063 ext4: rename journal_dev to s_journal_dev inside ext4_sb_info
b1f8227e2 ext4: Fix reusing stale buffer heads from last failed mounting
d14e4b3b1 dlm: cleanup plock_op vs plock_xop
83f498cc6 dlm: rearrange async condition return
2fa00fbdb fs: dlm: interrupt posix locks only when process is killed
385a5c4e0 btrfs: simplify IS_ERR/PTR_ERR checks
bba6fa9dd btrfs: check for commit error at btrfs_attach_transaction_barrier()
257223775 scsi: zfcp: workqueue: set description for port work items with their WWPN as context
d9d2e6ce6 scsi: zfcp: Defer fc_rport blocking until after ADISC response
58ee6175a PM / wakeirq: support enabling wake-up irq after runtime_suspend called
4e4eedf84 PM: sleep: wakeirq: fix wake irq arming
aec250288 mmc: meson-gx: remove useless lock
4cb43404f mmc: meson-gx: remove redundant mmc_request_done() call from irq context
adb2c2bd7 nfsd4: kill warnings on testing stateids with mismatched clientids
22e6126d1 nfsd: Remove incorrect check in nfsd4_validate_stateid
4a9d9c4bd dlm: improve plock logging if interrupted
d7b2fd854 dlm: replace usage of found with dedicated list iterator variable
de9ffca74 fs: dlm: add pid to debug log
580be7677 fs: dlm: change plock interrupted message to debug again
3b36ad038 fs: dlm: use dlm_plock_info for do_unlock_close
3c3ddf1cf fs: dlm: fix mismatch of plock results from userspace
ac9f17c0c MIPS: cpu-features: Enable octeon_cache by cpu_type
7be197ac3 MIPS: cpu-features: Use boot_cpu_type for CPU type based features
b897171ca Revert "tty: serial: fsl_lpuart: drop earlycon entry for i.MX8QXP"
7d79de23b tty: serial: fsl_lpuart: add earlycon for imx8ulp platform
d92ec979c fbdev: Improve performance of sys_imageblit()
ec541e67b fbdev: Fix sys_imageblit() for arbitrary image widths
a73f518c0 fbdev: fix potential OOB read in fast_imageblit()
6dde38356 net: remove bond_slave_has_mac_rcu()
388c3f2ad bonding: fix macvlan over alb bond support
4471cae38 mwifiex: drop 'set_consistent_dma_mask' log message
aa2c13b53 mwifiex: switch from 'pci_' to 'dma_' API
0c5e8e9d9 wifi: mwifiex: fix error recovery in PCIE buffer descriptor management
51fdf910d ath9k: use irqsave() in USB's complete callback
e9575c562 wifi: ath9k: fix races between ath9k_wmi_cmd and ath9k_wmi_ctrl_rx
d5082db05 ARM: dts: BCM5301X: Harmonize EHCI/OHCI DT nodes name
081f36400 ARM: dts: BCM53573: Drop nonexistent #usb-cells
23febc8a8 drm/tegra: Remove superfluous error messages around platform_get_irq()
54a565664 drm/tegra: dpaux: Fix incorrect return value of platform_get_irq
d37535c88 dlm: fix plock lookup when using multiple lockspaces
29e4269c0 sc16is7xx: Set iobase to device index
743fc4008 serial: sc16is7xx: fix broken port 0 uart init
470bfa439 staging: typec: tcpm: Document data structures
0e8c49829 staging: typec: fix endianness mismatch identified by sparse
e44ba0127 usb: typec: add fwnode to tcpc
1d84c2814 usb: typec: tcpci: clear the fault status bit
b88ba0aa2 scsi: lpfc: remove redundant null check on eqe
8a53adb59 scsi: qla2xxx: Reinstate module parameter ql2xenablemsix
3aff99823 scsi: qla2xxx: Add option for use reserve exch for ELS
23b94b687 scsi: qla2xxx: Add protection mask module parameters
fe1bcf5ff scsi: qla2xxx: Remove unsupported ql2xenabledif option
d6f466c33 ext4: remove the 'group' parameter of ext4_trim_extent
4d7516119 ext4: add new helper interface ext4_try_to_trim_range()
36f86e38e ext4: mark group as trimmed only if it was fully scanned
67cb7285f ALSA: hda: Add Intel NUC7i3BNB to the power_save blacklist
562b1dda0 ALSA: hda - add Lenovo IdeaCentre B550 to the power_save_blacklist
a674c392a ALSA: hda: Disable power save for solving pop issue on Lenovo ThinkCentre M70q
34ac8846c libata: Add new med_power_with_dipm link_power_management_policy setting
33bab1ca3 libata: make ata_port_type const
ffea66ef1 ata: libata-core: Do not register PM operations for SAS ports
dfa6d276a net: nfc: fix races in nfc_llcp_sock_get() and nfc_llcp_sock_get_sn()
79c0f4ac0 tcp: Namespace-ify sysctl_tcp_early_retrans
7ed670f69 tcp: fix excessive TLP and RACK timeouts from HZ rounding
13966c337 tcp: batch tcp_net_metrics_exit
f8f056dc8 tcp_metrics: add missing barriers on delete
cb5bebab3 regmap: Allow missing device in regmap_name_read_file()
101564643 regmap: debugfs: Fix a erroneous check after snprintf()
e9541d8ba leds: pwm: simplify if condition
e33499858 leds: pwm: convert to atomic PWM API
7a629da21 leds: pwm: Don't disable the PWM when the LED should be off
60244ca9e ledtrig-cpu: Limit to 8 CPUs
fd78fe4f3 leds: trigger: ledtrig-cpu:: Fix 'output may be truncated' issue for 'cpu'
0bda71f72 tools: iio: privatize globals and functions in iio_generic_buffer.c file
3c9fc1c00 tools: iio: iio_generic_buffer: Fix some integer type and calculation
0adabdc59 tools: iio: iio_generic_buffer ensure alignment
7e968116b pwm: sti: Avoid conditional gotos
c8b9d3f9b pwm: sti: Reduce number of allocations and drop usage of chip_data
84cd21c49 hv_netvsc: use reciprocal divide to speed up percent calculation
814c95416 hv_netvsc: Fix race of register_netdevice_notifier and VF register
c0f31a612 ALSA: hda/realtek - Add support for ALC1220
7b7063fb4 ALSA: hda/realtek - Clevo P950ER ALC1220 Fixup
22c141869 ALSA: hda/realtek - Headset microphone and internal speaker support for System76 oryp5
0f6d406c4 ALSA: hda/realtek - Add quirk for Tuxedo XC 1509
6a521755e ALSA: hda/realtek: Enable audio jacks of ASUS D700SA with ALC887
1a8364d8b ALSA: hda/realtek - Fix microphone noise on ASUS TUF B550M-PLUS
724e9eb48 hfsplus: unmap the page in the "fail_page" label
0875e616f ALSA: hda/realtek: Headset Mic VREF to 100%
68dc57000 s390/mm: fix phys vs virt confusion in mark_kernel_pXd() functions family
bedb9f61d s390/cmma: fix detection of DAT pages
6221f4456 mtd: cfi_cmdset_0001: Support the absence of protection registers
82b52e17a mtd: cfi_cmdset_0001: Byte swap OTP info
3db3612c2 netfilter: xt_owner: Add supplementary groups option
35dae7699 netfilter: xt_owner: Fix for unsafe access of sk->sk_socket
8b68f90d1 devcoredump : Serialize devcd_del work
ebe0ad476 devcoredump: Send uevent once devcd is ready
e9119d9d9 Add Acer Aspire Ethos 8951G model quirk
cce5410c2 ALSA: hda/realtek - More constifications
26ea00cf5 ALSA: hda/realtek - Add Headset Mic supported for HP cPC
5d286483f ALSA: hda/realtek - Enable headset mic of Acer X2660G with ALC662
938fb3642 ALSA: hda/realtek - Enable the headset of Acer N50-600 with ALC662
a837b3981 ALSA: hda/realtek - The front Mic on a HP machine doesn't work
5b58e0b4f ALSA: hda/realtek: Fix the mic type detection issue for ASUS G551JW
ab50c8ffe ALSA: hda/realtek - Add headset Mic support for Lenovo ALC897 platform
639e46330 ALSA: hda/realtek - ALC897 headset MIC no sound
6ba9e4283 ALSA: hda/realtek: Add quirk for Lenovo TianYi510Pro-14IOB
bbb9c6def ALSA: hda/realtek: Enable headset onLenovo M70/M90
e56148d55 ALSA: hda/realtek: Enable headset on Lenovo M90 Gen5
3f543ff58 staging: android: ashmem: Remove use of unlikely()
301e04da8 net: warn if gso_type isn't set for a GSO SKB
9e43665ab driver: staging: count ashmem_range into SLAB_RECLAIMBLE
15477f8be net: check dev->gso_max_size in gso_features_check()
0eab3294d scsi: bnx2fc: Remove set but not used variable 'oxid'
41c3ca20f scsi: bnx2fc: Fix skb double free in bnx2fc_rcv()
8d5706a41 ANDROID: binder: Add thread->process_todo flag.
84f5fa686 binder: signal epoll threads of self-work
87138cf2c LTS: Update to 4.14.344
09047c6b7 Documentation/hw-vuln: Update spectre doc
eeb6fdc9d x86/cpu: Support AMD Automatic IBRS
eca3c137a x86/pti: Don't report XenPV as vulnerable
945e3b2e1 x86/bugs: Use sysfs_emit()
b58b20227 wifi: brcmfmac: Fix use-after-free bug in brcmf_cfg80211_detach
8fce4baee smack: Set SMACK64TRANSMUTE only for dirs in smack_inode_setxattr()
ccdd570aa smack: Handle SMACK64TRANSMUTE in smack_inode_setsecurity()
458fdfcaa ARM: dts: mmp2-brownstone: Don't redeclare phandle references
c0af7ba03 arm: dts: marvell: Fix maxium->maxim typo in brownstone dts
90e7540c9 media: xc4000: Fix atomicity violation in xc4000_get_frequency
50a63ea34 KVM: Always flush async #PF workqueue when vCPU is being destroyed
0a3f69ba4 sparc64: NMI watchdog: fix return value of __setup handler
328b3c650 crypto: qat - fix double free during reset
59b539db4 crypto: qat - resolve race condition during AER recovery
473f8786e fat: fix uninitialized field in nostale filehandles
de1632d8f ubifs: Set page uptodate in the correct place
a0bd1b76b ubi: Check for too small LEB size in VTBL code
a984690fc ubi: correct the calculation of fastmap size
949b32e61 parisc: Do not hardcode registers in checksum functions
c4578a363 parisc: Fix ip_fast_csum
601bff9ef parisc: Fix csum_ipv6_magic on 32-bit systems
2dc596088 parisc: Fix csum_ipv6_magic on 64-bit systems
c628f5fed parisc: Strip upper 32 bit of sum in csum_ipv6_magic for 64-bit builds
439a797e4 PM: suspend: Set mem_sleep_current during kernel command line setup
7ce3295be clk: qcom: mmcc-apq8084: fix terminating of frequency table arrays
cbe332862 clk: qcom: mmcc-msm8974: fix terminating of frequency table arrays
263899e6b powerpc/fsl: Fix mfpmr build errors with newer binutils
4085ae241 USB: serial: ftdi_sio: add support for GMC Z216C Adapter IR-USB
e31f86187 USB: serial: add device ID for VeriFone adapter
262ab465f USB: serial: cp210x: add ID for MGP Instruments PDS100
859c82257 USB: serial: option: add MeiG Smart SLM320 product
275e257cd USB: serial: cp210x: add pid/vid for TDK NC0110013M and MM0110113M
705478cf7 PM: sleep: wakeirq: fix wake irq warning in system suspend
5e921cf0f mmc: tmio: avoid concurrent runs of mmc_request_done()
85705bbd3 fuse: don't unhash root
2e8ff2858 PCI: Drop pci_device_remove() test of pci_dev->driver
7e585de80 PCI/PM: Drain runtime-idle callbacks before driver removal
c79815f88 Revert "Revert "md/raid5: Wait for MD_SB_CHANGE_PENDING in raid5d""
e7ff10306 dm-raid: fix lockdep waring in "pers->hot_add_disk"
4d9c2912f mmc: core: Fix switch on gp3 partition
96d89f34a hwmon: (amc6821) add of_match table
c6caf6345 ext4: fix corruption during on-line resize
c8d128f42 speakup: Fix 8bit characters from direct synth
2f5b096e4 kbuild: Move -Wenum-{compare-conditional,enum-conversion} into W=1
f9b83c90a vfio/platform: Disable virqfds on cleanup
2b619447a soc: fsl: qbman: Always disable interrupts when taking cgr_lock
e6b2eeca1 soc: fsl: qbman: Add helper for sanity checking cgr ops
54639be8f soc: fsl: qbman: Add CGR update function
7720a8714 soc: fsl: qbman: Use raw spinlock for cgr_lock
da0746edd s390/zcrypt: fix reference counting on zcrypt card objects
f3ba74cb7 drm/imx/ipuv3: do not return negative values from .get_modes()
c771aa5ff drm/vc4: hdmi: do not return negative values from .get_modes()
387e222bd memtest: use {READ,WRITE}_ONCE in memory scanning
49512d3a4 nilfs2: fix failure to detect DAT corruption in btree and direct mappings
c26cb8506 nilfs2: use a more common logging style
829fcac58 nilfs2: prevent kernel bug at submit_bh_wbc()
77e7641b6 ahci: asm1064: correct count of reported ports
6b41665ba ahci: asm1064: asm1166: don't limit reported ports
473c44636 comedi: comedi_test: Prevent timers rescheduling during deletion
0d4cc66c8 netfilter: nf_tables: disallow anonymous set with timeout flag
50f2b1178 netfilter: nf_tables: reject constant set with timeout
fd9ee2c70 xfrm: Avoid clang fortify warning in copy_to_user_tmpl()
249e1310b ALSA: hda/realtek - Fix headset Mic no show at resume back for Lenovo ALC897 platform
c46efd3b3 USB: usb-storage: Prevent divide-by-0 error in isd200_ata_command
511c82142 usb: gadget: ncm: Fix handling of zero block length packets
ff5941ceb usb: port: Don't try to peer unused USB ports based on location
4558d7de4 tty: serial: fsl_lpuart: avoid idle preamble pending if CTS is enabled
894fd3054 vt: fix memory overlapping when deleting chars in the buffer
5cf391080 mm/memory-failure: fix an incorrect use of tail pages
d03a14017 mm/migrate: set swap entry values of THP tail pages properly.
04d25ff70 wifi: mac80211: check/clear fast rx for non-4addr sta VLAN changes
e5c8ff8ec exec: Fix NOMMU linux_binprm::exec in transfer_args_to_stack()
c8e0cbe63 USB: cdc-wdm: Fix use after free in service_outstanding_interrupt().
95084df91 usb: cdc-wdm: close race between read and workqueue
57defa147 ALSA: sh: aica: Convert timers to use timer_setup()
d963b9894 ALSA: aica: Fix a long-time build breakage
e33b5889f ALSA: sh: aica: reorder cleanup operations to avoid UAF bugs
01b5a17ea fs/aio: Check IOCB_AIO_RW before the struct aio_kiocb conversion
3d22312a2 printk: Update @console_may_schedule in console_trylock_spinning()
46b2d60d2 btrfs: add define for oldest generation
eae09b5d6 btrfs: allocate btrfs_ioctl_defrag_range_args on stack
87e307bc4 Revert "loop: Check for overflow while configuring loop"
556e050ed loop: Call loop_config_discard() only after new config is applied
57778eb95 perf/core: Fix reentry problem in perf_output_read_group()
3c87200db efivarfs: Request at most 512 bytes for variable names
7a05d6da7 powerpc: xor_vmx: Add '-mhard-float' to CFLAGS
cea4f53f4 usb: dwc2: host: Fix hibernation flow
edea43d7d usb: dwc2: host: Fix ISOC flow in DDMA mode
322e75dc2 usb: udc: remove warning when queue disabled ep
4d17008f2 scsi: qla2xxx: Fix command flush on cable pull
42f4bf923 x86/cpu: Enable STIBP on AMD if Automatic IBRS is enabled
43174cdb7 scsi: lpfc: Correct size for wqe for memset()
9adb94bf3 USB: core: Fix deadlock in usb_deauthorize_interface()
dc704e008 nfc: nci: Fix uninit-value in nci_dev_up and nci_ntf_packet
cff5ae290 mptcp: add sk_stop_timer_sync helper
cec5bcbbe tcp: properly terminate timers for kernel sockets
c44f5257e Bluetooth: hci_event: set the conn encrypted before conn establishes
13fa227ba Bluetooth: Fix TOCTOU in HCI debugfs implementation
4e93c4113 netfilter: nf_tables: disallow timeout for anonymous sets
43e0ec927 Revert "x86/mm/ident_map: Use gbpages only where full GB page should be mapped."
12859c1cf mm, vmscan: prevent infinite loop for costly GFP_NOIO | __GFP_RETRY_MAYFAIL allocations
6a6667abc net: stmmac: Fix issues when number of Queues >= 4
a49b6f0b8 net: stmmac: fix rx queue priority assignment
1eb30674e net/sched: act_skbmod: prevent kernel-infoleak
383489370 selftests: reuseaddr_conflict: add missing new line at the end of the output
89538ac42 ipv6: Fix infinite recursion in fib6_dump_done().
e44341b98 staging: mmal-vchiq: Avoid use of bool in structures
9a515031a staging: mmal-vchiq: Allocate and free components as required
18f5db8db staging: mmal-vchiq: Fix client_component for 64 bit kernel
1c4597045 staging: vc04_services: changen strncpy() to strscpy_pad()
a066c3b65 staging: vc04_services: fix information leak in create_component()
b03132002 init: open /initrd.image with O_LARGEFILE
1ea92a754 ASoC: ops: Fix wraparound for mask in snd_soc_get_volsw
84444a782 ata: sata_sx4: fix pdc20621_get_from_dimm() on 64-bit
2c1192880 ata: sata_mv: Fix PCI device ID table declaration compilation warning
1ad81076f ALSA: hda/realtek: Update Panasonic CF-SZ6 quirk to support headset with microphone
e2d1020d7 wifi: ath9k: fix LNA selection in ath_ant_try_scan()
0409031a6 VMCI: Fix memcpy() run-time warning in dg_dispatch_as_host()
c08361d8f arm64: dts: rockchip: fix rk3399 hdmi ports node
c996bc187 tools/power x86_energy_perf_policy: Fix file leak in get_pkg_num()
7c7c50bc5 btrfs: handle chunk tree lookup error in btrfs_relocate_sys_chunks()
f06b8519a btrfs: export: handle invalid inode or root reference in btrfs_get_parent()
2691a116f btrfs: send: handle path ref underflow in header iterate_inode_ref()
201638656 Bluetooth: btintel: Fix null ptr deref in btintel_read_version
74a991807 Input: synaptics-rmi4 - fail probing if memory allocation for "phys" fails
9c0b02c44 sysv: don't call sb_bread() with pointers_lock held
5be51765b scsi: lpfc: Fix possible memory leak in lpfc_rcv_padisc()
52df3f229 isofs: handle CDs with bad root inode but good Joliet root directory
40a151514 media: sta2x11: fix irq handler cast
b8953be17 SUNRPC: increase size of rpc_wait_queue.qlen from unsigned short to unsigned int
76edfce4e block: prevent division by zero in blk_rq_stat_sum()
6849de810 tools: iio: replace seekdir() in iio_generic_buffer
2128534aa usb: sl811-hcd: only defined function checkdone if QUIRK2 is defined
7a9a912ad fbdev: viafb: fix typo in hw_bitblt_1 and hw_bitblt_2
b68f4d68c fbmon: prevent division by zero in fb_videomode_from_videomode()
59b2e7659 tty: n_gsm: require CAP_NET_ADMIN to attach N_GSM0710 ldisc
c34141591 virtio: reenable config if freezing device failed
0b3627258 x86/mm/pat: fix VM_PAT handling in COW mappings
df66058bd Bluetooth: btintel: Fixe build regression
ceea528ae VMCI: Fix possible memcpy() run-time warning in vmci_datagram_invoke_guest_handler()
6af66576a Revert "ext4: fix to check return value of freeze_bdev() in ext4_shutdown()"
df1701177 ext4: fix to check return value of freeze_bdev() in ext4_shutdown()
615dde416 netfilter: nftables: exthdr: fix 4-byte stack OOB write
1af7c6142 Revert "net: check vlan filter feature in vlan_vids_add_by_dev() and vlan_vids_del_by_dev()"
75260466d net: check vlan filter feature in vlan_vids_add_by_dev() and vlan_vids_del_by_dev()
cbbf92d7b LTS: Update to 4.14.345
13a48fbcd batman-adv: Avoid infinite loop trying to resize local TT
58497e0be Bluetooth: Fix memory leak in hci_req_sync_complete()
250c16c90 nouveau: fix function cast warning
3e5fe71dc geneve: fix header validation in geneve[6]_xmit_skb
b710d3ad9 ipv4/route: avoid unused-but-set-variable warning
59083d882 ipv6: fix race condition between ipv6_get_ifaddr and ipv6_del_addr
e0ece32cb net/mlx5: Properly link new fs rules into the tree
b86b78b27 tracing: hide unused ftrace_event_id_fops
bd531bd89 vhost: Add smp_rmb() in vhost_vq_avail_empty()
acfa17208 selftests: timers: Fix abs() warning in posix_timers test
76b4fd5c4 x86/apic: Force native_apic_mem_read() to use the MOV instruction
77b2eeddc selftests/ftrace: Limit length in subsystem-enable tests
0004227cc kprobes: Fix possible use-after-free issue on kprobe registration
a919dfdf7 Revert "tracing/trigger: Fix to return error if failed to alloc snapshot"
b2e91a033 netfilter: nf_tables: __nft_expr_type_get() selects specific family type
d0a0d8ac4 netfilter: nf_tables: Fix potential data-race in __nft_expr_type_get()
530e84d08 tun: limit printing rate when illegal packet received by tun dev
4dfb8daa8 drm: nv04: Fix out of bounds access
391bc8687 comedi: vmk80xx: fix incomplete endpoint checking
304dc95c2 serial/pmac_zilog: Remove flawed mitigation for rx irq flood
8dcf4b3e7 USB: serial: option: add Fibocom FM135-GL variants
fca65c206 USB: serial: option: add support for Fibocom FM650/FG650
19d105e95 USB: serial: option: add Lonsung U8300/U9300 product
151e20b9f USB: serial: option: support Quectel EM060K sub-models
8c29a98f2 USB: serial: option: add Rolling RW101-GL and RW135-GL support
3bde994c2 USB: serial: option: add Telit FN920C04 rmnet compositions
55be97561 Revert "usb: cdc-wdm: close race between read and workqueue"
35248f415 usb: dwc2: host: Fix dereference issue in DDMA completion flow.
f7174976c speakup: Avoid crash on very long word
2f72c3189 fs: sysfs: Fix reference leak in sysfs_break_active_protection()
f7fab9525 nilfs2: fix OOB in nilfs_set_de_type
8210f041d arm64: dts: rockchip: fix alphabetical ordering RK3399 puma
d61d2b05b arm64: dts: rockchip: enable internal pull-up on PCIE_WAKE# for RK3399 Puma
1e483ba6d ARC: [plat-hsdk]: Remove misplaced interrupt-cells property
b9dc63cde vxlan: drop packets from invalid src-address
391645801 mlxsw: core: Unregister EMAD trap using FORWARD action
d605dab5a NFC: trf7970a: disable all regulators on removal
f298abad2 net: usb: ax88179_178a: stop lying about skb->truesize
bd64f5b33 net: gtp: Fix Use-After-Free in gtp_dellink
40a806c61 docs: segmentation-offloads.txt: add SCTP info
fe3f19376 bpf: fix bpf_skb_adjust_net/bpf_skb_proto_xlat to deal with gso sctp skbs
0733ac675 ipvs: Fix checksumming on GSO of SCTP packets
b379d6730 i40e: Do not use WQ_MEM_RECLAIM flag for workqueue
354de1796 serial: core: Provide port lock wrappers
5d1f1b666 serial: mxs-auart: add spinlock around changing cts state
31d3c785d drm/amdgpu: restrict bo mapping within gpu address limits
a5aaa1999 amdgpu: validate offset_in_bo of drm_amdgpu_gem_va
919852cff drm/amdgpu: validate the parameters of bo mapping operations more clearly
dd33a498c Revert "crypto: api - Disallow identical driver names"
f017add06 tracing: Show size of requested perf buffer
9622bbb63 tracing: Increase PERF_MAX_TRACE_SIZE to handle Sentinel1 and docker together
8a328ad4c Bluetooth: Fix type of len in {l2cap,sco}_sock_getsockopt_old()
a9ecd5265 btrfs: fix information leak in btrfs_ioctl_logical_to_ino()
168d98baf arm64: dts: rockchip: enable internal pull-up for Q7_THRM# on RK3399 Puma
a4ba6ded0 irqchip/gic-v3-its: Prevent double free on error
6564fbc68 net: b44: set pause params only when interface is up
21eb99a49 stackdepot: respect __GFP_NOLOCKDEP allocation flag
81a97aa67 mtd: diskonchip: work around ubsan link failure
9c11831c1 idma64: Don't try to serve interrupts when device is powered off
6a510e064 i2c: add param sanity check to i2c_transfer()
0e191bc6b i2c: smbus: fix NULL function pointer dereference
38766a5c3 HID: i2c-hid: remove I2C_HID_READ_PENDING flag to prevent lock-up
9963d56f7 serial: core: fix kernel-doc for uart_port_unlock_irqrestore()
3886f1bbd net: fix unused variable warning in do_tcp_setsockopt()
dc62e86e3 Simplify major/minor non-dynamic logic
b1c29ab82 LTS: Update to 4.14.346
37687c3c1 dmaengine: pl330: issue_pending waits until WFP state
c92621832 dmaengine: Revert "dmaengine: pl330: issue_pending waits until WFP state"
1af5f1384 wifi: nl80211: don't free NULL coalescing rule
b192cc578 net: slightly optimize eth_type_trans
236bd1798 net: create netdev->dev_addr assignment helpers
40f867873 ethernet: add a helper for assigning port addresses
f9ea45b43 ethernet: Add helper for assigning packet type when dest address does not match device address
9bb9543e6 pinctrl: core: delete incorrect free in pinctrl_enable()
14c667adb power: rt9455: hide unused rt9455_boost_voltage_values
368ecf3f3 pinctrl: devicetree: fix refcount leak in pinctrl_dt_to_map()
0795eb2b7 bna: ensure the copied buf is NUL terminated
4f66b010f nsh: Restore skb->{protocol,data,mac_header} for outer header in nsh_gso_segment().
7df189a63 net l2tp: drop flow hash on forward
ffefba8f6 net: dsa: mv88e6xxx: Add number of MACs in the ATU
8adb94967 net: dsa: mv88e6xxx: Fix name of switch 88E6141
ad4e48a5d net: dsa: mv88e6xxx: Fix number of databases for 88E6141 / 88E6341
f432433ba net: bridge: fix multicast-to-unicast with fraglist GSO
ac44299fe tipc: fix a possible memleak in tipc_buf_append
625d97483 scsi: lpfc: Update lpfc_ramp_down_queue_handler() logic
56d112515 wifi: mac80211: fix ieee80211_bss_*_flags kernel-doc
0ea6b2104 net: mark racy access on sk->sk_rcvbuf
10afc6cd0 scsi: bnx2fc: Remove spin_lock_bh while releasing resources after upload
a96613014 ALSA: line6: Zero-initialize message buffers
8d6adcc5e net: bcmgenet: Reset RBUF on first open
387967064 ata: sata_gemini: Check clk_enable() result
0d6029a7f firewire: ohci: mask bus reset interrupts between ISR and bottom half
08b1f2712 tools/power turbostat: Fix added raw MSR output
6ddb7aaf7 tools/power turbostat: Fix Bzy_MHz documentation typo
70e8c9d6d scsi: target: Fix SELinux error when systemd-modules loads the target module
455b4f88c selftests: timers: Fix valid-adjtimex signed left-shift undefined behavior
36703dfa7 fs/9p: only translate RWX permissions for plain 9P2000
d4b767efe fs/9p: translate O_TRUNC into OTRUNC
a77146eab 9p: explicitly deny setlease attempts
744af73d8 gpio: wcove: Use -ENOTSUPP consistently
c1b30d645 gpio: crystalcove: Use -ENOTSUPP consistently
1d17d32f7 fs/9p: drop inodes immediately on non-.L too
8a9691095 net:usb:qmi_wwan: support Rolling modules
d29ffe5c4 tcp: remove redundant check on tskb
736f22b71 tcp: defer shutdown(SEND_SHUTDOWN) for TCP_SYN_RECV sockets
926770bc2 Bluetooth: Fix use-after-free bugs caused by sco_sock_timeout
f43f906a9 Bluetooth: l2cap: fix null-ptr-deref in l2cap_chan_timeout
59a131055 rtnetlink: Correct nested IFLA_VF_VLAN_LIST attribute validation
20881c8ca phonet: fix rtm_phonet_notify() skb allocation
7b933bf55 net: bridge: use DEV_STATS_INC()
d8712a2f0 net: bridge: fix corrupted ethernet header on multicast-to-unicast
532b58730 net/ipv6: Refactor fib6_rule_action
07cc816b5 ipv6: fib6_rules: avoid possible NULL dereference in fib6_rule_action()
f2d1d3d21 af_unix: Do not use atomic ops for unix_sk(sk)->inflight.
f6ac81a6f af_unix: Fix garbage collector racing against connect()
c7ad0e6c2 firewire: nosy: ensure user_length is taken into account when fetching packet contents
5758479d0 usb: gadget: composite: fix OS descriptors w_value logic
7b84070ec usb: gadget: f_fs: Fix a race condition when processing setup packets.
831bf286e tipc: fix UAF in error path
c7d87319b dyndbg: fix old BUG_ON in >control parser
60b119c82 drm/vmwgfx: Fix invalid reads in fence signaled events
65ceb6e88 net: fix out-of-bounds access in ops_init
5ca861909 af_unix: Suppress false-positive lockdep splat for spin_lock() in __unix_gc().
4861555a0 RDS: IB: Use DEFINE_PER_CPU_SHARED_ALIGNED for rds_ib_stats
0b0a3b80f rds: Fix build regression.
1eeabae79 LTS: Update to 4.14.347
dcab324ae Revert "selftests: mm: fix map_hugetlb failure on 64K page size systems"
0600998e2 dm: limit the number of targets and parameter size area
c7a4200fe btrfs: add missing mutex_unlock in btrfs_relocate_sys_chunks()
7c7b70ad7 serial: kgdboc: Fix NMI-safety problems from keyboard reset code
f9bb7e202 docs: kernel_include.py: Cope with docutils 0.21
c9bc0e175 LTS: Update to 4.14.348
ddcd28258 speakup: Fix sizeof() vs ARRAY_SIZE() bug
61d519599 ring-buffer: Fix a race between readers and resize checks
66143349d nilfs2: fix unexpected freezing of nilfs_segctor_sync()
235e6056b nilfs2: fix potential hang in nilfs_detach_log_writer()
7ad95b894 tty: n_gsm: fix possible out-of-bounds in gsm0_receive()
c31e8b9c1 wifi: cfg80211: fix the order of arguments for trace events of the tx_rx_evt class
7345ae208 net: usb: qmi_wwan: add Telit FN920C04 compositions
4ec5c5d77 ASoC: rt5645: Fix the electric noise due to the CBJ contacts floating
e11f068e9 ASoC: dt-bindings: rt5645: add cbj sleeve gpio property
dadc535ad ASoC: da7219-aad: fix usage of device_get_named_child_node()
c307a9249 crypto: bcm - Fix pointer arithmetic
e7a61cbcd firmware: raspberrypi: Use correct device for DMA mappings
97eb5adf4 ecryptfs: Fix buffer size for tag 66 packet
137d6e6df nilfs2: fix out-of-range warning
c08695340 parisc: add missing export of __cmpxchg_u8()
cde2707f0 crypto: ccp - Remove forward declaration
61378dac6 crypto: ccp - drop platform ifdef checks
f9683ce2a jffs2: prevent xattr node from overflowing the eraseblock
9f54210dc null_blk: Fix missing mutex_destroy() at module removal
9cd2a88ba nfsd: drop st_mutex before calling move_to_close_lru()
95bcb32dd wifi: ath10k: poll service ready message before failing
c5762a15f x86/boot: Ignore relocations in .notes sections in walk_relocs() too
0f07061c9 scsi: ufs: qcom: Perform read back after writing reset bit
41be8c789 scsi: ufs: core: Perform read back after disabling interrupts
79230193a scsi: ufs: core: Perform read back after disabling UIC_COMMAND_COMPL
6f85f8065 irqchip/alpine-msi: Fix off-by-one in allocation error path
b4ed8108d ACPI: disable -Wstringop-truncation
a54516f99 scsi: libsas: Fix the failure of adding phy with zero-address to port
3f687f88f scsi: hpsa: Fix allocation size for Scsi_Host private data
f380e23f4 wifi: ath10k: Fix an error code problem in ath10k_dbg_sta_write_peer_debug_trigger()
78be23f2d macintosh/via-macii: Remove BUG_ON assertions
0e77a81d1 m68k/mac: Add mutual exclusion for IOP interrupt polling
cc82c4f73 macintosh/via-macii, macintosh/adb-iop: Clean up whitespace
60524247f macintosh/via-macii: Fix "BUG: sleeping function called from invalid context"
02ed693cb wifi: carl9170: add a proper sanity check for endpoints
91cb161f3 wifi: ar5523: enable proper endpoint verification
9a43620e1 sh: kprobes: Merge arch_copy_kprobe() into arch_prepare_kprobe()
4670fe6b4 Revert "sh: Handle calling csum_partial with misaligned data"
882b8235a scsi: bfa: Ensure the copied buf is NUL terminated
4cd4c0ce7 scsi: qedf: Ensure the copied buf is NUL terminated
4b58fa3a5 wifi: mwl8k: initialize cmd->addr[] properly
adbe52e1f net: usb: sr9700: stop lying about skb->truesize
001e0ca6d m68k: Fix spinlock race in kernel thread creation
2283251bd m68k/mac: Use '030 reset method on SE/30
12ef778b6 m68k: mac: Fix reboot hang on Mac IIci
ec93f408f af_unix: Fix data races in unix_release_sock/unix_stream_sendmsg
8087df3e5 net: usb: smsc95xx: stop lying about skb->truesize
43919af54 net: openvswitch: fix overwriting ct original tuple for ICMPv6
275846fa6 ipv6: sr: add missing seg6_local_exit
58e36cf2f ipv6: sr: fix incorrect unregister order
59a744a06 ipv6: sr: fix invalid unregister error path
25367e35e mtd: rawnand: hynix: fixed typo
0dd8c955e fbdev: shmobile: fix snprintf truncation
898149b56 drm/mediatek: Add 0 size check to mtk_drm_gem_obj
1d3f1c17c powerpc/fsl-soc: hide unused const variable
300a33c62 media: ngene: Add dvb_ca_en50221_init return value check
a3bfe810d media: radio-shark2: Avoid led_names truncations
e9f51dd49 fbdev: sh7760fb: allow modular build
50c67823e ASoC: tracing: Export SND_SOC_DAPM_DIR_OUT to its value
50c9aabb4 x86/insn: Fix PUSH instruction in x86 instruction decoder opcode map
3167752ce ext4: avoid excessive credit estimate in ext4_tmpfile()
a37dcb9bf selftests/kcmp: Make the test output consistent and clear
4aa1e9d3c selftests/kcmp: remove unused open mode
1062d30a2 RDMA/ipoib: Fix use of sizeof()
e7f1c2b73 RDMA/IPoIB: Fix format truncation compilation errors
eba46cc9f netrom: fix possible dead-lock in nr_rt_ioctl()
a3611b6e5 af_packet: do not call packet_read_pending() from tpacket_destruct_skb()
f6d1b3f63 sched/topology: Don't set SD_BALANCE_WAKE on cpuset domain relax
73e6480d2 sched/fair: Allow disabling sched_balance_newidle with sched_relax_domain_level
0aa6bbdf7 greybus: lights: check return of get_channel_from_mode
11033b440 dmaengine: idma64: Add check for dma_set_max_seg_size
81d08a27b firmware: dmi-id: add a release callback function
2cf218497 serial: max3100: Lock port->lock when calling uart_handle_cts_change()
24e111a18 serial: max3100: Update uart_driver_registered on driver removal
3a27336af serial: max3100: Fix bitwise types
8eaf88751 greybus: arche-ctrl: move device table to its right location
2d711cd0d usb: gadget: u_audio: Clear uac pointer when freed.
883fac8ff stm class: Fix a double free in stm_register_device()
72a142018 ppdev: Add an error check in register_device
0baf78e5e extcon: max8997: select IRQ_DOMAIN instead of depending on it
98188847b f2fs: add error prints for debugging mount failure
8ebcd7357 libsubcmd: Fix parse-options memory leak
0aa772f93 Input: ims-pcu - fix printf string overflow
356493dda Input: pm8xxx-vibrator - correct VIB_MAX_LEVELS calculation
f060718ed um: Fix return value in ubd_init()
6b80f2b8b um: Add winch to winch_handlers before registering winch IRQ
f76e1f505 media: stk1160: fix bounds checking in stk1160_copy_video()
de3927c81 powerpc/pseries: Add failure related checks for h_get_mpp and h_get_ppp
ce856828a um: Fix the -Wmissing-prototypes warning for __switch_mm
e300dc089 media: cec: cec-api: add locking in cec_release()
6302c274a null_blk: Fix the WARNING: modpost: missing MODULE_DESCRIPTION()
aed8b02af x86/kconfig: Select ARCH_WANT_FRAME_POINTERS again when UNWINDER_FRAME_POINTER=y
9a21d6afc nfc: nci: Fix uninit-value in nci_rx_work
f6074072b ipv6: sr: fix memleak in seg6_hmac_init_algo
c19b3485b params: lift param_set_uint_minmax to common code
ccfe62fec tcp: Fix shift-out-of-bounds in dctcp_update_alpha().
ea4bcb4f4 openvswitch: Set the skbuff pkt_type for proper pmtud support.
9a224503b arm64: asm-bug: Add .align 2 to the end of __BUG_ENTRY
1c0181277 virtio: delete vq in vp_find_vqs_msix() when request_irq() fails
5a1955d0b net: fec: remove redundant variable 'inc'
634b042c0 net: fec: avoid lock evasion when reading pps_enable
111deb233 nfc: nci: Fix kcov check in nci_rx_work()
da67abc4b nfc: nci: Fix handling of zero-length payload packets in nci_rx_work()
b06788bdf netfilter: nfnetlink_queue: acquire rcu_read_lock() in instance_destroy_rcu()
dbbda237f spi: Don't mark message DMA mapped when no transfer in it is
449a04550 nvmet: fix ns enable/disable possible hang
874f4f993 net/mlx5e: Use rx_missed_errors instead of rx_dropped for reporting buffer exhaustion
9a3a758ff dma-buf/sw-sync: don't enable IRQ from sync_print_obj()
3fa00f5ad enic: Validate length of nl attributes in enic_set_vf_port
a346c7214 smsc95xx: remove redundant function arguments
ff4a66180 smsc95xx: use usbnet->driver_priv
9056e5c36 net: usb: smsc95xx: fix changing LED_SEL bit value updated from EEPROM
5605f5e9e net:fec: Add fec_enet_deinit()
4d8c5d0ff kconfig: fix comparison to constant symbols, 'm', 'n'
3b9efbb97 net: add DEV_STATS_READ() helper
00152a0b0 ipvlan: properly track tx_errors
5653cb5fa ipvlan: add ipvlan_route_v6_outbound() helper
d8eae1f03 ipvlan: Dont Use skb->sk in ipvlan_process_v{4,6}_outbound
e0ad1fd56 ALSA: timer: Simplify timer hw resolution calls
b4f4d4dd3 ALSA: timer: Set lower bound of start tick time
572d513ac binder: fix max_thread type inconsistency
46d0e97e2 mmc: core: Do not force a retune before RPMB switch
2d6c9ee3a fs/nilfs2: convert timers to use timer_setup()
5e209d63a nilfs2: fix use-after-free of timer for log writer thread
8a07be566 vxlan: Fix regression when dropping packets due to invalid src addresses
9191c3612 neighbour: fix unaligned access to pneigh_entry
3738708ad ata: pata_legacy: make legacy_exit() work again
4ce1edafa arm64: tegra: Correct Tegra132 I2C alias
853692b5f md/raid5: fix deadlock that raid5d() wait for itself to clear MD_SB_CHANGE_PENDING
c85b1abf0 arm64: dts: hi3798cv200: fix the size of GICR
e0cd3e555 media: mxl5xx: Move xpt structures off stack
9a3208ea4 media: v4l2-core: hold videodev_lock until dev reg, finishes
26c954164 fbdev: savage: Handle err return when savagefb_check_var failed
b131df334 netfilter: nf_tables: add nft_set_is_anonymous() helper
985385c1f netfilter: nf_tables: fix set double-free in abort path
c03d99313 netfilter: nf_tables: pass context to nft_set_destroy()
b7e2f58c8 netfilter: nftables: rename set element data activation/deactivation functions
df50864a9 netfilter: nf_tables: pass ctx to nf_tables_expr_destroy()
01681cd4b netfilter: nf_tables: drop map element references from preparation phase
4bedfbcc1 netfilter: nf_tables: don't skip expired elements during walk
e47206481 netfilter: nft_dynset: report EOPNOTSUPP on missing set feature
04a39d5a8 netfilter: nft_dynset: relax superfluous check on set updates
47dec1897 KVM: arm64: Allow AArch32 PSTATE.M to be restored as System mode
4f36a1f75 crypto: qat - Fix ADF_DEV_RESET_SYNC memory leak
96df7b244 net/9p: fix uninit-value in p9_client_rpc()
de3aacff7 intel_th: pci: Add Meteor Lake-S CPU support
1278886b1 sparc64: Fix number of online CPUs
8ee1fee1b kdb: Fix buffer overflow during tab-complete
89d5ed068 kdb: Use format-strings rather than '\0' injection in kdb_read()
6d3f734a1 kdb: Fix console handling when editing and tab-completing commands
d3197c482 kdb: Merge identical case statements in kdb_read()
e4e4caaf2 kdb: Use format-specifiers rather than memset() for padding in kdb_read()
c22a97ede sparc: move struct termio to asm/termios.h
2d5d0dadd ext4: fix mb_cache_entry's e_refcnt leak in ext4_xattr_block_cache_find()
a507c2006 nfs: fix undefined behavior in nfs_block_bits()
3da7a344e crypto: algif_aead - fix uninitialized ctx->init
b83c45f74 x86/kvm: Teardown PV features on boot CPU as well
da8f9c414 x86/kvm: Disable kvmclock on all CPUs on shutdown
849af478a x86/kvm: Disable all PV features on crash
e7cf103ed LTS: Update to 4.14.349
dfe4b8954 Revert "scsi: target: Fix SELinux error when systemd-modules loads the target module"
4fc12703c Revert "tcp: defer shutdown(SEND_SHUTDOWN) for TCP_SYN_RECV sockets"
45beff456 Revert "tcp: remove redundant check on tskb"
ce1958f3c tcp: defer shutdown(SEND_SHUTDOWN) for TCP_SYN_RECV sockets
d01b84d63 wifi: mac80211: mesh: Fix leak of mesh_preq_queue objects
7f1ae4e01 wifi: mac80211: Fix deadlock in ieee80211_sta_ps_deliver_wakeup()
4a8fbe621 wifi: iwlwifi: mvm: don't read past the mfuart notifcation
a48c56440 ipv6: sr: block BH in seg6_output_core() and seg6_input_core()
268465fe1 vxlan: Fix regression when dropping packets due to invalid src addresses
868ee6cab tcp: count CLOSE-WAIT sockets for TCP_MIB_CURRESTAB
a444e9902 ptp: Fix error message on failed pin verification
902419028 af_unix: ensure POLLOUT on remote close() for connected dgram socket
efe1e1943 af_unix: Fix a data-race in unix_dgram_peer_wake_me().
fda307d8d af_unix: Annotate data-race of sk->sk_state in unix_inq_len().
f2f6c56df af_unix: Fix data races around sk->sk_shutdown.
16d908ceb af_unix: Annotate data-races around sk->sk_state in unix_write_space() and poll().
1b608c2ee af_unix: Annotate data-races around sk->sk_state in sendmsg() and recvmsg().
09b6e784a af_unix: Annotate data-races around sk->sk_state in UNIX_DIAG.
97c8e2597 af_unix: Annotate data-race of net->unx.sysctl_max_dgram_qlen.
23d234afb af_unix: Use unix_recvq_full_lockless() in unix_stream_connect().
f442c47bb af_unix: Use skb_queue_len_lockless() in sk_diag_show_rqlen().
f2f0b2876 af_unix: Annotate data-race of sk->sk_shutdown in sk_diag_fill().
03307216f usb: gadget: f_fs: Fix race between aio_cancel() and AIO request complete
18b1bd89b serial: sc16is7xx: replace hardcoded divisor value with BIT() macro
0c93716e7 serial: sc16is7xx: fix bug in sc16is7xx_set_baud() when using prescaler
110c56b97 media: mc: mark the media devnode as registered from the, start
d40c6a2d4 selftests/mm: compaction_test: fix incorrect write of zero to nr_hugepages
7a6446ac1 selftests/mm: conform test to TAP format output
ae3354896 selftests/mm: compaction_test: fix bogus test success on Aarch64
ef43745cc nilfs2: Remove check for PageError
b2e279d41 nilfs2: return the mapped address from nilfs_get_page()
10f6675ba nilfs2: fix nilfs_empty_dir() misjudgment and long loop on I/O errors
74a932a08 USB: class: cdc-wdm: Fix CPU lockup caused by excessive log messages
cf3255307 mei: me: release irq in mei_me_pci_resume error path
194794d3e jfs: xattr: fix buffer overflow for invalid xattr
ae6cdf0ec xhci: Apply reset resume quirk to Etron EJ188 xHCI host
3994e6f20 xhci: Apply broken streams quirk to Etron EJ188 xHCI host
fbc402cc7 Input: try trimming too long modalias strings
ceb1d8b84 HID: core: remove unnecessary WARN_ON() in implement()
e51cdb7c6 iommu/amd: Fix sysfs leak in iommu init
191ba5d89 drm/bridge/panel: Fix runtime warning on panel bridge release
b8d3d49ea tcp: fix race in tcp_v6_syn_recv_sock()
7549d4228 Bluetooth: L2CAP: Fix rejecting L2CAP_CONN_PARAM_UPDATE_REQ
0d0f9a4f0 ipv6/route: Add a missing check on proc_dointvec
c2f2bb108 net/ipv6: Fix the RT cache flush via sysctl using a previous delay
93f5b7467 drivers: core: synchronize really_probe() and dev_uevent()
4ec1ac7bc drm/exynos/vidi: fix memory leak in .get_modes()
407de722b vmci: prevent speculation leaks by sanitizing event in event_deliver()
262436882 fs/proc: fix softlockup in __read_vmcore
5c7417adc ocfs2: use coarse time for new created files
c466b3a20 ocfs2: fix races between hole punching and AIO+DIO
1faf98331 dmaengine: axi-dmac: fix possible race in remove()
66018b076 intel_th: pci: Add Granite Rapids support
909b7d725 intel_th: pci: Add Granite Rapids SOC support
20fd7d713 intel_th: pci: Add Sapphire Rapids SOC support
a61651106 intel_th: pci: Add Meteor Lake-S support
ea4477e0f intel_th: pci: Add Lunar Lake support
108e09345 nilfs2: fix potential kernel bug due to lack of writeback flag waiting
e42978134 hv_utils: drain the timesync packets on onchannelcallback
bd28de604 mm/hugetlb: add mmap() encodings for 32MB and 512MB page sizes
bb9231c3a hugetlb_encode.h: fix undefined behaviour (34 << 26)
ede1128d9 usb-storage: alauda: Check whether the media is initialized
2af3ed8d8 rcutorture: Fix rcu_torture_one_read() pipe_count overflow comment
eeea0c42f batman-adv: bypass empty buckets in batadv_purge_orig_ref()
61a833a5a scsi: qedi: Fix crash while reading debugfs attribute
0e6048d0d powerpc/pseries: Enforce hcall result buffer validity and size
69dadc43b powerpc/io: Avoid clang null pointer arithmetic warnings
4184c722b usb: misc: uss720: check for incompatible versions of the Belkin F5U002
33f462560 udf: Sanitize nanoseconds for time stamps
d4a18a055 udf: Simplify calls to udf_disk_stamp_to_time
3ad4bf885 udf: udftime: prevent overflow in udf_disk_stamp_to_time()
df377e0cc MIPS: Octeon: Add PCIe link status check
42da98007 MIPS: Routerboard 532: Fix vendor retry check code
39722cf78 cipso: fix total option length computation
392de2724 netrom: Fix a memory leak in nr_heartbeat_expiry()
2ac9a0a74 xfrm6: check ip6_dst_idev() return value in xfrm6_get_saddr()
b70cacea2 virtio_net: checksum offloading handling fix
228bf4aab net: usb: rtl8150 fix unintiatilzed variables in rtl8150_get_link_ksettings
f62fbeb33 regulator: core: Fix modpost error "regulator_get_regmap" undefined
8e0876e3f dmaengine: ioatdma: Fix missing kmem_cache_destroy()
ff8a61b55 ACPICA: Revert "ACPICA: avoid Info: mapping multiple BARs. Your kernel is fine."
fa22feeac drm/radeon: fix UBSAN warning in kv_dpm.c
f40abfbae gcov: add support for GCC 14
16e25e833 ARM: dts: samsung: smdkv310: fix keypad no-autorepeat
8ff36ae29 ARM: dts: samsung: exynos4412-origen: fix keypad no-autorepeat
b342b1aa7 ARM: dts: samsung: smdk4412: fix keypad no-autorepeat
f75fe2136 PCI: Add PCI_ERROR_RESPONSE and related definitions
9290e64ae x86/amd_nb: Check for invalid SMN reads
6ab971f07 iio: dac: ad5592r-base: Replace indio_dev->mlock with own device lock
59501a48f iio: dac: ad5592r: un-indent code-block for scale read
f1cb83b9d iio: dac: ad5592r: fix temperature channel scaling value
d6aa13a7d scsi: mpt3sas: Add ioc_<level> logging macros
04a55e0ec scsi: mpt3sas: Gracefully handle online firmware update
a2bf9af2c scsi: mpt3sas: Avoid test/set_bit() operating in non-allocated memory
d95ec31c0 usb: xhci: Remove ep_trb from xhci_cleanup_halted_endpoint()
1af38ca7f xhci: Use soft retry to recover faster from transaction errors
2731bc800 xhci: Set correct transferred length for cancelled bulk transfers
908fefcce usb: xhci: do not perform Soft Retry for some xHCI hosts
03fe22ccd pinctrl: fix deadlock in create_pinctrl() when handling -EPROBE_DEFER
c0082b7e6 pinctrl: rockchip: fix pinmux bits for RK3328 GPIO2-B pins
3719b3ebf pinctrl: rockchip: fix pinmux bits for RK3328 GPIO3-B pins
1d6945931 pinctrl: rockchip: fix pinmux reset in rockchip_pmx_set
5a34695e6 drm/amdgpu: fix UBSAN warning in kv_dpm.c
3242d0cba ASoC: fsl-asoc-card: set priv->pdev before using it
02c874eaf netfilter: nf_tables: fully validate NFT_DATA_VALUE on store to data registers
0cce4cb0b net/iucv: Avoid explicit cpumask var allocation on stack
a8ba86880 ALSA: emux: improve patch ioctl data validation
2c099906d media: dvbdev: Initialize sbuf
a2cb48be7 soc: ti: wkup_m3_ipc: Send NULL dummy message instead of pointer message
640e0c749 nvme: fixup comment for nvme RDMA Provider Type
fc5f2498f i2c: ocores: stop transfer on timeout
c4d9251ff i2c: ocores: set IACK bit after core is enabled
4c08cd9d7 x86: stop playing stack games in profile_pc()
a73a1d9a9 mmc: sdhci-pci: Convert PCIBIOS_* return codes to errnos
e513847aa iio: adc: ad7266: Fix variable checking bug
47cb2ba14 net: usb: ax88179_178a: improve link status logs
150bf648e usb: gadget: printer: SS+ support
79009388b usb: musb: da8xx: fix a resource leak in probe()
649d10271 usb: atm: cxacru: fix endpoint checking in cxacru_bind()
f6417d7cc tty: mcf: MCF54418 has 10 UARTS
153d7ea8a hexagon: fix fadvise64_64 calling conventions
9e058a21a drm/nouveau/dispnv04: fix null pointer dereference in nv17_tv_get_ld_modes
86726ef1c drm/nouveau/dispnv04: fix null pointer dereference in nv17_tv_get_hd_modes
ec9125790 batman-adv: include gfp.h for GFP_* defines
5fecb450e batman-adv: Don't accept TT entries for out-of-spec VIDs
3d12f84a6 ftruncate: pass a signed offset
dd363cb19 pwm: stm32: Refuse too small period requests
35c807ab6 ipv6: annotate some data-races around sk->sk_prot
68c9b65d8 ipv6: Fix data races around sk->sk_prot.
9562ac9a2 tcp: Fix data races around icsk->icsk_af_ops.
8db580ac3 arm64: dts: rockchip: Add sound-dai-cells for RK3368
7bc9417e3 SUNRPC: Fix RPC client cleaned up the freed pipefs dentries
fdfd16e85 LTS: Update to 4.14.350
0ba842799 media: dvb: as102-fe: Fix as10x_register_addr packing
966452645 media: dvb-usb: dib0700_devices: Add missing release_firmware()
b81d5e8a0 IB/core: Implement a limit on UMAD receive List
1eb2d565f media: dw2102: Don't translate i2c read into write
2036eaffe sctp: prefer struct_size over open coded arithmetic
f8b12b874 firmware: dmi: Stop decoding on broken entry
557ae6e3c Input: ff-core - prefer struct_size over open coded arithmetic
a62c9f324 net: dsa: mv88e6xxx: Correct check for empty list
7958a0d76 media: dvb-frontends: tda18271c2dd: Remove casting during div
b4606a5c1 media: s2255: Use refcount_t instead of atomic_t for num_channels
d49a10bf4 media: dvb-frontends: tda10048: Fix integer overflow
08c22e4cd i2c: i801: Annotate apanel_addr as __ro_after_init
a7824cb1e powerpc/64: Set _IO_BASE to POISON_POINTER_DELTA not 0 for CONFIG_PCI=n
25b4c028a orangefs: fix out-of-bounds fsid access
e77ef95ac powerpc/xmon: Check cpu id in commands "c#", "dp#" and "dx#"
19d41e5ab jffs2: Fix potential illegal address access in jffs2_free_inode
95c02ae82 s390/pkey: Wipe sensitive data on failure
f1db06e9f UPSTREAM: tcp: fix DSACK undo in fast recovery to call tcp_try_to_open()
cca5a3c53 tcp_metrics: validate source addr length
2524726cd bonding: Fix out-of-bounds read in bond_option_arp_ip_targets_set()
442a1143a selftests/net: reap zerocopy completions passed up as ancillary data.
13aa2dd98 selftests: fix OOM in msg_zerocopy selftest
e1e065fee selftests: make order checking verbose in msg_zerocopy selftest
2c0f4b529 inet_diag: Initialize pad field in struct inet_diag_req_v2
8a5ca8a41 nilfs2: fix inode number range checks
1abc83034 nilfs2: add missing check for inode numbers on directory entries
4204cf991 mm: optimize the redundant loop of mm_update_owner_next()
0af7d4431 Bluetooth: Fix incorrect pointer arithmatic in ext_adv_report_evt
63cf8ac41 fsnotify: Do not generate events for O_PATH file descriptors
bcd44743e Revert "mm/writeback: fix possible divide-by-zero in wb_dirty_limits(), again"
8766d2825 drm/nouveau: fix null pointer dereference in nouveau_connector_get_modes
9a2dfd30e drm/amdgpu/atomfirmware: silence UBSAN warning
2653e700a bnx2x: Fix multiple UBSAN array-index-out-of-bounds
85aeb2c38 media: dw2102: fix a potential buffer overflow
be65cfbe8 i2c: pnx: move header into the driver
1ab106dfa i2c/busses: Convert timers to use timer_setup()
629a6f1c9 i2c: pnx: Fix potential deadlock warning from del_timer_sync() call in isr
a4529a811 nilfs2: fix incorrect inode allocation from reserved inodes
294301cde tcp: fix incorrect undo caused by DSACK of TLP retransmit
f5f0185e3 net: lantiq_etop: add blank line after declaration
75f99c7dc net: ethernet: lantiq_etop: fix double free in detach
d9a95aead ppp: reject claimed-as-LCP but actually malformed packets
1684c6282 ARM: davinci: Convert comma to semicolon
5e6c6133a USB: serial: option: add Telit generic core-dump composition
7cd02a87d USB: serial: option: add Telit FN912 rmnet compositions
3fdd6dc49 USB: serial: option: add Fibocom FM350-GL
ccc87eadd USB: serial: option: add support for Foxconn T99W651
486cc97c4 USB: serial: option: add Netprisma LCUK54 series modules
c021be8e9 USB: serial: option: add Rolling RW350-GL variants
689e29ff5 USB: Add USB_QUIRK_NO_SET_INTF quirk for START BP-850k
de836e96d usb: gadget: configfs: Prevent OOB read/write in usb_string_copy()
9a186086e USB: core: Fix duplicate endpoint bug by clearing reserved bits in the descriptor
ed2b7b844 hpet: Support 32-bit userspace
803ab9495 libceph: fix race between delayed_work() and ceph_monc_stop()
0c9515596 tcp: use signed arithmetic in tcp_rtx_probe0_timed_out()
5fc602798 nilfs2: fix kernel bug on rename operation of broken directory
9928788d8 i2c: rcar: bring hardware to known state when probing
6fd7580f9 LTS: Update to 4.14.351
2133b2356 gcc-plugins: Rename last_stmt() for GCC 14+
a204554ae scsi: qedf: Set qed_slowpath_params to zero before use
96efc945c ACPI: EC: Abort address space access upon error
0e32f9294 ACPI: EC: Avoid returning AE_OK on errors in address space handler
47729e762 wifi: mac80211: mesh: init nonpeer_pm to active by default in mesh sdata
c513959c5 wifi: mac80211: fix UBSAN noise in ieee80211_prep_hw_scan()
3a4d0acd5 Input: silead - add support for capactive home button found on some x86 tablets
7aa21f560 Input: silead - Always support 10 fingers
2ad1a19d4 ila: block BH in ila_output()
fc4d78800 kconfig: gconf: give a proper initial state to the Save button
003dfab28 kconfig: remove wrong expr_trans_bool()
54bfbb7ae fs/file: fix the check in find_next_fd()
6f4479bdb mei: demote client disconnect warning on suspend to debug
7dd08f649 wifi: cfg80211: wext: add extra SIOCSIWSCAN data check
ea15dce58 Input: elantech - fix touchpad state on resume for Lenovo N24
76c26b90e s390/sclp: Fix sclp_init() cleanup on failure
dd75f6db8 ALSA: dmaengine_pcm: terminate dmaengine before synchronize
8d5ff3f91 net: usb: qmi_wwan: add Telit FN912 compositions
5dd620c69 net: mac802154: Fix racy device stats updates by DEV_STATS_INC() and DEV_STATS_ADD()
128b1f89c Bluetooth: hci_core: cancel all works upon hci_unregister_dev()
6bda78baf fs: better handle deep ancestor chains in is_subdir()
428d862a3 spi: imx: Don't expect DMA for i.MX{25,35,50,51,53} cspi devices
9f4a01c8d selftests/vDSO: fix clang build errors and warnings
0fbbc3d68 hfsplus: fix uninit-value in copy_name
f6837fa66 filelock: Remove locks reliably when fcntl/close race is detected
37b6931d8 ARM: 9324/1: fix get_user() broken with veneer
c26621d0e ACPI: processor_idle: Fix invalid comparison with insertion sort for latency
071ff3f4e net: relax socket state check at accept time.
415deee46 ocfs2: add bounds checking to ocfs2_check_dir_entry()
8572b02cc jfs: don't walk off the end of ealist
4b0d9327d filelock: Fix fcntl/close race recovery compat path
a3c60839a LTS: Update to 4.14.352
668168aea a32: Fixup of left over conflicts
8853d26f3 a32: Nuke KernelSU
c0a79860a a32: Power: Revert cpu and gpu clocks to stock
eb7e507df bpf: Hooks for sys_sendmsg
1d3924a7a BACKPORT: bpf: enforce return code for cgroup-bpf programs
efeb400ab BACKPORT: bpf: fix unconnected udp hooks
072463190 syscall: Increase bpf fake uname to 5.4.186
271fbc850 syscall: Only fake uname on very first call of netbpfload
231dadc82 syscall: Increase fake uname to 6.6.40
8d46f25a5 BACKPORT: mm/mremap: add MREMAP_DONTUNMAP to mremap()
78f3a1476 UPSTREAM: mm: Fix MREMAP_DONTUNMAP accounting on VMA merge
deaa6c678 UPSTREAM: userfaultfd: fix remap event with MREMAP_DONTUNMAP
fd4977a72 UPSTREAM: tools headers UAPI: Sync linux/mman.h with the kernel
36d3bbc70 arch: arm64: Drop standard `__uint128_t type for vregs` in struct `fpsimd_context`
3b6ca2c78 Makefile: Enforce ld.lld as a default linker
a165eaa7f arch: arm64: configs: Disable `CONFIG_MODULE_FORCE_UNLOAD`
acc6c6234 fs: f2fs: Address incompatible pointer type
69e8e3863 arch: arm64: configs: a32_defconfig: Enable OverlayFS options
afb84c3a3 drivers/: mtk-vcu: Remove duplicated build rule
a0a011743 drivers: Fix errors about redefination of mtk symbols
679ae1d96 Don't include changes to Makefile and build_kernel.sh
650294434 Add my configs (minimal mods)
b843c9665 fair.c backport
1a297fe6c Add BORE patch
352f80fc2 fix missing line from BORE patch
c3773c02a Add BORE config file
65a79a73c Ignore my Makefile and build script
61e2fddb9 platform/chrome: cros_ec_debugfs: fix wrong EC message version
5050fe79d x86/of: Return consistent error type from x86_of_pci_irq_enable()
9e51f0e06 x86/pci/intel_mid_pci: Fix PCIBIOS_* return code handling
a57f86ed9 x86/pci/xen: Fix PCIBIOS_* return code handling
6716f0cc6 x86/platform/iosf_mbi: Convert PCIBIOS_* return codes to errnos
e1ee891d4 hwmon: (adt7475) Fix default duty on fan is disabled
0d1096496 pwm: stm32: Always do lazy disabling
5a88cb827 hwmon: (max6697) Fix underflow when writing limit attributes
0e574e87f hwmon: Introduce SENSOR_DEVICE_ATTR_{RO, RW, WO} and variants
b8000ba70 hwmon: (max6697) Auto-convert to use SENSOR_DEVICE_ATTR_{RO, RW, WO}
d36a06f12 hwmon: (max6697) Fix swapped temp{1,8} critical alarms
8a5407161 arm64: dts: rockchip: Increase VOP clk rate on RK3328
06162d74c m68k: atari: Fix TT bootup freeze / unexpected (SCU) interrupt messages
42dedf28c x86/xen: Convert comma to semicolon
b676b4009 m68k: cmpxchg: Fix return value for default case in __arch_xchg()
b6b226fd0 wifi: brcmsmac: LCN PHY code is used for BCM4313 2G-only device
4580c3cd2 net: fec: Refactor: #define magic constants
e6ecc9c50 net: fec: Fix FEC_ECR_EN1588 being cleared on link-down
5c1a884ac ipvs: Avoid unnecessary calls to skb_is_gso_sctp
b901d59bc perf: Fix perf_aux_size() for greater-than 32-bit size
d77d16ee1 perf: Prevent passing zero nr_pages to rb_alloc_aux()
151a3873c bna: adjust 'name' buf size of bna_tcb and bna_ccb structures
d38537216 media: imon: Fix race getting ictx->lock
689de5891 saa7134: Unchecked i2c_transfer function result fixed
4eddc3d71 media: v4l: vsp1: Store pipeline pointer in vsp1_entity
217faecff media: renesas: vsp1: Fix _irqsave and _irq mix
038c46d47 media: renesas: vsp1: Store RPF partition configuration per RPF instance
d12f71796 perf report: Fix condition in sort__sym_cmp()
15b96d543 drm/etnaviv: fix DMA direction handling for cached RW buffers
67bfdb15f ext4: avoid writing unitialized memory to disk in EA inodes
3495163ff sparc64: Fix incorrect function signature and add prototype for prom_cif_init
50f341399 PCI: Equalize hotplug memory and io for occupied and empty slots
478214767 PCI: Fix resource double counting on remove & rescan
997b01f24 RDMA/mlx4: Fix truncated output warning in mad.c
d536fee11 RDMA/mlx4: Fix truncated output warning in alias_GUID.c
f90fb0efb RDMA/rxe: Don't set BTH_ACK_MASK for UC or UD QPs
edf38f5ac mtd: make mtd_test.c a separate module
e2a31a7b1 Input: elan_i2c - do not leave interrupt disabled on suspend failure
1d419d93a MIPS: Octeron: remove source file executable bit
556713026 powerpc/xmon: Fix disassembly CPU feature checks
b9d021853 macintosh/therm_windtunnel: fix module unload.
b8c1dff3e bnxt_re: Fix imm_data endianness
4a81f6b1a netfilter: ctnetlink: use helper function to calculate expect ID
f84dbf4e9 pinctrl: core: fix possible memory leak when pinctrl_enable() fails
487b7c801 pinctrl: single: fix possible memory leak when pinctrl_enable() fails
678b7564f pinctrl: ti: ti-iodelay: Drop if block with always false condition
c80b3d2f7 pinctrl: ti: ti-iodelay: fix possible memory leak when pinctrl_enable() fails
7a0a2e443 pinctrl: freescale: mxs: Fix refcount of child
2acc3b1eb fs/nilfs2: remove some unused macros to tame gcc
884ead616 nilfs2: avoid undefined behavior in nilfs_cnt32_ge macro
75fa55957 tick/broadcast: Make takeover of broadcast hrtimer reliable
7bdebb7d4 net: netconsole: Disable target before netpoll cleanup
041f62d8f af_packet: Handle outgoing VLAN packets without hardware offloading
8df4457d1 ipv6: take care of scope when choosing the src addr
72c36a1bf media: venus: fix use after free in vdec_close
db3ae2a02 hfs: fix to initialize fields of hfs_inode_info after hfs_alloc_inode()
aeef1cb40 drm/gma500: fix null pointer dereference in cdv_intel_lvds_get_modes
116a514ba drm/gma500: fix null pointer dereference in psb_intel_lvds_get_modes
dc1b0f6b6 m68k: amiga: Turn off Warp1260 interrupts during boot
9155a043b ext4: check dot and dotdot of dx_root before making dir indexed
ea2c84050 ext4: make sure the first directory block is not a hole
4567ef560 wifi: mwifiex: Fix interface type change
a57ee2703 leds: ss4200: Convert PCIBIOS_* return codes to errnos
70dcb0c48 hwrng: amd - Convert PCIBIOS_* return codes to errnos
dcef5eb7d PCI: hv: Return zero, not garbage, when reading PCI_INTERRUPT_PIN
87d9a2cdb binder: fix hang of unregistered readers
b87597e15 scsi: qla2xxx: Return ENOBUFS if sg_cnt is more than one for ELS cmds
bc4e97ce5 f2fs: fix to don't dirty inode for readonly filesystem
00b4bc697 ubi: eba: properly rollback inside self_check_eba
6be96e8f9 decompress_bunzip2: fix rare decompression failure
c4d004624 scsi: qla2xxx: During vport delete send async logout explicitly
f132effce perf/x86/intel/pt: Fix topa_entry base length
60d8daf2c watchdog/perf: properly initialize the turbo mode timestamp and rearm counter
ed18fcc16 platform: mips: cpu_hwmon: Disable driver on unsupported hardware
95179da70 RDMA/iwcm: Remove a set-but-not-used variable
3ff60bb46 RDMA/iwcm: Fix a use-after-free related to destroying CM IDs
30433d386 selftests/sigaltstack: Fix ppc64 GCC build
78c7b80ab nilfs2: handle inconsistent state in nilfs_btnode_create_block()
ebed26184 kdb: Fix bound check compiler warning
df1a513c2 kdb: address -Wformat-security warnings
fa442018d kdb: Use the passed prompt in kdb_position_cursor()
60500dfe1 jfs: Fix array-index-out-of-bounds in diFree
d677ddb83 dma: fix call order in dmam_free_coherent
e827f582b MIPS: SMP-CPS: Fix address for GCR_ACCESS register for CM3 and later
b0929d465 net: ip_rt_get_source() - use new style struct initializer instead of memset
dcf7be85c ipv4: Fix incorrect source address in Record Route option
1036882b5 net: bonding: correctly annotate RCU in bond_should_notify_peers()
59d49aa72 tipc: Return non-zero value from tipc_udp_addr2str() on error
4122d7275 mISDN: Fix a use after free in hfcmulti_tx()
d5b1aa3e8 mm: avoid overflows in dirty throttling logic
af9a97abd PCI: rockchip: Make 'ep-gpios' DT property optional
88687bb9a PCI: rockchip: Use GPIOD_OUT_LOW flag while requesting ep_gpio
bed53e010 parport: parport_pc: Mark expected switch fall-through
9a79a26e0 parport: Convert printk(KERN_<LEVEL> to pr_<level>(
b9ac3617d parport: Standardize use of printmode
fc66ab300 dev/parport: fix the array out-of-bounds risk
a9033b89e driver core: Cast to (void *) with __force for __percpu pointer
0b6dc0c4c devres: Fix memory leakage caused by driver API devm_free_percpu()
cc149e5a1 perf/x86/intel/pt: Export pt_cap_get()
647c65369 perf/x86/intel/pt: Use helpers to obtain ToPA entry size
481f6fff2 perf/x86/intel/pt: Use pointer arithmetics instead in ToPA entry calculation
d6249fb2d perf/x86/intel/pt: Split ToPA metadata and page layout
7efae96e0 perf/x86/intel/pt: Fix a topa_entry base address calculation
9ae2764c1 remoteproc: imx_rproc: ignore mapping vdev regions
5f2d820ba remoteproc: imx_rproc: Fix ignoring mapping vdev regions
220ee8e27 remoteproc: imx_rproc: Skip over memory region when node value is NULL
e4bd11038 drm/vmwgfx: Fix overlay when using Screen Targets
9a18c0fa2 net/iucv: fix use after free in iucv_sock_close()
99b5d4103 ipv6: fix ndisc_is_useropt() handling for PIO
df0525b26 protect the fetch of ->fd[fd] in do_dup2() from mispredictions
6ffdf2e12 ALSA: usb-audio: Correct surround channels in UAC1 channel map
dbc9c071b net: usb: sr9700: fix uninitialized variable use in sr_mdio_read
197c06863 irqchip/mbigen: Fix mbigen node address layout
c49a65903 net: usb: qmi_wwan: fix memory leak for not ip packets
576bdd202 net: linkwatch: use system_unbound_wq
827a37914 Bluetooth: l2cap: always unlock channel in l2cap_conless_channel()
65d57df63 net: fec: Stop PPS on driver remove
ba65d0507 md/raid5: avoid BUG_ON() while continue reshape after reassembling
d8bbe66ad clocksource/drivers/sh_cmt: Address race condition for clock events
cd2da71c3 PCI: Add Edimax Vendor ID to pci_ids.h
8f1d25b2a udf: Fix signed/unsigned format specifiers
2212711dd udf: prevent integer overflow in udf_bitmap_free_blocks()
ccfe6ea88 wifi: nl80211: don't give key data to userspace
8c08b4dba btrfs: fix bitmap leak when loading free space cache on duplicate entry
2f4d588c4 media: uvcvideo: Ignore empty TS packets
85fc3f35a media: uvcvideo: Fix the bandwdith quirk on USB 3.x
9c31f9959 jbd2: avoid memleak in jbd2_journal_write_metadata_buffer
bee73909d SUNRPC: Fix a race to wake a sync task
5afd68910 ext4: fix wrong unit use in ext4_mb_find_by_goal
8394fa228 i2c: smbus: Don't filter out duplicate alerts
39533e689 i2c: smbus: Improve handling of stuck alerts
29bd629f9 i2c: smbus: Send alert notifications to all devices if source not found
07e8d7781 spi: lpspi: Switch to SPDX identifier
68a8bcdd1 spi: lpspi: Replace all "master" with "controller"
43da42527 spi: lpspi: Add slave mode support
8bd034e49 spi: lpspi: Let watermark change with send data length
af83c009b spi: lpspi: Add i.MX8 boards support for lpspi
e7b6cb42a spi: lpspi: add the error info of transfer speed setting
f7805538a spi: fsl-lpspi: remove unneeded array
98f4f1c84 spi: spi-fsl-lpspi: Fix scldiv calculation
7986c9df2 ALSA: line6: Fix racy access to midibuf
45a349d49 usb: vhci-hcd: Do not drop references before new references are gained
20263d861 USB: serial: debug: do not echo input by default
c38705ae2 usb: gadget: core: Check for unset descriptor
fe11e1623 scsi: ufs: core: Fix hba->last_dme_cmd_tstamp timestamp updating logic
f95d60cef tick/broadcast: Move per CPU pointer access into the atomic section
78ad09fa9 ntp: Clamp maxerror and esterror to operating range
bb4a220e9 driver core: Fix uevent_show() vs driver detach race
a8ef03bc3 ntp: Safeguard against time_constant overflow
1726784e2 serial: core: check uartclk for zero to avoid divide by zero
44ff2bcc3 power: supply: axp288_charger: Fix constant_charge_voltage writes
181a9c453 power: supply: axp288_charger: Round constant_charge_voltage writes down
cb97d0a7c tracing: Fix overflow in get_free_elt()
6da0ed49b x86/mtrr: Check if fixed MTRRs exist before saving them
4f7ddb1f4 drm/bridge: analogix_dp: Check AUX_EN status when doing AUX transfer
26928e4f1 drm/bridge: analogix_dp: Reset aux channel if an error occurred
20fccf863 drm/bridge: analogix_dp: Properly log AUX CH errors
3f5f70dcf drm/bridge: analogix_dp: properly handle zero sized AUX transactions
4fd139e5c drm/mgag200: Set DDC timeout in milliseconds
ee3f9c0b8 kbuild: Fix '-S -c' in x86 stack protector scripts
833e68f75 netfilter: nf_tables: set element extended ACK reporting support
67da855e8 drm/i915: Try GGTT mmapping whole object as partial
c2e1c5f32 drm/i915/gem: Fix Virtual Memory mapping boundaries calculation
9189fb771 exec: Fix ToCToU between perm check and set-uid/gid usage
e7fbfe1fe nvme/pci: Add APST quirk for Lenovo N60z laptop
94e5a64ff Revert "selftests: make order checking verbose in msg_zerocopy selftest"
9c7b24b81 Revert "selftests: fix OOM in msg_zerocopy selftest"
cb2ad64c1 Revert "selftests/net: reap zerocopy completions passed up as ancillary data."
c1c2da019 selftests: fix OOM in msg_zerocopy selftest
1331f9dd3 selftests: make order checking verbose in msg_zerocopy selftest
2fa464edd net: fix __dst_negative_advice() race
b22488640 LTS: Update to 4.14.353
f5cdd4212 f2fs: prevent newly created inode from being dirtied incorrectly
1f917089f Revert "f2fs: prevent newly created inode from being dirtied incorrectly"
f04678c80 fuse: Initialize beyond-EOF page contents before setting uptodate
956984825 ALSA: usb-audio: Support Yamaha P-125 quirk entry
b044f1bc7 dm resume: don't return EINVAL when signalled
4e7b00430 dm persistent data: fix memory allocation failure
b328a2025 include/linux/bitmap.h: make bitmap_fill() and bitmap_zero() consistent
1cae9534c selinux: fix potential counting error in avc_add_xperms_decision()
92f2861e7 drm/amdgpu: Actually check flags for all context ops.
3ba8b9392 memcg_write_event_control(): fix a user-triggerable oops
a7da230d9 s390/cio: rename bitmap_size() -> idset_bitmap_size()
599236cb4 overflow.h: Add flex_array_size() helper
9f0249e34 overflow: Implement size_t saturating arithmetic helpers
c0bfc3cea btrfs: rename bitmap_set_bits() -> btrfs_bitmap_set_bits()
3f28d2c41 atm: idt77252: prevent use after free in dequeue_rx()
9842cebc2 ssb: Fix division by zero issue in ssb_calc_clock_rate
163c129cf wifi: cw1200: Avoid processing an invalid TIM IE
9c0f802a8 staging: ks7010: disable bh on tx_dev_lock
19774c6a5 binfmt_misc: cleanup on filesystem umount
0b1721a51 scsi: spi: Fix sshdr use
f89c4b5b8 gfs2: setattr_chown: Add missing initialization
9da22033e wifi: iwlwifi: abort scan when rfkill on but device enabled
79576f061 powerpc/xics: Check return value of kasprintf in icp_native_map_one_cpu
af6379eac ext4: do not trim the group with corrupted block bitmap
f403d30a9 quota: Remove BUG_ON from dqget()
bd40f09ff media: pci: cx23885: check cx23885_vdev_init() return
3edcb5d49 fs: binfmt_elf_efpic: don't use missing interpreter's properties
5925b6929 scsi: lpfc: Initialize status local variable in lpfc_sli4_repost_sgl_list()
35d75e60b net/sun3_82586: Avoid reading past buffer in debug output
7536e3ff1 md: clean up invalid BUG_ON in md_ioctl
a56f20f34 parisc: Use irq_enter_rcu() to fix warning at kernel/context_tracking.c:367
539bee2ca powerpc/boot: Handle allocation failure in simple_realloc()
abca40d37 powerpc/boot: Only free if realloc() succeeds
a1da1ddf8 btrfs: change BUG_ON to assertion when checking for delayed_node root
26c97b39a btrfs: handle invalid root reference found in may_destroy_subvol()
8180645ae btrfs: send: handle unexpected data in header buffer in begin_cmd()
5d1b8efb0 btrfs: delete pointless BUG_ON check on quota root in btrfs_qgroup_account_extent()
dd37675eb f2fs: fix to do sanity check in update_sit_entry
41bea91e4 usb: gadget: fsl: Increase size of name buffer for endpoints
3daf68aa9 Bluetooth: bnep: Fix out-of-bound access
bd8176dfc NFS: avoid infinite loop in pnfs_update_layout.
c025f1403 openrisc: Call setup_memory() earlier in the init sequence
2ca6405af s390/iucv: fix receive buffer virtual vs physical address confusion
3fbbce866 usb: dwc3: core: Skip setting event buffers for host only controllers
0e8c21b60 irqchip/gic-v3-its: Remove BUG_ON in its_vpe_irq_domain_alloc
03c3a1c88 ext4: set the type of max_zeroout to unsigned int to avoid overflow
b9fd6b99b nvmet-rdma: fix possible bad dereference when freeing rsps
4f4acd5c1 hrtimer: Prevent queuing of hrtimer without a function callback
061409b61 gtp: pull network headers in gtp_dev_xmit()
95b8da92d block: use "unsigned long" for blk_validate_block_size().
b04f3e49e Bluetooth: Make use of __check_timeout on hci_sched_le
f68242af4 Bluetooth: hci_core: Fix not handling link timeouts propertly
ce9d851f2 Bluetooth: hci_core: Fix LE quote calculation
5e94a7bae kcm: Serialise kcm_sendmsg() for the same socket.
015c9ccc6 netfilter: nft_counter: Synchronize nft_counter_reset() against reader.
8136d5aae ipv6: prevent UAF in ip6_send_skb()
1562594a1 net: xilinx: axienet: Always disable promiscuous mode
8fd811f47 mmc: mmc_test: Fix NULL dereference on allocation failure
6d2b98e3f Bluetooth: MGMT: Add error handling to pair_device()
a1ce65902 HID: wacom: Defer calculation of resolution until resolution_code is known
d790665ef mmc: dw_mmc: allow biu and ciu clocks to defer
b9187a8de ALSA: timer: Relax start tick time check for slave timer elements
c25c29bee Bluetooth: hci_ldisc: check HCI_UART_PROTO_READY flag in HCIUARTGETPROTO
78b66807b Input: MT - limit max slots
0cd67d313 drm/amdgpu: Using uninitialized value *size when calling amdgpu_vce_cs_reloc
f9eb4f22a pinctrl: single: fix potential NULL dereference in pcs_get_function()
2792ba98f wifi: mwifiex: duplicate static structs used in driver instances
454a4588d dm suspend: return -ERESTARTSYS instead of -EINTR
566f99f8a scsi: mpt3sas: Avoid IOMMU page faults on REPORT ZONES
f62b2a185 filelock: Correct the filelock owner in fcntl_setlk/fcntl_setlk64
4f0216aa7 media: uvcvideo: Use ktime_t for timestamps
82cf36a65 media: uvcvideo: Fix integer overflow calculating timestamp
b8cdc789f cgroup/cpuset: Prevent UAF in proc_cpuset_show()
6833baeee memcg: enable accounting of ipc resources
6977f2aa6 printk: Export is_console_locked
1b23bdf2c fbcon: Prevent that screen size is smaller than font size
212cffb45 fbmem: Check virtual screen sizes in fb_set_var()
066d82b08 net:rds: Fix possible deadlock in rds_message_put
ef4900ef7 ida: Fix crash in ida_free when the bitmap is empty
9b7d3f0db net: prevent mss overflow in skb_segment()
9ab50c7ea gtp: fix a potential NULL pointer dereference
2e46ee9d9 net: busy-poll: use ktime_get_ns() instead of local_clock()
f8f6969d0 cdc-acm: Add DISABLE_ECHO quirk for GE HealthCare UI Controller
a6fba7752 USB: serial: option: add MeiG Smart SRM825L
e746e62d6 usb: dwc3: omap: add missing depopulate in probe error path
11d594cf4 usb: dwc3: core: Prevent USB core invalid event buffer address access
ae70e2110 usb: dwc3: st: fix probed platform device ref count on probe error path
dd3345c29 usb: core: sysfs: Unmerge @usb3_hardware_lpm_attr_group in remove_power_attributes()
fc8fe4cb1 scsi: aacraid: Fix double-free on probe failure
faf48721b ipc: remove memcg accounting for sops objects in do_semtimedop()
f9e63e0ef drm/fb-helper: set x/yres_virtual in drm_fb_helper_check_var
7507f68a8 LTS: Update to 4.14.354
e97d9f194 net: usb: qmi_wwan: add MeiG Smart SRM825L
f15b46fa5 usb: dwc3: st: Add of_node_put() before return in probe function
497a7d7da usb: dwc3: st: add missing depopulate in probe error path
90de42ae6 drm/amdgpu: Fix uninitialized variable warning in amdgpu_afmt_acr
24170e35b drm/amdgpu: fix overflowed array index read warning
ebabe30ba drm/amdgpu: fix ucode out-of-bounds read warning
8457bbfc2 drm/amdgpu: fix mc_data out-of-bounds read warning
e39f72d26 apparmor: fix possible NULL pointer dereference
b7407ea6f usbip: Don't submit special requests twice
4cf7daa9c smack: tcp: ipv4, fix incorrect labeling
ebf3aa832 media: uvcvideo: Enforce alignment of frame and interval
ae7818b14 block: initialize integrity buffer to zero before writing it to media
35e1ef35d udf: Limit file size to 4TB
68e602f52 ALSA: usb-audio: add boot quirk for Axe-Fx III
2b4626217 ALSA: usb-audio: Sanity checks for each pipe and EP types
de7065240 ALSA: usb-audio: Fix gpf in snd_usb_pipe_sanity_check
2cfb2aad7 sch/netem: fix use after free in netem_dequeue
723cd758e ALSA: hda/conexant: Add pincfg quirk to enable top speakers on Sirius devices
b5ddf469a mmc: dw_mmc: Fix IDMAC operation with pages bigger than 4K
eb371d867 fuse: use unsigned type for getxattr/listxattr size truncation
746ac88f1 nilfs2: fix missing cleanup on rollforward recovery error
24624863a nilfs2: fix state management in error path of log writing function
a5f91acbe ALSA: hda: Add input value sanity checks to HDMI channel map controls
e12b3c8fa smack: unix sockets: fix accept()ed socket label
0efe6e8b4 irqchip/armada-370-xp: Do not allow mapping IRQ 0 and 1
fc96b0ca4 af_unix: Remove put_pid()/put_cred() in copy_peercred().
c956ca9a4 wifi: brcmsmac: advertise MFP_CAPABLE to enable WPA3
533e8b36b media: qcom: camss: Add check for v4l2_fwnode_endpoint_parse
a0f81b89a pcmcia: Use resource_size function on resource object
94c670b91 can: bcm: Remove proc entry when dev is unregistered.
6b8488d18 igb: Fix not clearing TimeSync interrupts for 82580
ee48b2cf5 cx82310_eth: re-enable ethernet mode after router reboot
4741fadaa drivers/net/usb: Remove all strcpy() uses
cbc5ed12f net: usb: don't write directly to netdev->dev_addr
4fdfd735e usbnet: modern method to get random MAC
8b7ce92f7 rfkill: fix spelling mistake contidion to condition
eb50bbf88 iommu/vt-d: Handle volatile descriptor status read
b10a52a0e cgroup: Protect css->cgroup write under css_set_lock
bef3a573b um: line: always fill *error_out in setup_one_line()
2c98b5653 devres: Initialize an uninitialized struct member
a76b472ee pci/hotplug/pnv_php: Fix hotplug driver crash on Powernv
14bb0af93 hwmon: (adc128d818) Fix underflows seen when writing limit attributes
f2e0302ee hwmon: (lm95234) Fix underflows seen when writing limit attributes
c00f65bcf hwmon: (nct6775-core) Fix underflows seen when writing limit attributes
090de80d0 hwmon: (w83627ehf) Fix underflows seen when writing limit attributes
a7a5cddb6 wifi: mwifiex: Do not return unused priv in mwifiex_get_priv_by_id()
ccc0a12b3 smp: Add missing destroy_work_on_stack() call in smp_call_on_cpu()
4cfcd470a btrfs: replace BUG_ON with ASSERT in walk_down_proc()
17c5bfa2e btrfs: clean up our handling of refs == 0 in snapshot delete
3cd03377d PCI: Add missing bridge lock to pci_bus_lock()
f14940931 btrfs: initialize location to fix -Wmaybe-uninitialized in btrfs_lookup_dentry()
25db04c49 Input: uinput - reject requests with unreasonable number of slots
a54ff4e90 usbnet: ipheth: race between ipheth_close and error handling
e2849ef1f Squashfs: sanity check symbolic link size
f44cb98bf of/irq: Prevent device address out-of-bounds read in interrupt map walk
838dfbb0c ata: pata_macio: Use WARN instead of BUG
cbcaeab80 iio: buffer-dmaengine: fix releasing dma channel on error
00a656acd iio: fix scale application in iio_convert_raw_to_processed_unlocked
cbe117cfa nvmem: Fix return type of devm_nvmem_device_get() in kerneldoc
9af41294f VMCI: Fix use-after-free when removing resource in vmci_resource_remove()
75db99ba5 clocksource/drivers/imx-tpm: Fix return -ETIME when delta exceeds INT_MAX
886d49229 clocksource/drivers/imx-tpm: Fix next event not taking effect sometime
67220c0de uprobes: Use kzalloc to allocate xol area
b91593c0c ring-buffer: Rename ring_buffer_read() to read_buffer_iter_advance()
87c463652 tracing: Avoid possible softlockup in tracing_iter_reset()
76b85ea1f nilfs2: use time64_t internally
3f6e43ca9 nilfs2: replace snprintf in show functions with sysfs_emit
86be8b522 nilfs2: protect references to superblock parameters exposed in sysfs
f7b2da28b net: Add comment about pernet_operations methods and synchronization
bf2b2f24f netns: add pre_exit method to struct pernet_operations
975b9ae22 ACPI: processor: Return an error if acpi_processor_get_info() fails in processor_add()
533a3ccd0 ACPI: processor: Fix memory leaks in error paths of processor_add()
8be7d7c6e drm/i915/fence: Mark debug_fence_free() with __maybe_unused
3105a7b6c locking/rtmutex: Handle non enqueued waiters gracefully in remove_waiter()
39e8376d6 rtmutex: Drop rt_mutex::wait_lock before scheduling
d4fae3848 cx82310_eth: fix error return code in cx82310_bind()
a481906ef netns: restore ops before calling ops_exit_list
50a8193d7 Revert "parisc: Use irq_enter_rcu() to fix warning at kernel/context_tracking.c:367"
a534af5a1 LTS: Update to 4.14.355
b99b00419 Update BORE defconfig
ba8afe048 [FIX] Enable MTK_SCHED_BOOST
f41ad4c7a enable SCSI_MQ w/ proper BFQ config
726b6ee75 set cpu gov to conservative + APatch test config
5c1ed8a6f Update my .gitignore
aba8fafbd Add RCU Patch
ab2bb2038 Apply vm_swappiness patch
4a9df33d9 Ondemand tweaks from xanmod
4fdec314a Add patch 013-sched-core-nr_migrate-128-increases-number-of-tasks-.patch
c867bd077 Increase readahead page to 2M
1918db5ad Forgot this patch from BORE
d9d5c5fb8 Modify conservative governor from PDS patch
77008ee4a Add 300HZ config with RCU_BOOST patch + everything else
853978796 RCU No Callback on CPU 0-5
c34b00c0c test config
294b25944 Backport for KernelSU
3569a0aa0 Add KernelSU
3594f11ef Revert "Backport for KernelSU"
5a583d8aa devfreq: Introduce devfreq boost driver
9126521fa devfreq_boost: Adapt to MTK
35d908d82 DVFS Boost + Fix KernelSU config
671a4f90e mtk-gpu : Increase frequency of DVFS sampling
017d98d29 fix clang compilation for newer versions
0b50232cd Fix this spam when compiling kernel
d4772fc59 Revert "Add KernelSU"
bb908d3b2 Add config for No KernelSU build
f37862256 Add Docker config
176e2e341 Un-ignore Makefile
01150fb1a Re-add Makefile
9a98db94e syscall: Only fake uname on very first call of netbpfload
b5433e20e syscall: Increase fake uname to 6.6.40
a9f7c7da6 BACKPORT: mm/mremap: add MREMAP_DONTUNMAP to mremap()
77c52586d UPSTREAM: mm: Fix MREMAP_DONTUNMAP accounting on VMA merge
fe6c70a0e BACKPORT: mm/mremap: for MREMAP_DONTUNMAP check security_vm_enough_memory_mm()
9ee53fdec FROMLIST: mm: Extend MREMAP_DONTUNMAP to non-anonymous mappings
010c98afc BACKPORT: FROMGIT: hugetlb: pass vma into huge_pte_alloc() and huge_pmd_share()
d17271c99 BACKPORT: FROMGIT: hugetlb/userfaultfd: forbid huge pmd sharing when uffd enabled
527052b17 FROMGIT: mm/hugetlb: fix build with !ARCH_WANT_HUGE_PMD_SHARE
7cdf96fb7 FROMGIT: mm/hugetlb: move flush_hugetlb_tlb_range() into hugetlb.h
a77177271 BACKPORT: FROMGIT: hugetlb/userfaultfd: unshare all pmds for hugetlbfs when register wp
0d803a7d6 BACKPORT: FROMGIT: userfaultfd: add minor fault registration mode
6f247b2e6 FROMGIT: userfaultfd: disable huge PMD sharing for MINOR registered VMAs
5ea31382e BACKPORT: FROMGIT: userfaultfd: hugetlbfs: only compile UFFD helpers if config enabled
8b2a3e43a BACKPORT: userfaultfd/sysctl: add vm.unprivileged_userfaultfd
7ff5ccc2d BACKPORT: userfaultfd: add UFFD_USER_MODE_ONLY
fdbb66e73 UPSTREAM: userfaultfd: add user-mode only option to unprivileged_userfaultfd sysctl knob
c4cd88f7d BACKPORT: userfaultfd: prevent non-cooperative events vs mcopy_atomic races
b8c570e86 BACKPORT: FROMGIT: userfaultfd: add UFFDIO_CONTINUE ioctl
dea47d6ce BACKPORT: FROMGIT: userfaultfd: update documentation to describe minor fault handling
5d0ec2a05 BACKPORT: FROMGIT: userfaultfd: support minor fault handling for shmem
c13805483 BACKPORT: FROMLIST: userfaultfd/hugetlbfs: Fix minor fault page leak
51e178f1c FROMLIST: userfaultfd/shmem: fix minor fault page leak
a72248537 BACKPORT: f2fs: stop checkpoint when get a out-of-bounds segment
91a294a69 BACKPORT: f2fs: fix to handle segment allocation failure correctly
130bb036a Revert "syscall: Increase fake uname to 6.6.40"
2c093f554 Revert "syscall: Only fake uname on very first call of netbpfload"
2f755a769 UPSTREAM: unicode: Don't special case ignorable code points
ff0bdcece bpf: btf: refactor btf_int_bits_seq_show()
7c4ce6a64 bpf: btf: Break up btf_type_is_void()
17b019fa3 BACKPORT: bpf: split verifier and program ops
cfd29acd9 device_cgroup: add DEVCG_ prefix to ACC_* and DEV_* constants
de4a93abb device_cgroup: prepare code for bpf-based device controller This is non-functional change to prepare the device cgroup code for adding eBPF-based controller for cgroups v2.
644b5e503 bpf, cgroup: implement eBPF-based device controller for cgroup v2
01748a288 BACKPORT: bpf: remove the verifier ops from program structure
bbb054035 net: add a UID to use for ULP socket assignment
983fecc43 bpf: sockmap, add sock close() hook to remove socks
8a1444de5 BACKPORT: bpf/tracing: allow user space to query prog array on the same tp
e167c6612 bpf/tracing: fix kernel/events/core.c compilation error
9720618e3 macro: introduce COUNT_ARGS() macro
0a3c25ef7 f2fs: macro: Switch to COUNT_ARGS macro
9f980ec3e cfg80211/nl80211: macro: Switch to COUNT_ARGS macro
b4be808e0 BACKPORT: bpf: introduce BPF_RAW_TRACEPOINT
bee473db2 FROMLIST: [net-next,v2,1/2] bpf: Allow CGROUP_SKB eBPF program to access sk_buff
97d0fccf9 netfilter: x_tables: use pr ratelimiting in all remaining spots
7599ca055 netfilter: xt_conntrack: Support bit-shifting for CONNMARK & MARK targets.
650acfd4c netfilter: xt_connmark: Add bit mapping for bit-shift operation.
8e25b8a67 netfilter: xt_connmark: do not cast xt_connmark_tginfo1 to xt_connmark_tginfo2
6c00fd85c netfilter: xt_connmark: fix list corruption on rmmod
6fa4427b6 BACKPORT: bpf: Add base proto function for cgroup-bpf programs
9668f68f5 BACKPORT: flow_dissector: implements flow dissector BPF hook
9f32eb59c BACKPORT: bpf: Sysctl hook
da1c4f3af BACKPORT: bpf: create tcp_bpf_ulp allowing BPF to monitor socket TX/RX data
2df0de1fd bpf: fix pointer offsets in context for 32 bit
2a0de154d bpf: fix bpf_prog_array_copy_to_user() issues
fe6b5ac25 bpf: avoid rcu_dereference inside bpf_event_mutex lock region
095514af7 bpf: set maximum number of attached progs to 64 for a single perf tp
e6875f3bd bpf/tracing: fix a deadlock in perf_event_detach_bpf_prog
b56c3a688 bpf: introduce new bpf cpu map type BPF_MAP_TYPE_CPUMAP
ce705dc20 bpf: add helper for copying attrs to struct bpf_map
ce8b34c84 bpf: add ability to charge bpf maps memory dynamically
eef6fa9cf bpf: introduce cgroup storage maps
9ba2fd3b2 bpf: pass a pointer to a cgroup storage using pcpu variable
705681bc0 bpf: include errno.h from bpf-cgroup.h
d4014c696 BACKPORT: bpf: allocate cgroup storage entries on attaching bpf programs
7e4678fee bpf: extend bpf_prog_array to store pointers to the cgroup storage
e0cd4ff33 bpf/verifier: introduce BPF_PTR_TO_MAP_VALUE
ad7bc14a7 bpf: introduce the bpf_get_local_storage() helper function
227809a83 bpf: implement bpf_get_current_cgroup_id() helper
7f0f20bec bpf: permit CGROUP_DEVICE programs accessing helper bpf_get_current_cgroup_id()
b583b4cb2 bpf: extend cgroup bpf core to allow multiple cgroup storage types
ab0095b37 bpf: Add PTR_TO_SOCKET verifier type
202a88500 bpf: offload: ignore namespace moves
e44436f86 bpf: offload: don't require rtnl for dev list manipulation
a7b416b8a nsfs: generalize ns_get_path() for path resolution with a task
9d2417c0c nsfs: unobfuscate
67fac2361 bpf: offload: report device information for offloaded programs
6ca1839a8 bpf: offload: free program id when device disappears
21f3c8a11 bpf: offload: allow netdev to disappear while verifier is running
940f84724 bpf: rename bpf_dev_offload -> bpf_prog_offload
5a7f4b66d bpf: offload: factor out netdev checking at allocation time
75c680e7d bpf: add map_alloc_check callback
f347cbd30 bpf: offload: add map offload infrastructure
7d561945a bpf: offload: report device information about offloaded maps
9dcb42a6c bpf_obj_do_pin(): switch to vfs_mkobj(), quit abusing ->mknod()
d93060e31 new primitive: vfs_mkobj()
69d963335 nsfs: clean-up ns_get_path() signature to return int
620280fc8 bpf: btf: Add pretty print support to the basic arraymap
85e863e27 bpf: btf: Introduce BTF ID
acbf63e2d bpf: move instruction printing into a separate file
15f2e7d77 bpf: squash of log related commits
bd36a39f7 bpf: rename bpf_compute_data_end into bpf_compute_data_pointers
c3c9746c2 bpf: add meta pointer for direct access
bddc4e1d7 bpf: also improve pattern matches for meta access
bd45e557e bpf: print liveness info to verifier log
a651bf2c5 bpf: cleanup register_is_null()
8fc9752e1 bpf: introduce function calls (verification)
c3c0ec4be bpf: add support for bpf_call to interpreter
4470c3233 bpf: fix net.core.bpf_jit_enable race
be4a529db bpf: x64: add JIT support for multi-function programs
188c93141 bpf: Add bpf_patch_call_args prototype to include/linux/bpf.h
60732d5fe stop using '%pK' for /proc/kallsyms pointer values
58331ca36 /proc/module: use the same logic as /proc/kallsyms for address exposure
41a1aebaa bpf: allow for correlation of maps and helpers in dump
694bbcc35 bpf: annotate bpf_insn_print_t with __printf
6c5281b5d bpf: Remove struct bpf_verifier_env argument from print_bpf_insn
9248413f4 bpf/verifier: refine retval R0 state for bpf_get_stack helper
5cc118586 bpf: Add iterator for spilled registers
5255a801b bpf: Generalize ptr_or_null regs check
67ce5c8d8 bpf: Macrofy stack state copy
2fe28bfc0 bpf: introduce ARG_PTR_TO_MEM_OR_NULL
2fade60de bpf, verifier: detect misconfigured mem, size argument pair
51d106d22 bpf: properly enforce index mask to prevent out-of-bounds speculation
25305b506 bpf: Add reference tracking to verifier
47014eb1c bpf: decouple btf from seq bpf fs dump and enable more maps
e037a3eb8 bpf, x64: fix memleak when not converging on calls
abeac2181 bpf: fix maximum stack depth tracking logic
7e83b7e5f bpf: unify main prog and subprog
f46991c48 bpf: centre subprog information fields
a30c64794 bpf: Add gpl_compatible flag to struct bpf_prog_info
c53263cce bpf: get kernel symbol addresses via syscall
b63c4e3dd bpf: get JITed image lengths of functions via syscall
70dc147fb bpf: Append prog->aux->name in bpf_get_prog_name()
873b2b020 bpf: Expose check_uarg_tail_zero()
5c00ea1a5 bpf: fix bpf_prog_get_info_by_fd to return 0 func_lens for unpriv
56aee1088 bpf: btf: Add BTF_KIND_FUNC and BTF_KIND_FUNC_PROTO
3352ebff8 bpf: Introduce bpf_func_info
2be8ec131 bpf: btf: support proper non-jit func info
89673a423 bpf: don't leave partial mangled prog in jit_subprogs error path
91d4b3e87 bpf: Add bpf_line_info support
581a59d45 bpf: reject any prog that failed read-only lock
50e71ec49 bpf: Create a new btf_name_by_offset() for non type name use case
21152e4f3 bpf: fix a compilation error when CONFIG_BPF_SYSCALL is not defined
bc67347e0 bpf: btf: Rename btf_key_id and btf_value_id in bpf_map_info
4b478656b bpf: introduce per-cpu cgroup local storage
0d621ac81 bpf: Define cgroup_bpf_enabled for CONFIG_CGROUP_BPF=n
7c4ae3fec bpf: pass struct btf pointer to the map_check_btf() callback
84a427821 bpf: add bpffs pretty print for cgroup local storage maps
2c98b112f bpf: btf: fix struct/union/fwd types with kind_flag
53f822f7d bpf: enable cgroup local storage map pretty print with kind_flag
64e22be14 bpf: introduce bpf_spin_lock
1b950df59 SQUASH! bpf: Add a bpf_sock pointer to __sk_buff and a bpf_sk_fullsock helpe
8f6b9a791 bpf: Add helper to retrieve socket in BPF
9ed20a8d4 bpf: undo prog rejection on read-only lock failure
799da7d60 fixup: add back code missed during BPF picking
039e01969 xfrm: add documentation for xfrm device offload api
5f44fcb7e sk_buff: add skb extension infrastructure
fbebfdee7 netfilter: meta: secpath support
55e54fd40 net: move secpath_exist helper to sk_buff.h
2a54f4398 xfrm: Separate ESP handling from segmentation for GRO packets.
0071a1101 net: Add asynchronous callbacks for xfrm on layer 2.
ebe60df25 netfilter: nf_tables: add support for native socket matching
a7d7f7c22 xdp: base API for new XDP rx-queue info concept
6e4b1515a net: avoid including xdp.h in filter.h
4f74aaec3 xdp: move struct xdp_buff from filter.h to xdp.h
722a12f60 xdp: generic XDP handling of xdp_rxq_info
7e68573fd bpf: Extend the sk_lookup() helper to XDP hookpoint.
326a31ed4 bpf: Support socket lookup in CGROUP_SOCK_ADDR progs
d6754e057 bpf: Add struct bpf_tcp_sock and BPF_FUNC_tcp_sock
61a9a9af0 bpf: add writable context for raw tracepoints
42071f7fb bpf: allow map helpers access to map values directly
1555de713 bpf/verifier: add ARG_PTR_TO_UNINIT_MAP_VALUE
fd7b4adee bpf: Introduce ARG_PTR_TO_{INT,LONG} arg types
bb5d535e1 bpf: introduce BPF_F_LOCK flag
7c074521e bpf: Introduce bpf sk local storage
161b2a130 net: socket: add __sys_getsockopt() helper; remove in-kernel call to syscall
40c5d2849 net: socket: add __sys_setsockopt() helper; remove in-kernel call to syscall
adb9f35fd bpf: implement getsockopt and setsockopt hooks
d2434e9ab bpf: sockmap, refactor sockmap routines to work with hashmap
a4a55bbdc bpf: sockmap, add hash map support
9b97646b8 sockmap: convert refcnt to an atomic refcnt
393c21d4a net: do_tcp_sendpages flag to avoid SKBTX_SHARED_FRAG
0d6588585 sock: make static tls function alloc_sg generic sock helper
ec50689f9 net: generalize sk_alloc_sg to work with scatterlist rings
86ed30701 lib/scatterlist: add sg_init_marker() helper
bb4f47e84 bpf: sockmap: fix typos
d7ffa8935 bpf: sockmap, convert bpf_compute_data_pointers to bpf_*_sk_skb
71be2dd2f bpf, sockmap: convert to generic sk_msg interface
6f685064a bpf: always allocate at least 16 bytes for setsockopt hook
d6538cc5d bpf: Don't return EINVAL from {get,set}sockopt when optlen > PAGE_SIZE
234dfea85 bpf: Add bpf_verifier_vlog() and bpf_verifier_log_needed()
fb2e2fa4f bpf: implement lookup-free direct value access for maps
64d43ba18 bpf: allow helpers to return PTR_TO_SOCK_COMMON
76accbfc9 bpf: implement MAP_GET_NEXT_KEY command for LPM_TRIE map
8f647bd61 bpf: fix kernel page fault in lpm map trie_get_next_key
bbcad6bb0 bpf: Fix exact match conditions in trie_get_next_key()
12b7dc0eb BACKPORT: bpf: Fix out-of-bounds write in trie_get_next_key()
bd3fe7bae bpf: lpm_trie: check left child of last leftmost node for NULL
9de527e48 Revert "kbuild: avoid static_assert for genksyms"
8d31b884e BACKPORT: build_bug.h: add wrapper for _Static_assert
c6c08e1fe BACKPORT: userfaultfd: wp: add UFFDIO_COPY_MODE_WP
4019b8b51 BACKPORT: ANDROID: userfaultfd: add MMAP_TRYLOCK mode for COPY/ZEROPAGE
75fd1b43b BACKPORT: ANDROID: userfaultfd: abort uffdio ops if mmap_lock is contended
e61dcb78a ANDROID: GKI: Enable CONFIG_USERFAULTFD
c6aec2067 syscall: Only spoof uname for root
959b9af4b Partially revert "fixup: add back code missed during BPF picking"
75d701752 locking/atomic: Add atomic_cond_read_acquire()
fab5166ea locking/barriers: Introduce smp_cond_load_relaxed() and atomic_cond_read_relaxed()
992341be8 fixup: build errors
e83b3ff7e fix conflict
6505778e9 defconfig: set default governor to schedutil
6d104504a fixup: toolchain errors on Makefile
483ce2be6 fix conflict in filter.c
058323af6 bpd
7b5196e25 staging: iio: frequency: ad9833: Get frequency value statically
47becf430 staging: iio: frequency: ad9833: Load clock using clock framework
9a931c5c9 staging: iio: frequency: ad9834: Validate frequency parameter value
590784baf usbnet: ipheth: fix carrier detection in modes 1 and 4
957910330 net: ethernet: use ip_hdrlen() instead of bit shift
05dfa9a4c scripts: kconfig: merge_config: config files: add a trailing newline
12f8eec99 arm64: dts: rockchip: override BIOS_DISABLE signal via GPIO hog on RK3399 Puma
331b9f43a net/mlx5: Update the list of the PCI supported devices
f4a11e076 net: ftgmac100: Enable TX interrupt to avoid TX timeout
fa162fbe8 net: dpaa: Pad packets to ETH_ZLEN
10626b8f3 selftests/vm: remove call to ksft_set_plan()
c92b7781a selftests/kcmp: remove call to ksft_set_plan()
f0f793972 ASoC: allow module autoloading for table db1200_pids
670b099ea pinctrl: at91: make it work with current gpiolib
5dcb32662 microblaze: don't treat zero reserved memory regions as error
a8521c317 net: ftgmac100: Ensure tx descriptor updates are visible
f53238278 spi: bcm63xx: Enable module autoloading
fab35a73d x86/hyperv: Set X86_FEATURE_TSC_KNOWN_FREQ when Hyper-V provides frequency
a426b05a5 ocfs2: add bounds checking to ocfs2_xattr_find_entry()
34a6bce63 ocfs2: strict bound check before memcmp in ocfs2_xattr_find_entry()
eb06fdac2 gpio: prevent potential speculation leaks in gpio_device_get_desc()
0fabe624c USB: serial: pl2303: add device id for Macrosilicon MS3020
1784ad79b wifi: ath9k: fix parameter check in ath9k_init_debug()
ce2520da8 wifi: ath9k: Remove error checks when creating debugfs entries
880831c4b can: bcm: Clear bo->bcm_proc_read after remove_proc_entry().
e9ba47340 Bluetooth: btusb: Fix not handling ZPL/short-transfer
b50412d69 block, bfq: fix possible UAF for bfqq->bic with merge chain
a7e4c3868 block, bfq: don't break merge chain in bfq_split_bfqq()
ee429ac86 spi: ppc4xx: handle irq_of_parse_and_map() errors
43583fcd0 spi: ppc4xx: Avoid returning 0 when failed to parse and map IRQ
4cd70b395 ARM: versatile: fix OF node leak in CPUs prepare
8304a5eca reset: berlin: fix OF node leak in probe() error path
90705a459 clocksource/drivers/qcom: Add missing iounmap() on errors in msm_dt_timer_init()
cc392762b hwmon: (max16065) Fix overflows seen when writing limits
5e47fb94b mtd: slram: insert break after errors in parsing the map
7e8adb19a hwmon: (ntc_thermistor) fix module autoloading
ef32b570a power: supply: max17042_battery: Fix SOC threshold calc w/ no current sense
1cfcc44af fbdev: hpfb: Fix an error handling path in hpfb_dio_probe()
636918372 drm/amd: fix typo
258580452 drm/rockchip: vop: Allow 4096px width scaling
1af6b3ff2 drm/radeon/evergreen_cs: fix int overflow errors in cs track offsets
44928857f jfs: fix out-of-bounds in dbNextAG() and diAlloc()
f17bb2aab ipmi: docs: don't advertise deprecated sysfs entries
4cfcb7c59 drm/msm: fix %s null argument error
a3e8072b6 xen: use correct end address of kernel for conflict checking
ef55b2015 xen/swiotlb: simplify range_straddles_page_boundary()
471c1fb03 xen/swiotlb: add alignment check for dma buffers
797b9b5cd selftests/bpf: Fix error compiling test_lru_map.c
19d96f0b5 kthread: add kthread_work tracepoints
0daca6dfc kthread: fix task state in kthread worker if being frozen
79456c321 jbd2: introduce/export functions jbd2_journal_submit|finish_inode_data_buffers()
2e3248ddb ext4: clear EXT4_GROUP_INFO_WAS_TRIMMED_BIT even mount with discard
d50ba1973 smackfs: Use rcu_assign_pointer() to ensure safe assignment in smk_set_cipso
d6673a8b1 ext4: avoid negative min_clusters in find_group_orlov()
336c177db ext4: return error on ext4_find_inline_entry
75a642cff ext4: avoid OOB when system.data xattr changes underneath the filesystem
35b86ffef nilfs2: fix potential null-ptr-deref in nilfs_btree_insert()
623a7aebe nilfs2: determine empty node blocks as corrupted
a7caabf94 nilfs2: fix potential oob read in nilfs_btree_check_delete()
ec49d1467 perf sched timehist: Fix missing free of session in perf_sched__timehist()
dc0893355 perf sched timehist: Fixed timestamp error when unable to confirm event sched_in time
62a0c9e14 perf time-utils: Fix 32-bit nsec parsing
9b6760524 clk: rockchip: Set parent rate for DCLK_VOP clock on RK3228
e1c2c98a7 drivers: media: dvb-frontends/rtl2832: fix an out-of-bounds write error
e3d87af6a drivers: media: dvb-frontends/rtl2830: fix an out-of-bounds write error
c40daee6e PCI: xilinx-nwl: Fix register misspelling
0826c0059 RDMA/iwcm: Fix WARNING:at_kernel/workqueue.c:#check_flush_dependency
1c0b73f42 pinctrl: single: fix missing error code in pcs_probe()
bdd3efd4a clk: ti: dra7-atl: Fix leak of of_nodes
8e718b9ed pinctrl: mvebu: Fix devinit_dove_pinctrl_probe function
46ae33a91 RDMA/cxgb4: Added NULL check for lookup_atid
7ae916fad ntb: intel: Fix the NULL vs IS_ERR() bug for debugfs_create_dir()
198a39e45 nfsd: call cache_put if xdr_reserve_space returns NULL
dd73c7096 netfilter: nf_reject_ipv6: fix nf_reject_ip6_tcphdr_put()
bb12a1e60 net: qrtr: Update packets cloning when broadcasting
fd317430f netfilter: ctnetlink: compile ctnetlink_label_size with CONFIG_NF_CONNTRACK_EVENTS
d7d08e6d4 crypto: aead,cipher - zeroize key buffer after use
8b85301be soc: versatile: integrator: fix OF node leak in probe() error path
1665c2173 USB: appledisplay: close race between probe and completion handler
567586e4a USB: misc: cypress_cy7c63: check for short transfer
b80445233 tty: rp2: Fix reset with non forgiving PCIe host bridges
98f1422bd drbd: Fix atomicity violation in drbd_uuid_set_bm()
791e73404 drbd: Add NULL check for net_conf to prevent dereference in state validation
70c737179 ACPI: sysfs: validate return type of _STR method
69e96ef97 f2fs: prevent possible int overflow in dir_block_index()
aa84d3f1f f2fs: avoid potential int overflow in sanity_check_area_boundary()
b4bb6c3b5 vfs: fix race between evice_inodes() and find_inode()&iput()
dd2c3b5b9 nfs: fix memory leak in error path of nfs4_do_reclaim
d26b27183 PCI: xilinx-nwl: Use irq_data_get_irq_chip_data()
2874766f5 PCI: xilinx-nwl: Fix off-by-one in INTx IRQ handler
f99adfc9d soc: versatile: realview: fix memory leak during device remove
2ac1a0ea7 soc: versatile: realview: fix soc_dev leak during device remove
6fb2ec4eb usb: yurex: Replace snprintf() with the safer scnprintf() variant
49adb5cee USB: misc: yurex: fix race between read and write
cbd92edeb i2c: aspeed: Update the stop sw state when the bus recovery occurs
713195743 i2c: isch: Add missed 'else'
0ee4ad93a usb: yurex: Fix inconsistent locking bug in yurex_read()
09a75be33 mailbox: rockchip: fix a typo in module autoloading
e69a193bb mailbox: bcm2835: Fix timeout during suspend mode
c3d1dbba1 ceph: remove the incorrect Fw reference check when dirtying pages
13be6acc6 netfilter: nf_tables: prevent nf_skb_duplicated corruption
4c5ee090f r8152: Factor out OOB link list waits
5305a8493 net: ethernet: lantiq_etop: fix memory disclosure
745f7d524 ALSA: hda/generic: Unconditionally prefer preferred_dacs pairs
6fc53ee03 ALSA: hda/conexant: Fix conflicting quirk for System76 Pangolin
44b2193ea f2fs: Require FMODE_WRITE for atomic write ioctls
e09071300 wifi: ath9k: fix possible integer overflow in ath9k_get_et_stats()
6e3986ad4 wifi: ath9k_htc: Use __skb_set_length() for resetting urb before resubmit
2ea83d505 net: hisilicon: hip04: fix OF node leak in probe()
bbc8c0d4e net: hisilicon: hns_dsaf_mac: fix OF node leak in hns_mac_get_info()
85968fd8b net: hisilicon: hns_mdio: fix OF node leak in probe()
6c5639dfa ACPICA: Fix memory leak if acpi_ps_get_next_namepath() fails
403879af5 ACPICA: Fix memory leak if acpi_ps_get_next_field() fails
6b3ba8f14 ACPI: EC: Do not release locks during operation region accesses
d814cbd04 ACPICA: check null return of ACPI_ALLOCATE_ZEROED() in acpi_db_convert_to_package()
2c4919e91 tipc: guard against string buffer overrun
fcfad226e ipv4: Check !in_dev earlier for ioctl(SIOCSIFADDR).
e9e8d5643 ipv4: Mask upper DSCP bits and ECN bits in NETLINK_FIB_LOOKUP family
4176aa94c ACPICA: iasl: handle empty connection_node
6fe94d0a5 wifi: mwifiex: Fix memcpy() field-spanning write warning in mwifiex_cmd_802_11_scan_ext()
62af20eb4 signal: Replace BUG_ON()s
594539b86 ALSA: asihpi: Fix potential OOB array access
6118fbcd3 ALSA: hdsp: Break infinite MIDI input flush loop
247f7c955 fbdev: pxafb: Fix possible use after free in pxafb_task()
6dd5fbc02 power: reset: brcmstb: Do not go into infinite loop if reset fails
48486bfe8 ata: sata_sil: Rename sil_blacklist to sil_quirks
2b659e77b jfs: UBSAN: shift-out-of-bounds in dbFindBits
05ba2cf74 jfs: Fix uaf in dbFreeBits
0ef45179d jfs: check if leafidx greater than num leaves per dmap tree
ef7c2038f jfs: Fix uninit-value access of new_ea in ea_buffer
7c8b23d79 drm/radeon/r100: Handle unknown family in r100_cp_init_microcode()
c18e68e9b of/irq: Refer to actual buffer size in of_irq_parse_one()
b88b32b7d ext4: ext4_search_dir should return a proper error
d4074c2f7 ext4: fix i_data_sem unlock order in ext4_ind_migrate()
17c34ef17 spi: s3c64xx: fix timeout counters in flush_fifo
5dbbe2dd8 selftests: breakpoints: use remaining time to check if suspend succeed
024f29d64 selftests: vDSO: fix vDSO symbols lookup for powerpc64
b9b2771f1 i2c: xiic: Wait for TX empty to avoid missed TX NAKs
a67509d68 spi: bcm63xx: Fix module autoloading
4b4e59815 perf/core: Fix small negative period being ignored
ba5861548 ALSA: core: add isascii() check to card ID generator
04995e61d ext4: no need to continue when the number of entries is 1
ca62290d0 ext4: propagate errors from ext4_find_extent() in ext4_insert_range()
533020089 ext4: fix incorrect tid assumption in __jbd2_log_wait_for_space()
d4c9dc9f0 ext4: aovid use-after-free in ext4_ext_insert_extent()
f307531cb ext4: fix double brelse() the buffer of the extents path
3bded6c39 ext4: fix incorrect tid assumption in ext4_wait_for_tail_page_commit()
80f64bf4a of/irq: Support #msi-cells=<0> in of_msi_get_domain
e8f201883 jbd2: stop waiting for space when jbd2_cleanup_journal_tail() returns error
67f9192ee ocfs2: fix the la space leak when unmounting an ocfs2 volume
0dec72a02 ocfs2: fix uninit-value in ocfs2_get_block()
75d2905f1 ocfs2: reserve space for inline xattr before attaching reflink tree
f362e4fa0 ocfs2: cancel dqi_sync_work before freeing oinfo
88a77bef7 ocfs2: remove unreasonable unlock in ocfs2_read_blocks
500807b1e ocfs2: fix null-ptr-deref when journal load failed.
4233c5495 ocfs2: fix possible null-ptr-deref in ocfs2_set_buffer_uptodate
7ab5832b2 clk: rockchip: fix error for unknown clocks
5321cea25 media: uapi/linux/cec.h: cec_msg_set_reply_to: zero flags
95a0698a9 media: venus: fix use after free bug in venus_remove due to race condition
b413ed619 iio: magnetometer: ak8975: Fix reading for ak099xx sensors
bcf7bf36f tomoyo: fallback to realpath if symlink's pathname does not exist
d3086d887 Input: adp5589-keys - fix adp5589_gpio_get_value()
0e84af008 btrfs: wait for fixup workers before stopping cleaner kthread during umount
851fdcfff gpio: davinci: fix lazy disable
4f7124253 arm64: Add Cortex-715 CPU part definition
6ac13d0be uprobes: fix kernel info leak via "[uprobes]" vma
3ec82848f nfsd: use ktime_get_seconds() for timestamps
3d93b473c nfsd: fix delegation_blocked() to block correctly for at least 30 seconds
cc4d7c10f ext4: fix inode tree inconsistency caused by ENOMEM
e5b9494e2 tracing: Remove precision vsnprintf() check from print event
f295e34b6 virtio_console: fix misc probe bugs
ababf5545 s390/facility: Disable compile time optimization for decompressor code
80435d831 s390/mm: Add cond_resched() to cmm_alloc/free_pages()
133b4ba48 ext4: nested locking for xattr inode
0837ecb06 clk: bcm: bcm53573: fix OF node leak in init
37acf6177 i2c: i801: Use a different adapter-name for IDF adapters
2370a0ae2 media: videobuf2-core: clear memory related fields in __vb2_plane_dmabuf_put()
e5741516c usb: chipidea: udc: enable suspend interrupt after usb reset
4504654c6 tools/iio: Add memory allocation failure check for trigger_name
21e13b1d3 driver core: bus: Return -EIO instead of 0 when show/store invalid bus attribute
c38b3e51a fbdev: sisfb: Fix strbuf array overflow
d0d7cb1e2 tcp: fix tcp_enter_recovery() to zero retrans_stamp when it's safe
87de355a9 netfilter: br_netfilter: fix panic with metadata_dst skb
22bbe695d Bluetooth: RFCOMM: FIX possible deadlock in rfcomm_sk_state_change
e7168dc4a gpio: aspeed: Add the flush write to ensure the write complete.
10163baad igb: Do not bring the device up after non-fatal error
dba6a5d28 net: ibm: emac: mal: fix wrong goto
220dce552 ppp: fix ppp_async_encode() illegal access
1993f47ba CDC-NCM: avoid overflow in sanity checking
9ae95640d HID: plantronics: Workaround for an unexcepted opposite volume key
45acd73f1 Revert "usb: yurex: Replace snprintf() with the safer scnprintf() variant"
bc5524b05 usb: xhci: Fix problem with xhci resume from suspend
4295dc79e usb: storage: ignore bogus device raised by JieLi BR21 USB sound chip
328c67f51 net: Fix an unsafe loop on the list
6f55adff4 posix-clock: Fix missing timespec64 check in pc_clock_settime()
64ce0eeac arm64: probes: Remove broken LDR (literal) uprobe support
296d8feeb arm64: probes: Fix simulate_ldr*_literal()
fb1d5aaee PCI: Add function 0 DMA alias quirk for Glenfly Arise chip
0815e2c3f fat: fix uninitialized variable
01d8f67a0 KVM: Fix a data race on last_boosted_vcpu in kvm_vcpu_on_spin()
ed04a99a0 s390/sclp_vt220: Convert newlines to CRLF instead of LFCR
78e566e7f KVM: s390: Change virtual to physical address access in diag 0x258 handler
6181ea9e8 x86/cpufeatures: Define X86_FEATURE_AMD_IBPB_RET
50c52e9ac drm/vmwgfx: Handle surface check failure correctly
9818c1a68 iio: dac: stm32-dac-core: add missing select REGMAP_MMIO in Kconfig
118fabf30 iio: hid-sensors: Fix an error handling path in _hid_sensor_set_report_latency()
4bd6a89ce iio: light: opt3001: add missing full-scale range value
84f941376 Bluetooth: btusb: Fix regression with fake CSR controllers 0a12:0001
5c43cb2cb xhci: Fix incorrect stream context type macro
6d8e4e890 USB: serial: option: add support for Quectel EG916Q-GL
61e860918 USB: serial: option: add Telit FN920C04 MBIM compositions
e26e0aad3 parport: Proper fix for array out-of-bounds access
b3f6b352e x86/apic: Always explicitly disarm TSC-deadline timer
b2a1ba59f nilfs2: propagate directory read errors from nilfs_find_entry()
cb824bb4d RDMA/bnxt_re: Fix incorrect AVID type in WQE structure
1dad21eed RDMA/cxgb4: Fix RDMA_CM_EVENT_UNREACHABLE error for iWARP
083c4a701 RDMA/bnxt_re: Return more meaningful error
ba8be7978 net: ethernet: aeroflex: fix potential memory leak in greth_start_xmit_gbit()
9861d1d7e net: systemport: fix potential memory leak in bcm_sysport_xmit()
93264b3c2 Bluetooth: bnep: fix wild-memory-access in proto_unregister
6914a2c77 arm64:uprobe fix the uprobe SWBP_INSN in big-endian
e00437f33 arm64: probes: Fix uprobes for big-endian kernels
12ef25994 jfs: Fix sanity check in dbMount
4af2125a6 net/sun3_82586: fix potential memory leak in sun3_82586_send_packet()
f18fa988d be2net: fix potential memory leak in be_xmit()
4bf39eac2 net: usb: usbnet: fix name regression
f4781df67 posix-clock: posix-clock: Fix unbalanced locking in pc_clock_settime()
727a6add5 nilfs2: fix kernel bug due to missing clearing of buffer delay flag
e39ee96a6 arm64/uprobes: change the uprobe_opcode_t typedef to fix the sparse warning
ffc453395 xfrm: validate new SA's prefixlen using SA family when sel.family is unset
3d5dc9961 cgroup: Fix potential overflow issue when checking max_depth
14e65ef46 wifi: mac80211: skip non-uploaded keys in ieee80211_iter_keys
8b5499762 gtp: simplify error handling code in 'gtp_encap_enable()'
421d6a2a2 gtp: allow -1 to be specified as file description from userspace
ec6b01c3d net/sched: stop qdisc_tree_reduce_backlog on TC_H_ROOT
2a485f01c net: support ip generic csum processing in skb_csum_hwoffload_help
da4fdc9ea net: skip offload for NETIF_F_IPV6_CSUM if ipv6 header contains extension
04ad371ba netfilter: nft_payload: sanitize offset and length before calling skb_checksum()
825e9651e net: amd: mvme147: Fix probe banner message
d6c3f5f01 misc: sgi-gru: Don't disable preemption in GRU driver
5a4d16e5e usb: phy: Fix API devm_usb_put_phy() can not release the phy
5b913bada xhci: Fix Link TRB DMA in command ring stopped completion event
1e4ab9d9c Revert "driver core: Fix uevent_show() vs driver detach race"
4e0597986 wifi: mac80211: do not pass a stopped vif to the driver in .get_txpower
f06a5f9c2 wifi: iwlegacy: Clear stale interrupts before resuming device
7ef69f665 nilfs2: fix potential deadlock with newly created symlinks
2240ec14b ocfs2: pass u64 to ocfs2_truncate_inline maybe overflow
6189484e1 nilfs2: fix kernel bug due to missing clearing of checked flag
c972a6f2f LTS: Update to 4.14.356
fed1bb030 bpf: implement MAP_GET_NEXT_KEY command for LPM_TRIE map
8fb836a57 bpf: fix kernel page fault in lpm map trie_get_next_key
38c387c10 bpf: Fix exact match conditions in trie_get_next_key()
21aa873ab BACKPORT: bpf: Fix out-of-bounds write in trie_get_next_key()
904637a9d bpf: lpm_trie: check left child of last leftmost node for NULL
af8a6cd36 Revert "kbuild: avoid static_assert for genksyms"
d3dafeb63 BACKPORT: build_bug.h: add wrapper for _Static_assert
88703a71f BACKPORT: userfaultfd: wp: add UFFDIO_COPY_MODE_WP
07b6aa760 BACKPORT: ANDROID: userfaultfd: add MMAP_TRYLOCK mode for COPY/ZEROPAGE
b84262945 epoll: drop struct epoll_event definition
948a81189 gpu: arm: Use linux/build_bug.h for static_assert
458ce108a security/keys: fix slab-out-of-bounds in key_task_permission
228f9fcce ext4: Add no_sehash_xattr mount option
b928621bd Removes unused trace events and fixes block validity checks
9fda0dc71 fix build err
f4cf88be6 ext4: check journal inode extents more carefully
b8797789c add my nick:)
01d86b0a3 fs: sdfat: update to version 2.8.1 from GTS9WIFI Android14 kernel
e86df2171 a32: enable nfs
06b26c9fa fix forgotten commit for ext4/extents.c
19b5509ae bpf: add skb->queue_mapping write access from tc clsact
54613b974 net: sock: Change tx_queue_mapping in sock_common to unsigned short
6e4969d2b fix(mt6768-afe-clk): comment out idle notifier registration to prevent crashes
9783980f2 Revert "BACKPORT: binderfs: add extended_error feature entry"
fce780b47 Revert "BACKPORT: binderfs: add support for feature files"
5674931b3 Revert "binder: fix unused alloc->free_async_space"
d4c903e2b Revert "binder: fix race between mmput() and do_exit()"
7530870e1 Revert "binder: fix async space check for 0-sized buffers"
cabc20a7f Revert "binder: fix comment on binder_alloc_new_buf() return value"
315879223 Revert "android: binder: Rate-limit debug and userspace triggered err msgs"
38a833daf Revert "binder_alloc: Disable debug logging by default"
69264075b Revert "binder: fix hang of unregistered readers"
214606ab9 Revert "binder: fix max_thread type inconsistency"
585b68d37 Revert "binder: signal epoll threads of self-work"
1960dad90 Revert "android: binder: Rate-limit debug and userspace triggered err msgs"
c0adbb7d5 Revert "binder: fix test regression due to sender_euid change"
969341562 Revert "UPSTREAM: binder: use euid from cred instead of using task"
fe6575f9b Revert "UPSTREAM: binder: fix null deref of proc->context"
cee026582 Revert "UPSTREAM: binder: prevent UAF for binderfs devices II"
94af0b7bb Revert "binder: Disable debug mask"
584c32d4c Revert "binder: fix memory leak in binder_init()"
808c5b39b Revert "binder: fix async_free_space accounting for empty parcels"
3b7089441 Revert "binder: Don't use mmput() from shrinker function."
2417fdeaf Revert "binder: fix test regression due to sender_euid change"
04e5d4926 Revert "binder: use euid from cred instead of using task"
9b88dd73d Revert "binder: Prevent context manager from incrementing ref 0"
2f26457f1 mt6768:gpufreq_core: oc gpu
31be5bb6c overclock: Reduce CPU speeds back down, Its very inefficient and sucks battery like crazy
dc81ecd59 a32:add ksu defconfig and tweaks for less memory usage and other optimizations
f7456bf8c mt6768: reduce cpufreq to 2ghz small 2.2ghz big
57e40745b fix big core 2.2ghz and re-enable bore along with other optimization
b78ad1f4c integrate ksu manually
c3b58193e Revert "integrate ksu manually"
b8f57e969 a32: disable lowram tweaks
7b16ca3df integrate ksu manually
8ac179377 Revert "overclock: Reduce CPU speeds back down, Its very inefficient and sucks battery like crazy"
f8c306c6b Revert "Add patch 013-sched-core-nr_migrate-128-increases-number-of-tasks-.patch"
8324a4d4f Revert "Increase readahead page to 2M"
8e7c1e2b5 Revert "mt6768:gpufreq_core: oc gpu"
02d57ff14 a32: turn off some boost configs that make the phone lag =)
76a7b122a mt6768:gpufreq: oc gpu 1.3ghz & change max idx to 0
b0483ed31 integrate sukisu ultra main branch
